idx,pid,scene,saliency,event_time_s,delay_a_ms,delay_c_thr_ms,delay_c_deriv_ms,delay_c_ms,delay_b_ms,a_valid,c_valid,b_valid,delay_a_ch0_ms,delay_a_ch1_ms,delay_a_ch2_ms,delay_a_ch3_ms,delay_a_ch4_ms,delay_a_ch5_ms,delay_a_ch6_ms,delay_a_ch7_ms,delay_a_ch8_ms
0,100002,positive,low,4.791,352.0,,,,,True,False,False,,,,,,,,,352.0
1,100002,positive,high,15.456,39.0,2106.0,2056.0,2106.0,2067.0,False,True,True,,,,39.0,,,,,
2,100002,positive,high,23.308,80.0,,,,,False,False,False,162.0,,100.0,80.0,111.0,,90.0,90.0,
3,100002,positive,high,29.896,,,,,,False,False,False,,,,,,,,,
4,100002,positive,high,30.506,451.0,,,,,True,False,False,451.0,,,,,,,,
5,100002,positive,high,31.98,367.0,4522.0,4471.5,4522.0,4155.0,True,True,True,,,367.0,,,,458.0,458.0,512.0
6,100002,positive,low,34.973,234.0,1510.0,1459.5001220703125,1510.0,1276.0,True,True,True,,,234.0,,,,,,432.0
7,100002,positive,low,43.262,,,,,,False,False,False,,,,,,,,,
8,100002,positive,low,49.489,237.0,,,,,True,False,False,237.0,,,,,,,,249.0
9,100002,positive,low,49.985,104.0,,,,,True,False,False,104.0,,,,,,,,
10,100002,positive,low,54.115,222.0,,,,,True,False,False,,,,222.0,,,,,
11,100002,positive,high,54.98,273.0,,,,,True,False,False,273.0,473.0,,,,,,,
12,100002,positive,low,65.019,20.0,,,,,False,False,False,,,,20.0,,,,,
13,100002,positive,high,72.602,25.0,,,,,False,False,False,,,,25.0,,,,,
14,100003,positive,high,1.382,,827.0,777.0,827.0,,False,True,False,,,,,,,,,
15,100003,positive,high,2.749,129.0,8.0,58.000003814697266,8.0,-121.0,True,False,False,129.0,327.0,165.0,144.0,,,,,
16,100003,positive,high,4.402,10.0,,1153.0,1153.0,1143.0,False,True,True,,,,,,,10.0,10.0,
17,100003,positive,low,4.995,48.0,,553.0,553.0,505.0,False,True,True,,,48.0,,,,,,
18,100003,positive,low,7.316,58.0,,152.00001525878906,152.00001525878906,94.00001525878906,False,False,False,85.0,,,58.0,,156.0,151.0,151.0,498.0
19,100003,positive,low,10.007,63.0,1809.0,,1809.0,1746.0,False,True,True,98.0,441.0,,63.0,557.0,,,,404.0
20,100003,positive,low,11.62,10.0,108.0,4861.0,108.0,98.0,False,False,False,149.0,298.0,,10.0,38.0,,10.0,10.0,
21,100003,positive,low,13.656,439.0,2003.0,2753.0,2003.0,1564.0,True,True,True,,,,,,,439.0,439.0,
22,100003,positive,low,14.902,10.0,902.0,1552.0,902.0,892.0,False,True,True,,,44.0,,,121.0,10.0,10.0,10.0
23,100003,positive,high,15.376,,901.0,1051.0,901.0,,False,True,False,,,,,,,,,
24,100003,positive,high,23.396,34.0,,,,,False,False,False,34.0,,49.0,124.0,,42.0,34.0,34.0,176.0
25,100003,positive,low,25.839,91.0,4613.0,4663.5,4613.0,4522.0,False,True,True,280.0,,,91.0,,,336.0,336.0,
26,100003,positive,low,25.854,76.0,4613.0,4663.5,4613.0,4537.0,False,True,True,265.0,,,76.0,,,321.0,321.0,
27,100003,positive,high,35.04,10.0,,1356.0,1356.0,1346.0,False,True,True,,,,10.0,,,,,
28,100003,positive,low,37.135,69.0,,154.0,154.0,85.0,False,False,False,,,96.0,,,134.0,69.0,69.0,141.0
29,100003,positive,high,37.383,67.0,,54.0,54.0,-13.0,False,False,False,,,67.0,,,201.0,202.0,202.0,
30,100003,positive,low,45.72,,909.0,158.0,909.0,,False,True,False,,,,,,,,,
31,100003,positive,high,50.444,123.0,,,,,True,False,False,,,242.0,,,,123.0,123.0,
32,100003,positive,high,52.66,25.0,3704.0,3754.0,3704.0,3679.0,False,True,True,,,304.0,,167.0,,483.0,483.0,25.0
33,100003,positive,high,55.018,115.0,1403.0,1352.9998779296875,1403.0,1288.0,True,True,True,,,,,,115.0,,,167.0
34,100003,positive,high,60.088,428.0,2509.0,2058.499755859375,2509.0,2081.0,True,True,True,,,,,,,,,428.0
35,100003,positive,low,70.107,,,2556.0,2556.0,,False,True,False,,,,,,,,,
36,100003,positive,low,75.312,263.0,,,,,True,False,False,,,263.0,,,,,,337.0
37,100003,positive,high,77.024,27.0,,,,,False,False,False,,,27.0,,,158.0,,,
38,100003,positive,low,77.069,114.0,,,,,True,False,False,,,,,,114.0,,,
39,100003,positive,low,79.728,30.0,2929.0,3079.500244140625,2929.0,2899.0,False,True,True,,,,,87.0,,30.0,30.0,
40,100003,positive,high,80.646,93.0,2028.0001220703125,2178.500244140625,2028.0001220703125,1935.0001220703125,False,True,True,,,,165.0,423.0,,147.0,147.0,93.0
41,100003,positive,high,95.613,405.0,3724.0,3474.0,3724.0,3319.0,True,True,True,,,,,,405.0,,,
42,100003,positive,high,97.07,147.0,2217.0,1967.0,2217.0,2070.0,True,True,True,,,147.0,,,,,,463.0
65,100006,negative,high,5.03,,1505.0,1255.0,1505.0,,False,True,False,,,,,,,,,
66,100006,negative,high,8.037,,4642.0,2675.0,4642.0,,False,True,False,,,,,,,,,
67,100006,negative,high,9.934,307.0,823.0,773.0,823.0,516.0,True,True,True,,307.0,,,,,,,
68,100006,negative,high,15.038,10.0,1318.0,464.0,1318.0,1308.0,False,True,True,95.0,,204.0,10.0,,,,,
69,100006,negative,high,22.113,,,2263.5,2263.5,,False,True,False,,,,,,,,,
70,100006,negative,high,26.338,,,58.5,58.5,,False,False,False,,,,,,,,,
71,100006,negative,low,30.09,,1416.0,1365.5,1416.0,,False,True,False,,,,,,,,,
72,100006,negative,high,31.924,,7.0,57.0,7.0,,False,False,False,,,,,,,,,
73,100006,negative,low,32.879,190.0,,57.0,57.0,-133.0,True,False,False,,309.0,,,,190.0,280.0,280.0,305.0
74,100006,negative,high,36.097,189.0,1116.0,1066.0,1116.0,927.0,True,True,True,,,189.0,,,,,,
75,100006,negative,high,40.541,,,62.000003814697266,62.000003814697266,,False,False,False,,,,,,,,,
76,100006,negative,high,50.135,68.0,3425.0,3475.0,3425.0,3357.0,False,True,True,571.0,145.0,68.0,173.0,164.0,212.0,,,
77,100006,negative,high,60.157,10.0,2727.0,2676.499755859375,2727.0,2717.0,False,True,True,,440.0,,23.0,10.0,385.0,29.0,29.0,
43,100006,positive,high,0.926,,,33.0,33.0,,False,False,False,,,,,,,,,
44,100006,positive,low,5.113,,2605.0,,2605.0,,False,True,False,,,,,,,,,
45,100006,positive,high,7.068,,401.0,,401.0,,False,False,False,,,,,,,,,
46,100006,positive,low,8.732,272.0,602.0,,602.0,330.0,True,True,True,,,272.0,593.0,,,,,597.0
47,100006,positive,low,10.135,31.0,4406.0,,4406.0,4375.0,False,True,True,335.0,,,224.0,31.0,,,,
48,100006,positive,low,11.97,535.0,601.0,,601.0,66.0,False,True,False,,,,,,,,,535.0
49,100006,positive,low,16.812,538.0,1.0,,1.0,-537.0,False,False,False,,,,538.0,543.0,,,,
50,100006,positive,low,17.301,49.0,3518.0,,3518.0,3469.0,False,True,True,,,,49.0,53.0,,263.0,263.0,190.0
51,100006,positive,low,18.587,20.0,2417.0,,2417.0,2397.0,False,True,True,44.0,309.0,20.0,55.0,450.0,328.0,,,
52,100006,positive,low,18.6,10.0,2417.0,,2417.0,2407.0,False,True,True,31.0,297.0,10.0,42.0,437.0,315.0,,,
53,100006,positive,low,20.516,,405.0,,405.0,,False,False,False,,,,,,,,,
54,100006,positive,low,26.339,106.0,,,,,True,False,False,,438.0,106.0,,,,,,300.0
55,100006,positive,low,28.896,10.0,3208.0,,3208.0,3198.0,False,True,True,111.0,,,10.0,127.0,,,,
56,100006,positive,high,35.197,10.0,200.0,150.0,200.0,190.0,False,False,True,117.0,290.0,,149.0,10.0,,,,352.0
57,100006,positive,high,42.543,506.0,,,,,False,False,False,,,506.0,,,,,,
58,100006,positive,high,58.287,17.0,,,,,False,False,False,,17.0,368.0,,,,,,
59,100006,positive,high,60.273,11.0,3702.0,3452.000244140625,3702.0,3691.0,False,True,True,,30.0,11.0,195.0,,,,,314.0
60,100006,positive,low,61.483,398.0,802.0,2352.0,802.0,404.0,True,True,True,,,,398.0,,,,,
61,100006,positive,high,62.213,81.0,200.0,1750.0,200.0,119.0,False,False,True,,,,81.0,522.0,,,,
62,100006,positive,low,63.085,118.0,900.0,750.0,900.0,782.0,True,True,True,,,,,,,,,118.0
63,100006,positive,low,70.303,407.0,4418.0,4267.0,4418.0,4011.0,True,True,True,,533.0,,,,,,,407.0
64,100006,positive,high,73.86,17.0,812.0,862.4999389648438,812.0,795.0,False,True,True,173.0,404.0,17.0,,541.0,,,,
100,100014,negative,high,5.152,253.0,909.0,858.9999389648438,909.0,656.0,True,True,True,,,,,,,253.0,253.0,
101,100014,negative,high,8.129,50.0,3116.0,1261.0,3116.0,3066.0,False,True,True,510.0,50.0,,,,,165.0,165.0,
102,100014,negative,low,10.146,,706.0,55.0,706.0,,False,True,False,,,,,,,,,
103,100014,negative,high,15.117,37.0,,1255.0,1255.0,1218.0,False,True,True,,,37.0,,,,,,
104,100014,negative,low,30.171,94.0,,,,,False,False,False,,136.0,120.0,,,211.0,136.0,136.0,94.0
105,100014,negative,high,36.168,107.0,114.0,63.500003814697266,114.0,7.0,True,False,False,,107.0,197.0,,,,176.0,176.0,236.0
106,100014,negative,high,44.233,63.0,813.0,1168.9998779296875,813.0,750.0,False,True,True,,,,,,,63.0,63.0,169.0
107,100014,negative,high,50.196,10.0,213.0,63.0,213.0,203.0,False,False,True,,,217.0,,,,,,10.0
108,100014,negative,high,52.404,483.0,,868.0,868.0,385.0,True,True,True,,,,,,,,,483.0
109,100014,negative,high,60.206,10.0,108.0,57.0,108.0,98.0,False,False,False,,,10.0,,240.0,,91.0,91.0,76.0
78,100014,positive,high,2.583,10.0,1.0,51.5,1.0,-9.0,False,False,False,10.0,,,26.0,552.0,522.0,,,
79,100014,positive,low,5.135,42.0,1000.0,50.0,1000.0,958.0,False,True,True,138.0,42.0,135.0,,,294.0,102.0,102.0,208.0
80,100014,positive,low,10.146,227.0,102.0,51.999996185302734,102.0,-125.0,True,False,False,,227.0,361.0,,,,,,406.0
81,100014,positive,high,20.277,324.0,,57.0,57.0,-267.0,True,False,False,,,,324.0,,,,,
82,100014,positive,high,27.337,273.0,4108.0,453.0,4108.0,3835.0,True,True,True,273.0,,,,,,,,
83,100014,positive,high,35.179,161.0,614.0,3481.0,614.0,453.0,True,True,True,,,,,,,,,161.0
84,100014,positive,high,36.733,15.0,1717.0,1967.9998779296875,1717.0,1702.0,False,True,True,,584.0,,,,208.0,,,15.0
85,100014,positive,high,57.356,15.0,103.0,53.0,103.0,88.0,False,False,False,252.0,15.0,,496.0,485.0,,599.0,599.0,417.0
86,100014,positive,high,60.233,,203.0,52.5,203.0,,False,False,False,,,,,,,,,
87,100014,positive,low,70.244,53.0,,4060.00048828125,4060.00048828125,4007.00048828125,False,True,True,,,53.0,,,,,,140.0
88,100014,positive,high,80.309,22.0,,,,,False,False,False,156.0,22.0,,137.0,58.0,217.0,,,
89,100014,positive,high,85.618,139.0,13.0,1372.0,13.0,-126.0,True,False,False,,139.0,,,,486.0,,,219.0
90,100014,positive,high,86.827,448.0,318.0,168.0,318.0,-130.0,True,False,False,,,448.0,,,,,,
91,100014,positive,low,87.795,10.0,,662.0,662.0,652.0,False,True,True,,10.0,579.0,28.0,,,,,
92,100014,positive,low,90.823,327.0,1919.0,2070.0,1919.0,1592.0,True,True,True,,327.0,371.0,,,589.0,,,
93,100014,positive,low,91.153,257.0,518.0,1770.0,518.0,261.0,True,True,True,,,257.0,,,,,,
94,100014,positive,low,94.668,448.0,318.0,167.0,318.0,-130.0,True,False,False,448.0,460.0,,513.0,,,,,
95,100014,positive,high,105.024,440.0,,1967.5,1967.5,1527.5,True,True,True,,,,441.0,440.0,,,,
96,100014,positive,low,116.507,297.0,604.0,654.0,604.0,307.0,True,True,True,,,,,,297.0,,,
97,100014,positive,low,122.951,,7.0,57.0,7.0,,False,False,False,,,,,,,,,
98,100014,positive,low,125.918,20.0,103.0,53.0,103.0,83.0,False,False,False,,,,,,523.0,,,20.0
99,100014,positive,high,128.404,10.0,3.0,53.0,3.0,-7.0,False,False,False,23.0,27.0,573.0,10.0,18.0,,68.0,68.0,55.0
110,100018,positive,low,5.13,172.0,,51.000003814697266,51.000003814697266,-120.99999618530273,True,False,False,172.0,,,202.0,498.0,,361.0,361.0,
111,100018,positive,low,9.395,458.0,100.0,50.0,100.0,-358.0,True,False,False,,,,,,,,,458.0
112,100018,positive,low,9.409,444.0,100.0,50.0,100.0,-344.0,True,False,False,,,,,,,,,444.0
113,100018,positive,low,10.004,202.0,3204.0,51.000003814697266,3204.0,3002.0,True,True,True,202.0,,,,,,357.0,357.0,
114,100018,positive,high,13.065,228.0,501.9999694824219,1654.0,501.9999694824219,273.9999694824219,True,True,True,,,,,,228.0,,,470.0
115,100018,positive,high,19.046,151.0,501.9999694824219,152.00001525878906,501.9999694824219,350.9999694824219,True,True,True,,,,,,,,,151.0
116,100018,positive,low,19.099,98.0,501.9999694824219,51.999996185302734,501.9999694824219,403.9999694824219,False,True,True,,,,,,,,,98.0
117,100018,positive,low,22.13,18.0,605.0,3860.000244140625,605.0,587.0,False,True,True,149.0,,,18.0,,,,,
118,100018,positive,low,22.897,69.0,1208.0,3060.0,1208.0,1139.0,False,True,True,351.0,,69.0,454.0,,,142.0,142.0,580.0
119,100018,positive,high,27.802,151.0,312.0,262.0,312.0,161.0,True,False,True,,,,181.0,,,,,151.0
120,100018,positive,high,35.226,,2310.0,1056.9998779296875,2310.0,,False,True,False,,,,,,,,,
121,100018,positive,low,39.506,428.0,2505.0,2255.0,2505.0,2077.0,True,True,True,,,,,,,428.0,428.0,
122,100018,positive,low,44.148,,,,,,False,False,False,,,,,,,,,
123,100018,positive,low,57.575,11.0,1.0,1252.0001220703125,1.0,-10.0,False,False,False,,,,,11.0,,,,
124,100018,positive,high,59.816,202.0,2108.0,2858.0,2108.0,1906.0,True,True,True,,,207.0,,,,325.0,325.0,202.0
125,100018,positive,high,60.32,295.0,2108.0,2358.0,2108.0,1813.0,True,True,True,,,,,,,459.0,459.0,295.0
126,100018,positive,high,60.869,10.0,1307.0,1857.0,1307.0,1297.0,False,True,True,255.0,,,,35.0,,10.0,10.0,10.0
127,100018,positive,high,64.352,447.0,1006.0000610351562,255.99998474121094,1006.0000610351562,559.0000610351562,True,True,True,,581.0,447.0,,,,,,
128,100018,positive,high,69.294,252.0,1206.0,1556.0,1206.0,954.0,True,True,True,,,,252.0,325.0,565.0,,,
129,100018,positive,low,70.347,149.0,204.0,454.0,204.0,55.0,True,False,False,149.0,,,163.0,153.0,,,,
130,100018,positive,high,76.034,,407.0,55.0,407.0,,False,False,False,,,,,,,,,
131,100018,positive,high,99.436,10.0,1904.0,152.00001525878906,1904.0,1894.0,False,True,True,,,10.0,115.0,,269.0,185.0,185.0,169.0
132,100018,positive,high,103.52,22.0,,,,,False,False,False,,100.0,294.0,,,22.0,,,
162,100020,negative,high,2.21,551.0,4807.0,51.000003814697266,4807.0,4256.0,False,True,True,,,,,,,,,551.0
163,100020,negative,high,5.212,449.0,1.0,51.000003814697266,1.0,-448.0,True,False,False,,,,,,,,,449.0
164,100020,negative,high,12.189,147.0,205.0,155.0,205.0,58.0,True,False,False,228.0,147.0,,,,,,,
165,100020,negative,high,12.197,139.0,205.0,155.0,205.0,66.0,True,False,False,220.0,139.0,,,,,,,
166,100020,negative,high,18.544,353.0,2013.0,153.0,2013.0,1660.0,True,True,True,,,457.0,,,353.0,,,
167,100020,negative,high,19.513,128.0,1013.0,157.5,1013.0,885.0,True,True,True,,,,,,,,,128.0
168,100020,negative,low,27.249,336.0,404.0,54.0,404.0,68.0,True,False,False,,336.0,,,507.0,,,,366.0
169,100020,negative,high,29.569,190.0,312.0,61.5,312.0,122.0,True,False,True,190.0,,,,,,482.0,482.0,
170,100020,negative,high,32.536,134.0,,55.999996185302734,55.999996185302734,-78.00000381469727,True,False,False,,,,,,,134.0,134.0,
171,100020,negative,high,33.234,19.0,2629.0,162.0,2629.0,2610.0,False,True,True,,,,,,,19.0,19.0,
172,100020,negative,high,38.913,10.0,,73.0,73.0,63.0,False,False,False,,340.0,79.0,43.0,69.0,10.0,82.0,82.0,
173,100020,negative,high,47.272,,1213.0,160.0,1213.0,,False,True,False,,,,,,,,,
174,100020,negative,high,57.284,292.0,303.0,51.999996185302734,303.0,11.0,True,False,False,,,422.0,,,,,,292.0
175,100020,negative,low,84.284,88.0,11.0,964.0,11.0,-77.0,False,False,False,,,,88.0,,349.0,,,
133,100020,positive,high,0.73,,,,,,False,False,False,,,,,,,,,
134,100020,positive,high,3.419,10.0,503.0000305175781,2354.0,503.0000305175781,493.0000305175781,False,True,True,,,10.0,132.0,26.0,10.0,28.0,28.0,209.0
135,100020,positive,low,4.59,69.0,1303.0,1253.0,1303.0,1234.0,False,True,True,,,,,69.0,,,,
136,100020,positive,low,4.595,64.0,1303.0,1253.0,1303.0,1239.0,False,True,True,,,,,64.0,,,,
137,100020,positive,low,4.995,370.0,903.0,853.0,903.0,533.0,True,True,True,,,,,,,,,370.0
138,100020,positive,high,5.77,26.0,101.0,51.000003814697266,101.0,75.0,False,False,False,303.0,26.0,,,38.0,,,,57.0
139,100020,positive,high,9.134,,1401.0,1351.0001220703125,1401.0,,False,True,False,,,,,,,,,
140,100020,positive,low,10.764,100.0,,51.000003814697266,51.000003814697266,-48.999996185302734,True,False,False,364.0,100.0,,,,,,,
141,100020,positive,low,15.688,184.0,1704.0,1654.0,1704.0,1520.0,True,True,True,,,,,,,184.0,184.0,567.0
142,100020,positive,high,21.256,12.0,1900.0,1450.0,1900.0,1888.0,False,True,True,,,,,,,,,12.0
143,100020,positive,low,22.42,203.0,100.0,250.0,100.0,-103.0,True,False,False,,,,,,,203.0,203.0,
144,100020,positive,high,35.099,99.0,4204.0,4253.99951171875,4204.0,4105.0,False,True,True,,,99.0,,,248.0,146.0,146.0,137.0
145,100020,positive,high,45.367,370.0,208.0,56.0,208.0,-162.0,True,False,False,,370.0,,,,,,,
146,100020,positive,low,49.76,42.0,,55.0,55.0,13.0,False,False,False,70.0,42.0,,,189.0,,,,159.0
147,100020,positive,low,52.629,311.0,2004.0,1254.0,2004.0,1693.0,True,True,True,,,,,,,,,311.0
148,100020,positive,high,60.019,,,51.000003814697266,51.000003814697266,,False,False,False,,,,,,,,,
149,100020,positive,high,68.443,188.0,3805.0,3655.0,3805.0,3617.0,True,True,True,,,,,,,,,188.0
150,100020,positive,low,70.036,10.0,2105.0,2155.0,2105.0,2095.0,False,True,True,494.0,182.0,,,,,,,10.0
151,100020,positive,high,73.559,24.0,,751.5,751.5,727.5,False,True,True,24.0,,,,,,,,
152,100020,positive,low,75.775,265.0,2706.0,754.0,2706.0,2441.0,True,True,True,,,,,,,335.0,335.0,265.0
153,100020,positive,low,78.073,,102.0,51.5,102.0,,False,False,False,,,,,,,,,
154,100020,positive,low,78.936,,2308.0,51.000003814697266,2308.0,,False,True,False,,,,,,,,,
155,100020,positive,high,82.917,151.0,,57.0,57.0,-94.0,True,False,False,151.0,288.0,,296.0,,,,,
156,100020,positive,low,86.981,40.0,,158.5,158.5,118.5,False,False,True,104.0,40.0,,,,,,,
157,100020,positive,high,87.484,,,961.0,961.0,,False,True,False,,,,,,,,,
158,100020,positive,low,93.936,263.0,,55.0,55.0,-208.0,True,False,False,,,263.0,,,484.0,,,
159,100020,positive,high,99.306,505.0,,53.5,53.5,-451.5,False,False,False,,,,,,,,,505.0
160,100020,positive,high,103.309,374.0,2502.0,2152.0,2502.0,2128.0,True,True,True,,,,374.0,,,,,
161,100020,positive,high,121.912,,1005.0,955.0,1005.0,,False,True,False,,,,,,,,,
176,100021,positive,high,1.013,,,237.99998474121094,237.99998474121094,,False,False,False,,,,,,,,,
177,100021,positive,low,2.403,,2202.0,1351.0001220703125,2202.0,,False,True,False,,,,,,,,,
178,100021,positive,low,4.956,44.0,1505.0,151.00001525878906,1505.0,1461.0,False,True,True,,131.0,,,,44.0,,,
179,100021,positive,low,7.264,308.0,,51.999996185302734,51.999996185302734,-256.00000381469727,True,False,False,452.0,308.0,,,,,,,
180,100021,positive,low,9.667,10.0,2404.0,1253.0,2404.0,2394.0,False,True,True,,,,,,10.0,599.0,599.0,310.0
181,100021,positive,low,12.969,175.0,,,,,True,False,False,420.0,175.0,,,,,,,
182,100021,positive,high,13.389,520.0,,,,,False,False,False,,520.0,,,,,,,
183,100021,positive,low,16.994,22.0,3106.0,,3106.0,3084.0,False,True,True,550.0,,22.0,,,,,,
184,100021,positive,low,19.735,134.0,1600.0,,1600.0,1466.0,True,True,True,,,,,,,,,134.0
185,100021,positive,high,34.809,117.0,2106.0,,2106.0,1989.0,True,True,True,117.0,177.0,,450.0,128.0,,,,352.0
186,100021,positive,low,36.537,20.0,303.0,,303.0,283.0,False,False,True,,,,503.0,,20.0,81.0,81.0,40.0
187,100021,positive,high,37.316,10.0,1506.0,,1506.0,1496.0,False,True,True,,,,,173.0,182.0,10.0,10.0,
188,100021,positive,low,44.969,142.0,702.0,,702.0,560.0,True,True,True,,,,,142.0,,,,506.0
189,100021,positive,high,45.13,345.0,602.0,,602.0,257.0,True,True,True,,,,,,,,,345.0
190,100021,positive,high,47.724,170.0,,,,,True,False,False,,170.0,,,,,,,
191,100021,positive,low,49.88,371.0,1308.0,,1308.0,937.0,True,True,True,,,,,,,,,371.0
192,100021,positive,high,51.456,37.0,3908.0,,3908.0,3871.0,False,True,True,,,,,,37.0,,,
193,100021,positive,low,56.142,86.0,300.0,,300.0,214.0,False,False,True,,125.0,86.0,135.0,,,162.0,162.0,
194,100021,positive,high,57.336,224.0,,,,,True,False,False,224.0,,,,,,,,
195,100021,positive,high,58.876,17.0,601.0,,601.0,584.0,False,True,True,,,,468.0,124.0,492.0,,,17.0
196,100021,positive,high,59.859,10.0,3301.0,,3301.0,3291.0,False,True,True,,,91.0,,,31.0,10.0,10.0,107.0
197,100021,positive,low,59.995,93.0,3201.0,,3201.0,3108.0,False,True,True,,,,,,93.0,404.0,404.0,
198,100021,positive,high,69.043,552.0,603.0,,603.0,51.0,False,True,False,,,552.0,,,,,,
199,100021,positive,low,69.816,400.0,3.0,,3.0,-397.0,True,False,False,,592.0,543.0,,400.0,,,,
200,100021,positive,low,69.862,353.0,3.0,,3.0,-350.0,True,False,False,,546.0,498.0,,353.0,,,,
201,100021,positive,low,84.632,547.0,2808.0,,2808.0,2261.0,False,True,True,547.0,,,,,,,,
202,100021,positive,high,125.782,225.0,4817.0,,4817.0,4592.0,True,True,True,,,,,,225.0,,,
203,100021,positive,high,142.31,10.0,1407.0,1257.0,1407.0,1397.0,False,True,True,488.0,,10.0,,,,,,
204,100021,positive,low,149.071,22.0,,,,,False,False,False,,22.0,,125.0,,,,,
205,100021,positive,low,149.101,95.0,,,,,False,False,False,,,,95.0,,,,,
206,100021,positive,low,157.143,46.0,,,,,False,False,False,,66.0,,,46.0,,,,358.0
207,100021,positive,high,157.211,287.0,,,,,True,False,False,,,,,381.0,,,,287.0
250,100023,negative,high,4.748,,1519.0,4182.5,1519.0,,False,True,False,,,,,,,,,
251,100023,negative,high,10.308,33.0,4430.0,4380.0,4430.0,4397.0,False,True,True,,,,,,,33.0,33.0,487.0
252,100023,negative,low,13.349,329.0,1416.0,1365.9998779296875,1416.0,1087.0,True,True,True,,329.0,,368.0,,,,,
253,100023,negative,high,14.78,260.0,8.0,58.000003814697266,8.0,-252.0,True,False,False,,,,,,260.0,274.0,274.0,
254,100023,negative,high,17.473,34.0,,55.0,55.0,21.0,False,False,False,34.0,297.0,,,,,,,
255,100023,negative,high,23.792,,,,,,False,False,False,,,,,,,,,
256,100023,negative,low,29.833,300.0,,155.0,155.0,-145.0,True,False,False,,,300.0,,,,,,
257,100023,negative,high,35.775,124.0,,51.999996185302734,51.999996185302734,-72.00000381469727,True,False,False,,,,,,124.0,,,150.0
258,100023,negative,high,43.62,439.0,1213.0,1163.0001220703125,1213.0,774.0,True,True,True,,,,,,,,,439.0
259,100023,negative,high,49.684,71.0,,,,,False,False,False,,,71.0,,,,,,
260,100023,negative,high,57.027,10.0,,,,,False,False,False,,,,104.0,208.0,10.0,46.0,46.0,
261,100023,negative,high,59.675,,,,,,False,False,False,,,,,,,,,
208,100023,positive,high,0.64,,,,,,False,False,False,,,,,,,,,
209,100023,positive,high,3.243,28.0,4305.0,4255.0,4305.0,4277.0,False,True,True,,,409.0,,,,28.0,28.0,29.0
210,100023,positive,low,5.124,180.0,2405.0,2355.0,2405.0,2225.0,True,True,True,,,,180.0,,,,,
211,100023,positive,high,7.178,253.0,303.0,252.99998474121094,303.0,50.0,True,False,False,253.0,,,499.0,382.0,,,,562.0
212,100023,positive,low,10.15,503.0,,152.00001525878906,152.00001525878906,-350.99998474121094,False,False,False,,,,,,,,,503.0
213,100023,positive,low,12.008,16.0,,,,,False,False,False,86.0,16.0,,,58.0,43.0,35.0,35.0,
214,100023,positive,low,12.663,22.0,,,,,False,False,False,90.0,274.0,206.0,,143.0,,22.0,22.0,250.0
215,100023,positive,low,16.644,,,,,,False,False,False,,,,,,,,,
216,100023,positive,low,18.08,,,,,,False,False,False,,,,,,,,,
217,100023,positive,low,24.249,317.0,,,,,True,False,False,,,,393.0,,317.0,,,
218,100023,positive,low,24.264,302.0,,,,,True,False,False,,,,379.0,,302.0,,,
219,100023,positive,high,26.799,94.0,,,,,False,False,False,,,,470.0,,,94.0,94.0,
220,100023,positive,high,32.879,227.0,2517.0,2466.499755859375,2517.0,2290.0,True,True,True,,,,227.0,,,,,
221,100023,positive,low,32.924,182.0,2417.0,2366.5,2417.0,2235.0,True,True,True,,,,182.0,,,,,
222,100023,positive,low,32.961,145.0,2417.0,2366.5,2417.0,2272.0,True,True,True,,,,145.0,,,,,
223,100023,positive,low,34.285,40.0,1112.0,1061.5001220703125,1112.0,1072.0,False,True,True,,77.0,161.0,,,,434.0,434.0,40.0
224,100023,positive,high,35.234,130.0,109.0,58.5,109.0,-21.0,True,False,False,,,,507.0,,,130.0,130.0,
225,100023,positive,low,43.318,,,3470.5,3470.5,,False,True,False,,,,,,,,,
226,100023,positive,high,43.517,579.0,,3269.5,3269.5,2690.5,False,True,True,,,,,,,,,579.0
227,100023,positive,low,49.182,20.0,,,,,False,False,False,,36.0,,36.0,20.0,,,,
228,100023,positive,high,53.478,232.0,1000.0,1150.0001220703125,1000.0,768.0,True,True,True,,,,,,232.0,,,514.0
229,100023,positive,high,54.843,19.0,100.0,50.0,100.0,81.0,False,False,False,,,,,24.0,19.0,,,178.0
230,100023,positive,high,57.239,293.0,,1852.0,1852.0,1559.0,True,True,True,,,544.0,,539.0,293.0,,,445.0
231,100023,positive,low,57.367,165.0,,1752.0001220703125,1752.0001220703125,1587.0001220703125,True,True,True,,,416.0,,411.0,165.0,,,318.0
232,100023,positive,high,58.323,268.0,802.0,752.0,802.0,534.0,True,True,True,542.0,,,381.0,268.0,,,,
233,100023,positive,low,60.106,540.0,,,,,False,False,False,,,,,,540.0,,,
234,100023,positive,high,60.323,329.0,,,,,True,False,False,,,,,,329.0,,,
235,100023,positive,high,61.844,,1502.0,,1502.0,,False,True,False,,,,,,,,,
236,100023,positive,low,65.959,219.0,,,,,True,False,False,,,,256.0,,,,,219.0
237,100023,positive,high,67.893,10.0,,,,,False,False,False,,,,,,64.0,,,10.0
238,100023,positive,low,68.984,65.0,,,,,False,False,False,,,65.0,,,,266.0,266.0,
239,100023,positive,low,70.36,140.0,,,,,True,False,False,,,183.0,,,399.0,461.0,461.0,140.0
240,100023,positive,high,74.017,80.0,1606.0,1655.9998779296875,1606.0,1526.0,False,True,True,,,,,,80.0,,,246.0
241,100023,positive,low,92.841,44.0,2817.0,,2817.0,2773.0,False,True,True,,,,,,,,,44.0
242,100023,positive,high,94.421,28.0,3715.0,3565.0,3715.0,3687.0,False,True,True,,28.0,,83.0,369.0,,154.0,154.0,
243,100023,positive,low,98.897,54.0,107.0,56.0,107.0,53.0,False,False,False,,,,267.0,,,54.0,54.0,166.0
244,100023,positive,low,105.424,10.0,902.0,852.0,902.0,892.0,False,True,True,58.0,,19.0,10.0,313.0,349.0,,,
245,100023,positive,low,107.655,10.0,,51.000003814697266,51.000003814697266,41.000003814697266,False,False,False,,,,10.0,,,,,
246,100023,positive,low,110.912,14.0,2904.0,2654.0,2904.0,2890.0,False,True,True,307.0,14.0,,44.0,57.0,,254.0,254.0,382.0
247,100023,positive,low,118.882,16.0,,454.0,454.0,438.0,False,False,True,204.0,,,,16.0,167.0,114.0,114.0,
248,100023,positive,low,120.309,195.0,,1255.0,1255.0,1060.0,True,True,True,,266.0,195.0,,,507.0,433.0,433.0,595.0
249,100023,positive,high,123.206,10.0,,,,,False,False,False,,,,,,,52.0,52.0,10.0
262,100026,positive,high,1.708,,601.0,4758.00048828125,601.0,,False,True,False,,,,,,,,,
263,100026,positive,low,5.108,,1003.9999389648438,1356.0,1003.9999389648438,,False,True,False,,,,,,,,,
264,100026,positive,high,6.049,84.0,304.0,454.5000305175781,304.0,220.0,False,False,True,,,,,84.0,,,,
265,100026,positive,high,9.854,,1306.0,656.0,1306.0,,False,True,False,,,,,,,,,
266,100026,positive,low,10.163,,505.9999694824219,356.0,505.9999694824219,,False,True,False,,,,,,,,,
267,100026,positive,low,12.239,15.0,,,,,False,False,False,,260.0,87.0,433.0,39.0,15.0,466.0,466.0,274.0
268,100026,positive,low,12.254,24.0,,,,,False,False,False,,245.0,72.0,419.0,24.0,412.0,451.0,451.0,259.0
269,100026,positive,high,13.638,,,,,,False,False,False,,,,,,,,,
270,100026,positive,low,15.496,14.0,4503.0,3953.0,4503.0,4489.0,False,True,True,14.0,57.0,,54.0,174.0,,,,488.0
271,100026,positive,high,15.714,14.0,4303.0,3753.0,4303.0,4289.0,False,True,True,58.0,38.0,,14.0,,,,,270.0
272,100026,positive,low,15.979,10.0,4002.999755859375,3453.0,4002.999755859375,3992.999755859375,False,True,True,,,,,,,,,10.0
273,100026,positive,high,19.917,10.0,1.0,51.000003814697266,1.0,-9.0,False,False,False,,,10.0,,414.0,122.0,10.0,10.0,
274,100026,positive,high,25.357,20.0,1607.0,,1607.0,1587.0,False,True,True,,,,,20.0,,,,174.0
275,100026,positive,high,30.463,17.0,,,,,False,False,False,184.0,17.0,,385.0,220.0,310.0,404.0,404.0,490.0
276,100026,positive,high,35.226,35.0,806.0,,806.0,771.0,False,True,True,,336.0,,35.0,337.0,,,,406.0
277,100026,positive,high,39.153,49.0,4514.0,4462.49951171875,4514.0,4465.0,False,True,True,,,289.0,,,,49.0,49.0,
278,100026,positive,low,48.991,243.0,5.0,55.0,5.0,-238.0,True,False,False,,,,243.0,,,,,
279,100026,positive,low,54.151,,,,,,False,False,False,,,,,,,,,
280,100026,positive,low,56.114,90.0,2504.0,,2504.0,2414.0,False,True,True,,,,545.0,,,166.0,166.0,90.0
281,100026,positive,high,60.327,206.0,4506.0,4456.00048828125,4506.0,4300.0,True,True,True,206.0,,,,,,,,
282,100026,positive,high,67.743,560.0,,,,,False,False,False,,,,,,560.0,,,
283,100026,positive,low,70.337,22.0,,,,,False,False,False,545.0,22.0,,,,,,,234.0
284,100026,positive,low,77.13,117.0,903.0,,903.0,786.0,True,True,True,389.0,117.0,,298.0,,,,,
285,100026,positive,low,78.009,261.0,3.0,,3.0,-258.0,True,False,False,261.0,,,,,,,,
286,100026,positive,low,81.582,,805.0,1454.9998779296875,805.0,,False,True,False,,,,,,,,,
317,100034,negative,high,5.522,275.0,209.0,159.00001525878906,209.0,-66.0,True,False,False,,374.0,407.0,,457.0,377.0,275.0,275.0,462.0
318,100034,negative,high,8.955,10.0,815.0,663.0,815.0,805.0,False,True,True,,,,,,372.0,10.0,10.0,
319,100034,negative,high,15.294,109.0,2.0,453.0,2.0,-107.0,True,False,False,109.0,,,236.0,,,,,142.0
320,100034,negative,high,15.527,423.0,303.0,153.0,303.0,-120.0,True,False,False,423.0,,,,,,,,
321,100034,negative,high,21.618,541.0,,153.0,153.0,-388.0,False,False,False,,,,,,,,,541.0
322,100034,negative,high,27.951,456.0,,4376.00048828125,4376.00048828125,3920.00048828125,True,True,True,,,,,,,456.0,456.0,
323,100034,negative,low,30.55,27.0,512.0,1871.0,512.0,485.0,False,True,True,,27.0,58.0,,,,,,
324,100034,negative,high,34.298,10.0,819.0,61.5,819.0,809.0,False,True,True,100.0,377.0,,511.0,,238.0,,,10.0
325,100034,negative,high,36.528,229.0,,66.0,66.0,-163.0,True,False,False,,,229.0,,,,,,585.0
326,100034,negative,high,50.575,290.0,,,,,True,False,False,,,,,,,,,290.0
327,100034,negative,high,60.588,15.0,307.0,57.0,307.0,292.0,False,False,True,,,487.0,,,,297.0,297.0,15.0
287,100034,positive,high,3.213,,501.0,1851.0001220703125,501.0,,False,True,False,,,,,,,,,
288,100034,positive,low,4.798,495.0,400.0,250.0,400.0,-95.0,True,False,False,,,495.0,,,571.0,495.0,495.0,
289,100034,positive,high,5.031,255.0,100.0,50.0,100.0,-155.0,True,False,False,,390.0,262.0,,,338.0,256.0,256.0,255.0
290,100034,positive,high,6.841,13.0,,,,,False,False,False,76.0,173.0,36.0,,,210.0,36.0,36.0,13.0
291,100034,positive,low,10.932,217.0,100.0,,100.0,-117.0,True,False,False,,414.0,403.0,217.0,276.0,,,,517.0
292,100034,positive,low,10.946,203.0,100.0,,100.0,-103.0,True,False,False,,400.0,389.0,203.0,262.0,,,,503.0
293,100034,positive,low,13.052,,501.0,,501.0,,False,True,False,,,,,,,,,
294,100034,positive,low,13.628,66.0,1.0,,1.0,-65.0,False,False,False,157.0,66.0,183.0,,,,,,
295,100034,positive,low,14.386,60.0,,,,,False,False,False,,,60.0,,,80.0,,,
296,100034,positive,low,19.063,37.0,,,,,False,False,False,150.0,189.0,,135.0,,37.0,39.0,39.0,
297,100034,positive,low,22.756,362.0,,,,,True,False,False,,362.0,,,535.0,,,,
298,100034,positive,low,24.22,10.0,3709.0,4160.0,3709.0,3699.0,False,True,True,106.0,580.0,581.0,,,,106.0,106.0,10.0
299,100034,positive,low,28.518,10.0,1.0,,1.0,-9.0,False,False,False,386.0,344.0,153.0,,10.0,,,,
300,100034,positive,high,31.56,84.0,,,,,False,False,False,,,,,,,,,84.0
301,100034,positive,low,34.466,326.0,,,,,True,False,False,326.0,517.0,430.0,429.0,430.0,,429.0,429.0,474.0
302,100034,positive,low,42.76,204.0,,53.0,53.0,-151.0,True,False,False,204.0,,,,,,,,
303,100034,positive,low,49.865,536.0,1811.0,2262.0,1811.0,1275.0,False,True,True,,,,,,,,,536.0
304,100034,positive,low,51.172,63.0,607.0,958.0,607.0,544.0,False,True,True,63.0,156.0,290.0,,,,,,
305,100034,positive,low,54.717,,,4454.0,4454.0,,False,True,False,,,,,,,,,
306,100034,positive,high,56.511,,2703.0,2653.0,2703.0,,False,True,False,,,,,,,,,
307,100034,positive,low,59.366,37.0,1.0,4355.0,1.0,-36.0,False,False,False,,,,,37.0,,,,
308,100034,positive,high,65.885,317.0,105.0,53.0,105.0,-212.0,True,False,False,,,,,,,,,317.0
309,100034,positive,low,66.486,377.0,,260.0,260.0,-117.0,True,False,False,,,,,377.0,,,,
310,100034,positive,low,74.477,164.0,3609.0,656.0,3609.0,3445.0,True,True,True,,164.0,,,,,,,
311,100034,positive,low,75.746,387.0,2407.0,55.0,2407.0,2020.0,True,True,True,,,570.0,,408.0,387.0,491.0,491.0,
312,100034,positive,low,81.942,16.0,4511.0,1454.9998779296875,4511.0,4495.0,False,True,True,380.0,128.0,,16.0,150.0,,29.0,29.0,
313,100034,positive,low,93.501,,,,,,False,False,False,,,,,,,,,
314,100034,positive,high,100.283,334.0,,860.0,860.0,526.0,True,True,True,356.0,346.0,,448.0,,387.0,,,334.0
315,100034,positive,high,137.09,172.0,,,,,True,False,False,172.0,,549.0,,,,,,
316,100034,positive,high,162.142,,3204.0,3154.0,3204.0,,False,True,False,,,,,,,,,
366,100040,negative,high,4.836,29.0,,155.0,155.0,126.0,False,False,True,381.0,,29.0,169.0,471.0,431.0,521.0,521.0,593.0
367,100040,negative,high,11.902,526.0,510.9999694824219,,510.9999694824219,-15.000030517578125,False,True,False,,,,,,,,,526.0
368,100040,negative,high,14.884,15.0,1216.0,4277.00048828125,1216.0,1201.0,False,True,True,513.0,,,,,15.0,117.0,117.0,39.0
369,100040,negative,high,19.164,18.0,107.0,57.0,107.0,89.0,False,False,False,,18.0,,,40.0,,,,
370,100040,negative,low,29.388,10.0,,,,,False,False,False,47.0,,277.0,10.0,26.0,35.0,42.0,42.0,
371,100040,negative,high,30.394,10.0,,,,,False,False,False,,,,,10.0,,,,
372,100040,negative,low,31.49,,,,,,False,False,False,,,,,,,,,
373,100040,negative,high,35.395,435.0,,,,,True,False,False,,,,,,,435.0,435.0,
374,100040,negative,high,49.422,34.0,,,,,False,False,False,,,,,,,34.0,34.0,
375,100040,negative,high,49.949,212.0,,,,,True,False,False,212.0,,,298.0,,,,,
376,100040,negative,high,59.433,309.0,111.0,162.0,111.0,-198.0,True,False,False,,309.0,,,,,,,335.0
377,100040,negative,high,62.339,332.0,504.0,,504.0,172.0,True,True,True,,,,,,,,,332.0
328,100040,positive,high,1.276,,333.0,283.0,333.0,,False,False,False,,,,,,,,,
329,100040,positive,high,3.861,14.0,,51.000003814697266,51.000003814697266,37.000003814697266,False,False,False,453.0,598.0,448.0,,14.0,,,,
330,100040,positive,low,5.07,24.0,3000.0,550.0,3000.0,2976.0,False,True,True,,,,,590.0,241.0,272.0,272.0,24.0
331,100040,positive,low,10.057,81.0,,259.0,259.0,178.0,False,False,True,182.0,81.0,420.0,142.0,107.0,420.0,,,536.0
332,100040,positive,low,10.064,74.0,,259.0,259.0,185.0,False,False,True,176.0,74.0,413.0,135.0,100.0,413.0,,,529.0
333,100040,positive,high,16.084,217.0,801.0,,801.0,584.0,True,True,True,,,,,217.0,,,,
334,100040,positive,high,20.352,,,,,,False,False,False,,,,,,,,,
335,100040,positive,high,21.605,144.0,4727.0,,4727.0,4583.0,True,True,True,,242.0,144.0,411.0,420.0,218.0,,,
336,100040,positive,high,27.201,87.0,602.0,1453.0001220703125,602.0,515.0,False,True,True,517.0,141.0,,600.0,,87.0,,,176.0
337,100040,positive,low,27.404,45.0,1303.0,1253.0,1303.0,1258.0,False,True,True,315.0,164.0,,398.0,427.0,96.0,,,45.0
338,100040,positive,high,34.546,61.0,1505.0,1555.0001220703125,1505.0,1444.0,False,True,True,,,,61.0,,,249.0,249.0,
339,100040,positive,low,37.28,31.0,5.0,156.0,5.0,-26.0,False,False,False,,,,,,383.0,31.0,31.0,51.0
340,100040,positive,high,57.782,297.0,1904.0,1854.0001220703125,1904.0,1607.0,True,True,True,427.0,429.0,,,,297.0,,,372.0
341,100040,positive,high,59.602,48.0,104.0,54.0,104.0,56.0,False,False,False,112.0,238.0,,242.0,48.0,534.0,,,413.0
342,100040,positive,high,62.544,47.0,107.0,53.5,107.0,60.0,False,False,False,47.0,67.0,,,,,,,288.0
343,100040,positive,low,69.618,,504.0,1755.0,504.0,,False,True,False,,,,,,,,,
344,100040,positive,high,73.389,30.0,1210.0,1060.0,1210.0,1180.0,False,True,True,60.0,30.0,,197.0,141.0,,232.0,232.0,176.0
345,100040,positive,high,99.706,236.0,2110.0,,2110.0,1874.0,True,True,True,,386.0,,,,,236.0,236.0,493.0
346,100040,positive,low,101.313,409.0,1408.0,,1408.0,999.0,True,True,True,,,,,,,409.0,409.0,589.0
347,100040,positive,low,104.182,458.0,904.0,2758.0,904.0,446.0,True,True,True,,458.0,,,,,,,
348,100040,positive,low,106.225,,706.0,656.0,706.0,,False,True,False,,,,,,,,,
349,100040,positive,low,107.479,37.0,,154.0,154.0,117.0,False,False,True,569.0,76.0,,37.0,96.0,,212.0,212.0,411.0
350,100040,positive,high,108.56,173.0,,354.0,354.0,181.0,True,False,True,562.0,223.0,,506.0,173.0,,466.0,466.0,
351,100040,positive,low,109.536,71.0,,255.0,255.0,184.0,False,False,True,184.0,71.0,,408.0,241.0,,,,
352,100040,positive,high,121.297,,4614.0,,4614.0,,False,True,False,,,,,,,,,
353,100040,positive,high,128.929,329.0,1104.0,,1104.0,775.0,True,True,True,,,,,,,,,329.0
354,100040,positive,high,131.196,,3509.0,3358.0,3509.0,,False,True,False,,,,,,,,,
355,100040,positive,high,132.525,92.0,103.0,1957.0,103.0,11.0,False,False,False,315.0,175.0,92.0,222.0,275.0,198.0,200.0,200.0,
356,100040,positive,low,132.6,14.0,3.0,1957.0,3.0,-11.0,False,False,False,240.0,100.0,14.0,147.0,200.0,123.0,125.0,125.0,
357,100040,positive,low,135.642,93.0,,959.0,959.0,866.0,False,True,True,163.0,,,,512.0,,93.0,93.0,435.0
358,100040,positive,low,138.909,186.0,1704.0,1553.9998779296875,1704.0,1518.0,True,True,True,,,,186.0,232.0,,,,
359,100040,positive,low,141.935,10.0,,,,,False,False,False,,,,,,10.0,,,
360,100040,positive,high,173.268,285.0,,,,,True,False,False,,,,,419.0,,285.0,285.0,
361,100040,positive,low,184.142,45.0,4416.0,4465.99951171875,4416.0,4371.0,False,True,True,,376.0,,,,45.0,,,203.0
362,100040,positive,low,190.759,334.0,,2360.499755859375,2360.499755859375,2026.499755859375,True,True,True,334.0,,,,,,,,
363,100040,positive,high,192.479,28.0,306.0,656.5,306.0,278.0,False,False,True,,,,,,28.0,104.0,104.0,
364,100040,positive,low,194.371,92.0,,,,,False,False,False,,,104.0,262.0,202.0,,92.0,92.0,151.0
365,100040,positive,high,197.84,,4515.0,,4515.0,,False,True,False,,,,,,,,,
405,100043,negative,high,4.041,,1008.0,958.0,1008.0,,False,True,False,,,,,,,,,
406,100043,negative,high,10.907,30.0,,2464.0,2464.0,2434.0,False,True,True,,410.0,30.0,,136.0,347.0,284.0,284.0,
407,100043,negative,low,19.2,318.0,14.0,265.5,14.0,-304.0,True,False,False,,,,,,,318.0,318.0,
408,100043,negative,high,25.182,81.0,3414.0,3363.5,3414.0,3333.0,False,True,True,81.0,292.0,,,,,,,
409,100043,negative,low,38.771,93.0,,,,,False,False,False,450.0,225.0,435.0,449.0,93.0,365.0,404.0,404.0,
410,100043,negative,high,38.786,78.0,,,,,False,False,False,,210.0,420.0,434.0,78.0,350.0,389.0,389.0,
411,100043,negative,high,48.845,189.0,,,,,True,False,False,,,263.0,,258.0,,,,189.0
412,100043,negative,high,102.7,14.0,,,,,False,False,False,488.0,14.0,133.0,,287.0,,249.0,249.0,
378,100043,positive,high,1.727,,,,,,False,False,False,,,,,,,,,
379,100043,positive,low,5.137,23.0,,,,,False,False,False,218.0,229.0,,394.0,,23.0,,,62.0
380,100043,positive,low,10.147,66.0,,,,,False,False,False,96.0,,,377.0,,,66.0,66.0,
381,100043,positive,low,10.5,25.0,,,,,False,False,False,25.0,342.0,,25.0,,394.0,,,
382,100043,positive,low,22.526,300.0,,,,,True,False,False,,,300.0,,305.0,,,,
383,100043,positive,low,26.687,10.0,4313.0,4263.0,4313.0,4303.0,False,True,True,,,,,,,,,10.0
384,100043,positive,low,27.386,33.0,3612.0,3562.0,3612.0,3579.0,False,True,True,594.0,444.0,33.0,183.0,257.0,,,,
385,100043,positive,low,27.927,98.0,3012.0,2962.0,3012.0,2914.0,False,True,True,,,,,98.0,184.0,,,
386,100043,positive,high,29.271,,1712.0,1662.0,1712.0,,False,True,False,,,,,,,,,
387,100043,positive,high,29.653,548.0,1312.0,1262.0001220703125,1312.0,764.0,False,True,True,,,,,,548.0,,,
388,100043,positive,low,30.443,126.0,510.0,459.9999694824219,510.0,384.0,True,True,True,,,,,,,126.0,126.0,
389,100043,positive,low,35.07,75.0,4418.0,,4418.0,4343.0,False,True,True,,,458.0,,,75.0,,,
390,100043,positive,high,35.183,344.0,4318.0,,4318.0,3974.0,True,True,True,,,344.0,,506.0,,,,
391,100043,positive,high,37.737,147.0,1712.0,,1712.0,1565.0,True,True,True,,,,,,,,,147.0
392,100043,positive,high,39.502,54.0,5.0,,5.0,-49.0,False,False,False,73.0,567.0,,54.0,164.0,,,,
393,100043,positive,low,54.427,366.0,,,,,True,False,False,450.0,,,,,490.0,,,366.0
394,100043,positive,high,60.233,62.0,,,,,False,False,False,,,141.0,,,,62.0,62.0,
395,100043,positive,low,61.052,10.0,,,,,False,False,False,112.0,,10.0,33.0,569.0,,,,174.0
396,100043,positive,low,61.06,10.0,,,,,False,False,False,104.0,,10.0,25.0,561.0,,,,166.0
397,100043,positive,low,70.257,233.0,2606.0,3257.0,2606.0,2373.0,True,True,True,,,,,,,,,233.0
398,100043,positive,low,76.872,,,,,,False,False,False,,,,,,,,,
399,100043,positive,low,88.049,247.0,3111.0,3060.999755859375,3111.0,2864.0,True,True,True,,,,,247.0,,,,567.0
400,100043,positive,low,94.036,,808.0,657.0,808.0,,False,True,False,,,,,,,,,
401,100043,positive,low,98.242,12.0,,,,,False,False,False,,,,,,,,,12.0
402,100043,positive,high,100.24,175.0,3206.0,3156.000244140625,3206.0,3031.0,True,True,True,289.0,,,391.0,388.0,,175.0,175.0,
403,100043,positive,low,104.92,454.0,,2253.0,2253.0,1799.0,True,True,True,,,,454.0,,,,,
404,100043,positive,high,124.376,,,,,,False,False,False,,,,,,,,,
428,100054,negative,high,5.641,10.0,105.0,55.0,105.0,95.0,False,False,False,,,,,,10.0,224.0,224.0,
429,100054,negative,high,15.634,265.0,603.0,353.0,603.0,338.0,True,True,True,,,458.0,321.0,,319.0,,,265.0
430,100054,negative,high,21.131,,613.0,663.0,613.0,,False,True,False,,,,,,,,,
431,100054,negative,low,30.669,,2019.0,1869.0,2019.0,,False,True,False,,,,,,,,,
432,100054,negative,high,33.841,,102.0,51.999996185302734,102.0,,False,False,False,,,,,,,,,
433,100054,negative,high,36.669,248.0,,161.0,161.0,-87.0,True,False,False,248.0,,,562.0,,,,,
434,100054,negative,high,50.697,464.0,14.0,64.0,14.0,-450.0,True,False,False,,,,,,,,,464.0
435,100054,negative,high,60.703,,313.0,163.0,313.0,,False,False,False,,,,,,,,,
436,100054,negative,high,72.309,,1317.0,1165.0,1317.0,,False,True,False,,,,,,,,,
437,100054,negative,low,92.967,272.0,1412.0,1361.5,1412.0,1140.0,True,True,True,,,272.0,,,,,,417.0
413,100054,positive,high,3.372,,201.0,151.00001525878906,201.0,,False,False,False,,,,,,,,,
414,100054,positive,low,5.138,371.0,,1153.0,1153.0,782.0,True,True,True,,,,371.0,,,508.0,508.0,
415,100054,positive,low,10.141,101.0,727.0,677.0,727.0,626.0,True,True,True,,258.0,101.0,160.0,,425.0,426.0,426.0,
416,100054,positive,low,10.163,79.0,727.0,677.0,727.0,648.0,False,True,True,,236.0,79.0,138.0,,403.0,404.0,404.0,
417,100054,positive,high,11.876,236.0,2931.0,76.00000762939453,2931.0,2695.0,True,True,True,236.0,,,,,,,,
418,100054,positive,low,12.657,374.0,2013.0,58.5,2013.0,1639.0,True,True,True,,,,374.0,,,,,546.0
419,100054,positive,low,18.794,,202.0,252.0,202.0,,False,False,False,,,,,,,,,
420,100054,positive,low,20.879,,,154.0,154.0,,False,False,False,,,,,,,,,
421,100054,positive,high,35.185,264.0,,153.0,153.0,-111.0,True,False,False,,,,264.0,,,,,
422,100054,positive,high,60.237,10.0,,2359.0,2359.0,2349.0,False,True,True,327.0,,31.0,,,35.0,,,10.0
423,100054,positive,low,70.207,,,150.0,150.0,,False,False,False,,,,,,,,,
424,100054,positive,high,73.616,255.0,100.0,50.0,100.0,-155.0,True,False,False,,255.0,,,,,343.0,343.0,
425,100054,positive,low,92.238,,,53.0,53.0,,False,False,False,,,,,,,,,
426,100054,positive,low,93.466,10.0,3819.0,2465.000244140625,3819.0,3809.0,False,True,True,10.0,,,532.0,,,,,557.0
427,100054,positive,low,101.419,572.0,4.0,355.0000305175781,4.0,-568.0,False,False,False,,,572.0,,,,,,
473,100064,negative,high,4.937,176.0,,59.0,59.0,-117.0,True,False,False,183.0,335.0,176.0,346.0,341.0,360.0,,,391.0
474,100064,negative,high,7.906,21.0,3019.0,2468.500244140625,3019.0,2998.0,False,True,True,222.0,219.0,,21.0,229.0,,,,
475,100064,negative,high,14.62,43.0,3026.0,2976.0,3026.0,2983.0,False,True,True,,152.0,299.0,,43.0,303.0,,,
476,100064,negative,high,14.702,70.0,2926.0,2876.0,2926.0,2856.0,False,True,True,,70.0,216.0,,,221.0,245.0,245.0,
477,100064,negative,low,14.883,36.0,505.9999694824219,2776.0,505.9999694824219,469.9999694824219,False,True,True,,,36.0,,,40.0,,,
478,100064,negative,high,16.945,88.0,721.0,671.0,721.0,633.0,False,True,True,243.0,282.0,88.0,240.0,297.0,143.0,184.0,184.0,220.0
479,100064,negative,low,29.428,534.0,,1776.0,1776.0,1242.0,False,True,True,,,,,,,,,534.0
480,100064,negative,high,35.478,88.0,407.0,1365.0,407.0,319.0,False,False,True,,,,,88.0,,,,340.0
481,100064,negative,high,49.525,34.0,1722.0,265.0,1722.0,1688.0,False,True,True,,,93.0,,,34.0,73.0,73.0,
482,100064,negative,high,59.547,,,62.5,62.5,,False,False,False,,,,,,,,,
483,100064,negative,high,67.636,93.0,,858.9999389648438,858.9999389648438,765.9999389648438,False,True,True,,,,,,,,,93.0
484,100064,negative,high,82.317,434.0,406.0,155.5,406.0,-28.0,True,False,False,,434.0,,440.0,,,,,
438,100064,positive,high,1.153,,2550.0,999.0,2550.0,,False,True,False,,,,,,,,,
439,100064,positive,high,3.259,338.0,501.9999694824219,351.5,501.9999694824219,163.99996948242188,True,True,True,398.0,,,338.0,,,,,
440,100064,positive,low,4.945,10.0,,450.9999694824219,450.9999694824219,440.9999694824219,False,False,True,,,,,,10.0,441.0,441.0,
441,100064,positive,high,5.96,467.0,,,,,True,False,False,467.0,,,,,477.0,,,
442,100064,positive,high,7.639,134.0,2720.0,,2720.0,2586.0,True,True,True,,,,,134.0,,,,235.0
443,100064,positive,low,8.88,473.0,11.0,,11.0,-462.0,True,False,False,,,,,,,,,473.0
444,100064,positive,low,8.895,458.0,11.0,4865.0,11.0,-447.0,True,False,False,,,,,,,,,458.0
445,100064,positive,high,9.791,36.0,510.0,3963.0,510.0,474.0,False,True,True,,,313.0,36.0,36.0,287.0,,,
446,100064,positive,low,10.084,10.0,210.0,3763.0,210.0,200.0,False,False,True,,,23.0,,186.0,10.0,,,
447,100064,positive,low,12.048,399.0,1803.0,1753.0,1803.0,1404.0,True,True,True,594.0,,,,,,,,399.0
448,100064,positive,high,12.462,180.0,1303.0,1352.9998779296875,1303.0,1123.0,True,True,True,180.0,276.0,,242.0,,530.0,,,231.0
449,100064,positive,low,12.605,37.0,1203.0,1153.0,1203.0,1166.0,False,True,True,37.0,133.0,,99.0,,387.0,,,88.0
450,100064,positive,low,15.081,152.0,4001.999755859375,3852.0,4001.999755859375,3849.999755859375,True,True,True,,152.0,241.0,,,,,,
451,100064,positive,low,28.812,10.0,3.0,252.99998474121094,3.0,-7.0,False,False,False,432.0,505.0,,,,499.0,200.0,200.0,10.0
452,100064,positive,high,29.459,20.0,604.0,254.00001525878906,604.0,584.0,False,True,True,98.0,,128.0,,,,21.0,21.0,20.0
453,100064,positive,low,34.561,72.0,3.0,,3.0,-69.0,False,False,False,481.0,,,,,,72.0,72.0,156.0
454,100064,positive,high,35.163,35.0,4509.0,,4509.0,4474.0,False,True,True,,,,,35.0,,197.0,197.0,196.0
455,100064,positive,high,47.639,64.0,3714.0,3863.999755859375,3714.0,3650.0,False,True,True,,,,,,,,,64.0
456,100064,positive,high,52.289,283.0,4303.0,4153.0,4303.0,4020.0,True,True,True,283.0,,450.0,,,,,,
457,100064,positive,high,60.258,16.0,2.0,51.999996185302734,2.0,-14.0,False,False,False,363.0,,586.0,,256.0,16.0,,,
458,100064,positive,low,64.9,130.0,,51.000003814697266,51.000003814697266,-78.99999618530273,True,False,False,,,,,,,,,130.0
459,100064,positive,low,70.288,77.0,100.0,2152.0,100.0,23.0,False,False,False,,340.0,,284.0,77.0,215.0,,,
460,100064,positive,low,75.108,223.0,1601.0,651.0,1601.0,1378.0,True,True,True,416.0,,223.0,,,,,,536.0
461,100064,positive,low,76.428,22.0,100.0,50.0,100.0,78.0,False,False,False,291.0,,117.0,22.0,,,,,
462,100064,positive,low,79.408,10.0,,554.0,554.0,544.0,False,True,True,251.0,,10.0,,21.0,341.0,72.0,72.0,
463,100064,positive,high,79.445,35.0,,454.0,454.0,419.0,False,False,True,211.0,,,,68.0,304.0,35.0,35.0,
464,100064,positive,low,79.956,,,,,,False,False,False,,,,,,,,,
465,100064,positive,high,82.109,10.0,2606.0,,2606.0,2596.0,False,True,True,,341.0,65.0,,97.0,10.0,88.0,88.0,562.0
466,100064,positive,low,82.937,10.0,3812.0,,3812.0,3802.0,False,True,True,518.0,479.0,10.0,10.0,10.0,,,,
467,100064,positive,high,85.623,105.0,1309.0,2060.0,1309.0,1204.0,True,True,True,106.0,507.0,542.0,,,,105.0,105.0,
468,100064,positive,low,86.157,10.0,807.0,1558.5,807.0,797.0,False,True,True,554.0,143.0,10.0,56.0,,,,,
469,100064,positive,low,89.724,40.0,505.0,354.5,505.0,465.0,False,True,True,86.0,,,,,,,,40.0
470,100064,positive,high,90.078,419.0,204.0,53.5,204.0,-215.0,True,False,False,,,,,,,,,419.0
471,100064,positive,high,97.136,459.0,6.0,860.0,6.0,-453.0,True,False,False,,459.0,,,,,,,
472,100064,positive,high,101.989,10.0,1007.0,957.0,1007.0,997.0,False,True,True,,250.0,391.0,375.0,365.0,494.0,,,10.0
508,100066,negative,high,2.652,10.0,,,,,False,False,False,41.0,,,10.0,,11.0,61.0,61.0,200.0
509,100066,negative,high,12.617,,,,,,False,False,False,,,,,,,,,
510,100066,negative,low,27.099,146.0,4723.0,,4723.0,4577.0,True,True,True,197.0,,166.0,,,,146.0,146.0,152.0
511,100066,negative,high,33.282,,2634.0,,2634.0,,False,True,False,,,,,,,,,
512,100066,negative,high,33.305,,2634.0,,2634.0,,False,True,False,,,,,,,,,
513,100066,negative,low,39.677,267.0,,,,,True,False,False,,267.0,,,,,,,
514,100066,negative,high,47.373,527.0,,,,,False,False,False,527.0,,,,,,,,
515,100066,negative,high,57.401,,,,,,False,False,False,,,,,,,,,
516,100066,negative,high,70.166,11.0,,,,,False,False,False,585.0,567.0,164.0,11.0,,,139.0,139.0,
485,100066,positive,high,2.053,133.0,4311.0,1461.0,4311.0,4178.0,True,True,True,,,133.0,,,,,,
486,100066,positive,low,5.037,18.0,1300.0,1250.0,1300.0,1282.0,False,True,True,,,18.0,,,96.0,171.0,171.0,
487,100066,positive,high,7.192,143.0,100.0,150.0,100.0,-43.0,True,False,False,311.0,,,150.0,143.0,,,,
488,100066,positive,low,9.669,199.0,,,,,True,False,False,,,,,199.0,,,,
489,100066,positive,high,10.112,,1508.0,,1508.0,,False,True,False,,,,,,,,,
490,100066,positive,low,11.768,48.0,,,,,False,False,False,84.0,,,551.0,48.0,123.0,146.0,146.0,378.0
491,100066,positive,low,12.145,10.0,,,,,False,False,False,430.0,592.0,,175.0,434.0,426.0,500.0,500.0,10.0
492,100066,positive,low,16.687,228.0,2003.0,1953.0001220703125,2003.0,1775.0,True,True,True,,,581.0,228.0,,379.0,,,316.0
493,100066,positive,low,20.596,,3.0,53.0,3.0,,False,False,False,,,,,,,,,
494,100066,positive,high,21.822,109.0,2512.0,255.99998474121094,2512.0,2403.0,True,True,True,,,109.0,,,261.0,,,
495,100066,positive,high,24.696,78.0,4.0,54.5,4.0,-74.0,False,False,False,,,,78.0,,,540.0,540.0,
496,100066,positive,high,34.435,386.0,1603.0,,1603.0,1217.0,True,True,True,,,,,,,,,386.0
497,100066,positive,low,39.083,67.0,3.0,1357.0,3.0,-64.0,False,False,False,,,,,,,67.0,67.0,258.0
498,100066,positive,low,39.091,59.0,3.0,1357.0,3.0,-56.0,False,False,False,,,,,,,59.0,59.0,250.0
499,100066,positive,high,45.949,,1311.0,1161.0,1311.0,,False,True,False,,,,,,,,,
500,100066,positive,high,59.438,,,4550.99951171875,4550.99951171875,,False,True,False,,,,,,,,,
501,100066,positive,high,66.952,86.0,,165.0,165.0,79.0,False,False,False,,252.0,,,274.0,,86.0,86.0,93.0
502,100066,positive,low,69.482,,,,,,False,False,False,,,,,,,,,
503,100066,positive,low,100.462,235.0,5.0,55.0,5.0,-230.0,True,False,False,,372.0,235.0,,,,236.0,236.0,
504,100066,positive,low,102.749,39.0,,54.0,54.0,15.0,False,False,False,521.0,,70.0,452.0,491.0,39.0,92.0,92.0,
505,100066,positive,low,107.044,10.0,1.0,151.00001525878906,1.0,-9.0,False,False,False,152.0,143.0,,64.0,154.0,,10.0,10.0,284.0
506,100066,positive,low,109.053,526.0,,50.0,50.0,-476.0,False,False,False,,,,,,,,,526.0
507,100066,positive,high,110.046,57.0,,,,,False,False,False,,,287.0,,360.0,135.0,57.0,57.0,446.0
540,100068,negative,high,5.042,277.0,,156.0,156.0,-121.0,True,False,False,277.0,,,,,,595.0,595.0,
541,100068,negative,high,8.119,131.0,,,,,True,False,False,,452.0,,,,,,,131.0
542,100068,negative,high,14.476,133.0,707.0,656.5,707.0,574.0,True,True,True,,,,,,170.0,,,133.0
543,100068,negative,high,15.145,58.0,7.0,965.0000610351562,7.0,-51.0,False,False,False,553.0,58.0,130.0,499.0,78.0,425.0,,,130.0
544,100068,negative,high,17.982,35.0,,62.000003814697266,62.000003814697266,27.000003814697266,False,False,False,329.0,278.0,35.0,,190.0,,,,171.0
545,100068,negative,high,25.453,327.0,510.0,156.0,510.0,183.0,True,True,True,,327.0,,,480.0,,,,
546,100068,negative,high,28.47,15.0,,66.0,66.0,51.0,False,False,False,158.0,15.0,,,157.0,,,,
547,100068,negative,low,30.207,,1834.0,65.0,1834.0,,False,True,False,,,,,,,,,
548,100068,negative,high,36.211,19.0,713.0,60.5,713.0,694.0,False,True,True,19.0,221.0,102.0,,,153.0,,,186.0
549,100068,negative,high,49.407,41.0,,71.0,71.0,30.0,False,False,False,,41.0,,475.0,,,,,
550,100068,negative,high,50.257,86.0,414.0,363.5,414.0,328.0,False,False,True,86.0,159.0,,294.0,469.0,,,,438.0
551,100068,negative,high,60.293,35.0,4632.0,1260.9998779296875,4632.0,4597.0,False,True,True,,35.0,,,,,,,113.0
517,100068,positive,low,5.123,87.0,201.0,151.00001525878906,201.0,114.0,False,False,True,,,,,,101.0,,,87.0
518,100068,positive,low,10.134,94.0,,654.0,654.0,560.0,False,True,True,,94.0,,,170.0,,,,
519,100068,positive,high,11.203,251.0,,255.99998474121094,255.99998474121094,4.9999847412109375,True,False,False,251.0,478.0,499.0,325.0,,,417.0,417.0,
520,100068,positive,low,13.768,177.0,104.0,554.0,104.0,-73.0,True,False,False,,,,,,177.0,,,249.0
521,100068,positive,high,17.914,40.0,2307.0,2257.0,2307.0,2267.0,False,True,True,,,,,,,40.0,40.0,
522,100068,positive,low,22.94,484.0,,,,,True,False,False,,,484.0,,,,,,
523,100068,positive,low,25.904,223.0,,,,,True,False,False,362.0,348.0,,277.0,223.0,,,,
524,100068,positive,low,27.274,84.0,,,,,False,False,False,,,202.0,,,,84.0,84.0,
525,100068,positive,low,31.021,326.0,2505.0,2454.500244140625,2505.0,2179.0,True,True,True,,,328.0,,,,,,326.0
526,100068,positive,low,31.51,209.0,2105.0,2055.0,2105.0,1896.0,True,True,True,,,,,,209.0,,,
527,100068,positive,high,35.219,71.0,,,,,False,False,False,71.0,,,320.0,,,233.0,233.0,263.0
528,100068,positive,high,36.054,128.0,,,,,True,False,False,,,128.0,,,,,,
529,100068,positive,high,52.155,47.0,,,,,False,False,False,,47.0,202.0,490.0,,,,,
530,100068,positive,high,60.31,30.0,,,,,False,False,False,,,,,,,30.0,30.0,
531,100068,positive,low,61.62,27.0,,,,,False,False,False,,175.0,,,,,,,27.0
532,100068,positive,low,65.438,72.0,3205.0,3155.0,3205.0,3133.0,False,True,True,,,,,72.0,,,,287.0
533,100068,positive,low,69.865,,,,,,False,False,False,,,,,,,,,
534,100068,positive,low,70.332,202.0,,,,,True,False,False,,,,202.0,,,,,
535,100068,positive,low,73.717,11.0,,,,,False,False,False,,156.0,,11.0,148.0,,307.0,307.0,
536,100068,positive,high,78.728,36.0,805.0,755.0,805.0,769.0,False,True,True,36.0,,88.0,,166.0,,,,43.0
537,100068,positive,low,83.137,67.0,1208.0,958.0,1208.0,1141.0,False,True,True,,67.0,,,409.0,,,,
538,100068,positive,high,83.6,122.0,707.0,557.0000610351562,707.0,585.0,True,True,True,245.0,122.0,335.0,,,,498.0,498.0,
539,100068,positive,high,85.356,162.0,,,,,True,False,False,369.0,,,,580.0,162.0,,,
579,100069,negative,high,4.456,157.0,213.0,63.0,213.0,56.0,True,False,False,,,,357.0,157.0,,,,
580,100069,negative,high,7.264,10.0,1.0,51.000003814697266,1.0,-9.0,False,False,False,11.0,45.0,,10.0,92.0,,,,
581,100069,negative,low,10.194,136.0,2317.0,163.0,2317.0,2181.0,True,True,True,,,549.0,,,136.0,459.0,459.0,519.0
582,100069,negative,high,11.334,111.0,1207.0,1056.9998779296875,1207.0,1096.0,True,True,True,284.0,386.0,577.0,275.0,590.0,,124.0,124.0,111.0
583,100069,negative,high,13.773,579.0,,53.0,53.0,-526.0,False,False,False,,,,,,,579.0,579.0,
584,100069,negative,low,22.143,10.0,,,,,False,False,False,166.0,190.0,555.0,10.0,211.0,323.0,263.0,263.0,269.0
585,100069,negative,high,22.845,10.0,,,,,False,False,False,38.0,34.0,10.0,,216.0,14.0,16.0,16.0,
586,100069,negative,high,26.255,35.0,820.0,1772.0001220703125,820.0,785.0,False,True,True,,,,,,,,,35.0
587,100069,negative,high,28.152,98.0,8.0,58.000003814697266,8.0,-90.0,False,False,False,98.0,,,,,,,,
588,100069,negative,high,35.763,,,3290.0,3290.0,,False,True,False,,,,,,,,,
589,100069,negative,high,42.207,10.0,8.0,58.5,8.0,-2.0,False,False,False,,,,58.0,,,,,10.0
590,100069,negative,high,52.235,208.0,3218.0,250.0,3218.0,3010.0,True,True,True,,,,,,,,,208.0
552,100069,positive,high,1.346,,2657.0,2606.999755859375,2657.0,,False,True,False,,,,,,,,,
553,100069,positive,low,2.522,10.0,1503.0,1453.0001220703125,1503.0,1493.0,False,True,True,,71.0,10.0,,10.0,,15.0,15.0,191.0
554,100069,positive,low,3.858,160.0,201.0,151.00001525878906,201.0,41.0,True,False,False,161.0,177.0,,161.0,,,162.0,162.0,160.0
555,100069,positive,high,4.207,124.0,1.0,51.000003814697266,1.0,-123.0,True,False,False,411.0,,,384.0,534.0,124.0,411.0,411.0,
556,100069,positive,low,4.782,114.0,901.0,51.000003814697266,901.0,787.0,True,True,True,,448.0,,,114.0,,,,
557,100069,positive,low,6.16,71.0,,150.0,150.0,79.0,False,False,False,,71.0,142.0,,,,,,
558,100069,positive,low,7.214,194.0,,50.0,50.0,-144.0,True,False,False,,194.0,,201.0,224.0,,210.0,210.0,211.0
559,100069,positive,low,9.201,,,550.0,550.0,,False,True,False,,,,,,,,,
560,100069,positive,high,9.289,,,450.0,450.0,,False,False,False,,,,,,,,,
561,100069,positive,low,9.558,,1601.0,250.0,1601.0,,False,True,False,,,,,,,,,
562,100069,positive,high,10.987,555.0,101.0,51.000003814697266,101.0,-454.0,False,False,False,560.0,564.0,555.0,558.0,,564.0,,,
563,100069,positive,low,12.853,52.0,2101.0,1951.0,2101.0,2049.0,False,True,True,,99.0,,81.0,104.0,,,,52.0
564,100069,positive,low,14.396,10.0,500.0,350.0000305175781,500.0,490.0,False,True,True,148.0,10.0,230.0,10.0,10.0,10.0,181.0,181.0,10.0
565,100069,positive,high,20.904,258.0,1418.0,1368.0,1418.0,1160.0,True,True,True,,,,,,,,,258.0
566,100069,positive,high,24.533,10.0,,,,,False,False,False,10.0,69.0,,30.0,19.0,,256.0,256.0,541.0
567,100069,positive,high,26.566,78.0,804.0,3755.0,804.0,726.0,False,True,True,,,,,,78.0,,,
568,100069,positive,high,31.489,10.0,,3261.000244140625,3261.000244140625,3251.000244140625,False,True,True,,,,,,,19.0,19.0,10.0
569,100069,positive,high,50.189,28.0,3604.0,,3604.0,3576.0,False,True,True,163.0,28.0,40.0,,,35.0,54.0,54.0,
570,100069,positive,high,51.672,141.0,1602.0,,1602.0,1461.0,True,True,True,,,,141.0,213.0,229.0,,,
571,100069,positive,high,53.012,,302.0,,302.0,,False,False,False,,,,,,,,,
572,100069,positive,low,55.631,32.0,2503.0,,2503.0,2471.0,False,True,True,,32.0,,,440.0,,270.0,270.0,274.0
573,100069,positive,low,60.513,102.0,402.0,,402.0,300.0,True,False,True,102.0,,,219.0,,,,,
574,100069,positive,low,61.477,88.0,2603.0,,2603.0,2515.0,False,True,True,,,,,97.0,312.0,,,88.0
575,100069,positive,low,65.82,58.0,2502.0,,2502.0,2444.0,False,True,True,263.0,,,244.0,58.0,,,,
576,100069,positive,high,75.141,76.0,400.0,,400.0,324.0,False,False,True,,,77.0,,,76.0,235.0,235.0,
577,100069,positive,low,79.856,315.0,1205.0,1556.0,1205.0,890.0,True,True,True,,,,,,,315.0,315.0,
578,100069,positive,high,81.909,65.0,607.0,557.0000610351562,607.0,542.0,False,True,True,,142.0,80.0,,,284.0,65.0,65.0,
611,100070,negative,high,5.161,239.0,,55.0,55.0,-184.0,True,False,False,407.0,239.0,,,251.0,352.0,,,589.0
612,100070,negative,high,8.362,357.0,4425.0,1359.9998779296875,4425.0,4068.0,True,True,True,,,,,357.0,,,,520.0
613,100070,negative,high,15.077,31.0,3620.0,158.0,3620.0,3589.0,False,True,True,,,36.0,,,31.0,35.0,35.0,
614,100070,negative,high,15.182,41.0,3520.0,58.000003814697266,3520.0,3479.0,False,True,True,,,,,,41.0,,,
615,100070,negative,low,30.238,,,54.0,54.0,,False,False,False,,,,,,,,,
616,100070,negative,high,30.579,,,357.9999694824219,357.9999694824219,,False,False,False,,,,,,,,,
617,100070,negative,high,36.244,101.0,113.0,766.0000610351562,113.0,12.0,True,False,False,335.0,101.0,,,,,,,
618,100070,negative,low,42.309,80.0,504.0,154.0,504.0,424.0,False,True,True,80.0,563.0,,110.0,142.0,,,,
619,100070,negative,high,50.299,,821.0,771.0,821.0,,False,True,False,,,,,,,,,
620,100070,negative,high,60.336,10.0,513.0,63.0,513.0,503.0,False,True,True,54.0,66.0,,10.0,165.0,,,,
591,100070,positive,high,1.384,,,67.0,67.0,,False,False,False,,,,,,,,,
592,100070,positive,high,2.332,227.0,,51.000003814697266,51.000003814697266,-175.99999618530273,True,False,False,270.0,227.0,,,237.0,,,,
593,100070,positive,low,4.973,174.0,,51.5,51.5,-122.5,True,False,False,,,,212.0,,,174.0,174.0,458.0
594,100070,positive,low,9.999,26.0,,2952.000244140625,2952.000244140625,2926.000244140625,False,True,True,,583.0,,,,,,,26.0
595,100070,positive,low,10.104,280.0,,2852.0,2852.0,2572.0,True,True,True,,478.0,,,,,,,280.0
596,100070,positive,low,22.353,13.0,301.0,250.99998474121094,301.0,288.0,False,False,True,,,,,13.0,362.0,384.0,384.0,437.0
597,100070,positive,low,28.364,270.0,,556.0,556.0,286.0,True,True,True,,,,,,,,,270.0
598,100070,positive,low,29.876,64.0,1307.0,1357.0,1307.0,1243.0,False,True,True,,,554.0,,,501.0,64.0,64.0,107.0
599,100070,positive,high,30.358,19.0,902.0,852.0,902.0,883.0,False,True,True,,,71.0,,,19.0,194.0,194.0,
600,100070,positive,high,31.637,10.0,2507.0,51.000003814697266,2507.0,2497.0,False,True,True,,,,,,10.0,,,
601,100070,positive,low,32.284,,1906.0,51.999996185302734,1906.0,,False,True,False,,,,,,,,,
602,100070,positive,low,32.299,,1906.0,51.999996185302734,1906.0,,False,True,False,,,,,,,,,
603,100070,positive,high,35.067,195.0,4.0,54.0,4.0,-191.0,True,False,False,,,195.0,255.0,,,,,
604,100070,positive,high,38.49,,812.0,59.5,812.0,,False,True,False,,,,,,,,,
605,100070,positive,high,45.276,234.0,,559.0,559.0,325.0,True,True,True,,,,,,,,,234.0
606,100070,positive,high,48.936,,,57.0,57.0,,False,False,False,,,,,,,,,
607,100070,positive,high,53.425,134.0,2000.9998779296875,51.000003814697266,2000.9998779296875,1866.9998779296875,True,True,True,,,,,353.0,,134.0,134.0,525.0
608,100070,positive,high,60.182,168.0,2504.0,153.0,2504.0,2336.0,True,True,True,,,,,,,,,168.0
609,100070,positive,low,70.203,,,51.000003814697266,51.000003814697266,,False,False,False,,,,,,,,,
610,100070,positive,low,80.022,50.0,,54.0,54.0,4.0,False,False,False,,,566.0,,200.0,338.0,50.0,50.0,
646,100075,negative,high,5.153,143.0,3811.0,3761.000244140625,3811.0,3668.0,True,True,True,,,,,,,,,143.0
647,100075,negative,low,10.726,29.0,,252.99998474121094,252.99998474121094,223.99998474121094,False,False,True,,,596.0,,,29.0,506.0,506.0,
648,100075,negative,high,15.143,337.0,3715.0,1356.0,3715.0,3378.0,True,True,True,,,470.0,,,,337.0,337.0,
649,100075,negative,high,25.77,,808.0,54.0,808.0,,False,True,False,,,,,,,,,
650,100075,negative,low,30.179,382.0,,961.0,961.0,579.0,True,True,True,,,,,,,,,382.0
651,100075,negative,high,32.56,,2211.0,1057.5,2211.0,,False,True,False,,,,,,,,,
652,100075,negative,high,36.188,216.0,4329.0,2972.0,4329.0,4113.0,True,True,True,,,,,496.0,,,,216.0
653,100075,negative,high,50.202,,3320.0,1167.0,3320.0,,False,True,False,,,,,,,,,
654,100075,negative,high,60.221,37.0,211.0,160.0,211.0,174.0,False,False,True,,,,60.0,37.0,,228.0,228.0,316.0
655,100075,negative,high,105.398,510.0,1526.0,1475.5,1526.0,1016.0,False,True,True,,,,,,,,,510.0
621,100075,positive,high,2.02,,,,,,False,False,False,,,,,,,,,
622,100075,positive,high,3.867,415.0,3502.0,3451.5,3502.0,3087.0,True,True,True,,,,415.0,,,,,
623,100075,positive,low,5.121,98.0,2201.0,2150.499755859375,2201.0,2103.0,False,True,True,395.0,,,98.0,,130.0,,,
624,100075,positive,high,8.05,175.0,3106.0,552.0,3106.0,2931.0,True,True,True,,,332.0,573.0,175.0,196.0,568.0,568.0,
625,100075,positive,low,10.143,10.0,1003.9999389648438,52.500003814697266,1003.9999389648438,993.9999389648438,False,True,True,,,,,,,,,10.0
626,100075,positive,high,11.947,,2603.0,1153.0,2603.0,,False,True,False,,,,,,,,,
627,100075,positive,high,13.622,,800.0,750.0,800.0,,False,True,False,,,,,,,,,
628,100075,positive,low,16.31,239.0,,151.00001525878906,151.00001525878906,-87.99998474121094,True,False,False,,239.0,412.0,,377.0,571.0,516.0,516.0,
629,100075,positive,low,16.325,223.0,,151.00001525878906,151.00001525878906,-71.99998474121094,True,False,False,,223.0,397.0,,361.0,555.0,500.0,500.0,
630,100075,positive,high,18.593,10.0,,250.99998474121094,250.99998474121094,240.99998474121094,False,False,True,,,26.0,,10.0,91.0,33.0,33.0,13.0
631,100075,positive,high,23.09,181.0,2016.0,1966.0001220703125,2016.0,1835.0,True,True,True,,,593.0,,181.0,502.0,,,
632,100075,positive,high,33.476,23.0,3609.0,4461.0,3609.0,3586.0,False,True,True,,,23.0,,,30.0,168.0,168.0,561.0
633,100075,positive,low,34.377,422.0,1907.0,3560.999755859375,1907.0,1485.0,True,True,True,550.0,,,,432.0,422.0,,,
634,100075,positive,low,34.735,68.0,1507.0,3160.5,1507.0,1439.0,False,True,True,,360.0,,,74.0,68.0,,,
635,100075,positive,high,35.164,504.0,1107.0,2761.000244140625,1107.0,603.0,False,True,True,,,,504.0,,,,,
636,100075,positive,low,43.493,,208.0,157.5,208.0,,False,False,False,,,,,,,,,
637,100075,positive,low,46.196,10.0,603.0,53.0,603.0,593.0,False,True,True,14.0,24.0,74.0,,10.0,,39.0,39.0,33.0
638,100075,positive,low,51.197,53.0,,1460.0,1460.0,1407.0,False,True,True,,,,,,173.0,,,53.0
639,100075,positive,low,56.811,128.0,101.0,2351.0,101.0,-27.0,True,False,False,408.0,398.0,379.0,128.0,552.0,379.0,557.0,557.0,
640,100075,positive,high,60.209,208.0,3608.0,3458.0,3608.0,3400.0,True,True,True,,,,208.0,421.0,,345.0,345.0,
641,100075,positive,low,70.217,465.0,1.0,51.5,1.0,-464.0,True,False,False,,,,,,465.0,,,
642,100075,positive,high,71.382,337.0,,1053.0,1053.0,716.0,True,True,True,,,,,,,337.0,337.0,
643,100075,positive,high,88.487,,,,,,False,False,False,,,,,,,,,
644,100075,positive,low,94.747,,2505.0,,2505.0,,False,True,False,,,,,,,,,
645,100075,positive,low,95.637,536.0,1705.0,,1705.0,1169.0,False,True,True,,,,,,,536.0,536.0,
679,100076,negative,high,5.703,144.0,,260.0,260.0,116.0,True,False,True,250.0,364.0,,437.0,269.0,144.0,,,
680,100076,negative,high,15.738,56.0,1.0,,1.0,-55.0,False,False,False,56.0,403.0,,,,,,,
681,100076,negative,high,17.37,10.0,4311.0,4661.00048828125,4311.0,4301.0,False,True,True,,,77.0,,373.0,10.0,20.0,20.0,
682,100076,negative,high,21.141,,103.0,854.0,103.0,,False,False,False,,,,,,,,,
683,100076,negative,low,22.989,245.0,,559.0,559.0,314.0,True,True,True,315.0,245.0,,463.0,429.0,,,,343.0
684,100076,negative,low,30.775,198.0,3215.0,1562.0,3215.0,3017.0,True,True,True,,,,,,,,,198.0
685,100076,negative,high,36.785,,306.0,1158.5,306.0,,False,False,False,,,,,,,,,
686,100076,negative,high,50.845,28.0,2522.0,2775.5,2522.0,2494.0,False,True,True,,,,,,,28.0,28.0,
687,100076,negative,high,60.872,10.0,3917.0,657.0,3917.0,3907.0,False,True,True,,573.0,,,,42.0,,,10.0
688,100076,negative,high,72.833,89.0,2718.0,2768.000244140625,2718.0,2629.0,False,True,True,,187.0,433.0,,251.0,400.0,518.0,518.0,89.0
656,100076,positive,high,1.233,,173.0,22.999998092651367,173.0,,False,False,False,,,,,,,,,
657,100076,positive,high,2.865,,,150.0,150.0,,False,False,False,,,,,,,,,
658,100076,positive,high,4.918,138.0,,4859.0,4859.0,4721.0,True,True,True,,,212.0,157.0,,,,,138.0
659,100076,positive,low,5.031,25.0,4909.0,4759.0,4909.0,4884.0,False,True,True,,,99.0,40.0,,,,,25.0
660,100076,positive,high,8.215,353.0,1508.0,1558.0001220703125,1508.0,1155.0,True,True,True,,,,,409.0,353.0,,,
661,100076,positive,low,10.071,338.0,9.0,59.0,9.0,-329.0,True,False,False,,,338.0,,,,,,
662,100076,positive,low,11.606,90.0,,1058.0001220703125,1058.0001220703125,968.0001220703125,False,True,True,,,,,,,,,90.0
663,100076,positive,low,12.471,20.0,306.0,55.0,306.0,286.0,False,False,True,,109.0,175.0,400.0,127.0,20.0,198.0,198.0,
664,100076,positive,low,14.596,,602.0,352.0,602.0,,False,True,False,,,,,,,,,
665,100076,positive,high,18.36,25.0,1506.0,3658.0,1506.0,1481.0,False,True,True,29.0,25.0,36.0,,411.0,,,,485.0
666,100076,positive,low,31.419,377.0,,,,,True,False,False,,377.0,,,,,,,
667,100076,positive,high,35.139,442.0,,,,,True,False,False,,,,,442.0,,,,
668,100076,positive,high,41.987,84.0,,,,,False,False,False,,,,,,,,,84.0
669,100076,positive,high,45.251,12.0,,,,,False,False,False,,555.0,,446.0,12.0,,560.0,560.0,37.0
670,100076,positive,high,46.733,,,,,,False,False,False,,,,,,,,,
671,100076,positive,high,52.088,10.0,,,,,False,False,False,,82.0,10.0,,,432.0,87.0,87.0,
672,100076,positive,high,53.841,197.0,,,,,True,False,False,197.0,,235.0,,,282.0,,,477.0
673,100076,positive,high,56.707,315.0,,,,,True,False,False,,,,334.0,315.0,,,,
674,100076,positive,high,60.203,,,,,,False,False,False,,,,,,,,,
675,100076,positive,low,70.122,11.0,,,,,False,False,False,,31.0,11.0,,,,,,
676,100076,positive,low,73.124,86.0,,,,,False,False,False,,,,,86.0,,,,102.0
677,100076,positive,high,78.156,38.0,,,,,False,False,False,158.0,266.0,195.0,293.0,38.0,298.0,324.0,324.0,198.0
678,100076,positive,high,79.1,218.0,,,,,True,False,False,,,,,218.0,,,,
712,100082,negative,high,4.942,53.0,811.0,557.9999389648438,811.0,758.0,False,True,True,385.0,53.0,,,,469.0,199.0,199.0,
713,100082,negative,high,15.014,,,61.0,61.0,,False,False,False,,,,,,,,,
714,100082,negative,high,17.639,11.0,2709.0,2058.499755859375,2709.0,2698.0,False,True,True,25.0,11.0,43.0,30.0,37.0,21.0,21.0,21.0,23.0
715,100082,negative,high,23.979,193.0,,,,,True,False,False,,,,193.0,252.0,,,,
716,100082,negative,low,30.058,80.0,2622.0,,2622.0,2542.0,False,True,True,,336.0,,,,,80.0,80.0,
717,100082,negative,high,30.26,135.0,2422.0,,2422.0,2287.0,True,True,True,,135.0,,,,,,,
718,100082,negative,low,32.75,,1514.0,2765.5,1514.0,,False,True,False,,,,,,,,,
719,100082,negative,high,36.067,178.0,505.0,54.5,505.0,327.0,True,True,True,433.0,219.0,178.0,,254.0,,,,471.0
720,100082,negative,high,44.445,138.0,,58.000003814697266,58.000003814697266,-79.99999618530273,True,False,False,,,171.0,,,138.0,346.0,346.0,
721,100082,negative,high,50.101,443.0,5.0,55.0,5.0,-438.0,True,False,False,,,,443.0,,,,,
722,100082,negative,high,60.148,,,153.0,153.0,,False,False,False,,,,,,,,,
723,100082,negative,high,80.346,28.0,,868.5,868.5,840.5,False,True,True,,,191.0,,,206.0,166.0,166.0,28.0
689,100082,positive,high,3.912,216.0,1907.0,4765.00048828125,1907.0,1691.0,True,True,True,493.0,216.0,,,,,,,
690,100082,positive,low,4.039,368.0,1807.0,1556.5,1807.0,1439.0,True,True,True,368.0,451.0,,563.0,,,,,
691,100082,positive,high,6.683,,3109.0,1959.0001220703125,3109.0,,False,True,False,,,,,,,,,
692,100082,positive,low,9.112,,101.0,450.9999694824219,101.0,,False,False,False,,,,,,,,,
693,100082,positive,high,17.545,10.0,402.0,1653.0,402.0,392.0,False,False,True,,,,10.0,,,,,
694,100082,positive,high,27.852,206.0,3.0,3556.0,3.0,-203.0,True,False,False,,,,206.0,,,,,431.0
695,100082,positive,high,33.537,,,3267.0,3267.0,,False,True,False,,,,,,,,,
696,100082,positive,low,39.765,86.0,2408.0,54.5,2408.0,2322.0,False,True,True,,,,86.0,,,,,
697,100082,positive,low,39.773,78.0,2408.0,54.5,2408.0,2330.0,False,True,True,,,,78.0,,,,,
698,100082,positive,low,53.813,197.0,,58.000003814697266,58.000003814697266,-138.99999618530273,True,False,False,,,,588.0,,,,,197.0
699,100082,positive,low,55.253,203.0,,,,,True,False,False,203.0,,,,,,,,
700,100082,positive,high,55.608,430.0,,,,,True,False,False,,,430.0,589.0,,489.0,,,
701,100082,positive,low,56.961,,4404.0,4253.5,4404.0,,False,True,False,,,,,,,,,
702,100082,positive,low,58.695,,2503.0,2453.0,2503.0,,False,True,False,,,,,,,,,
703,100082,positive,low,58.906,233.0,2303.0,2253.0,2303.0,2070.0,True,True,True,,,,,,,,,233.0
704,100082,positive,high,59.56,109.0,1603.0,1653.5001220703125,1603.0,1494.0,True,True,True,,,,109.0,,,,,
705,100082,positive,low,64.157,242.0,,,,,True,False,False,,242.0,,,,,,,
706,100082,positive,high,91.416,353.0,507.0000305175781,1259.0001220703125,507.0000305175781,154.00003051757812,True,True,True,,,,353.0,,,,,
707,100082,positive,high,93.876,131.0,204.0,154.0,204.0,73.0,True,False,False,,,,,,,,,131.0
708,100082,positive,low,94.538,21.0,,252.0,252.0,231.0,False,False,True,,,138.0,,,,,,21.0
709,100082,positive,high,97.673,99.0,,57.5,57.5,-41.5,False,False,False,,109.0,152.0,,,103.0,99.0,99.0,497.0
710,100082,positive,low,98.487,504.0,,263.0,263.0,-241.0,False,False,False,,,,,,,504.0,504.0,
711,100082,positive,high,98.916,,,62.000003814697266,62.000003814697266,,False,False,False,,,,,,,,,
752,100083,negative,high,2.227,360.0,1309.0,,1309.0,949.0,True,True,True,,,,,360.0,,,,454.0
753,100083,negative,high,4.891,324.0,1909.0,4862.0,1909.0,1585.0,True,True,True,,,,,324.0,,,,
754,100083,negative,high,10.857,202.0,3025.0,2872.5,3025.0,2823.0,True,True,True,333.0,,,,,,,,202.0
755,100083,negative,high,14.546,328.0,916.0,60.0,916.0,588.0,True,True,True,,,,,328.0,405.0,,,
756,100083,negative,high,16.743,10.0,,,,,False,False,False,,393.0,,427.0,282.0,209.0,426.0,426.0,10.0
757,100083,negative,high,20.849,365.0,1417.0,1566.9998779296875,1417.0,1052.0,True,True,True,,365.0,,,,,,,
758,100083,negative,low,26.551,31.0,4127.0,,4127.0,4096.0,False,True,True,200.0,,,,31.0,395.0,,,
759,100083,negative,high,26.844,59.0,3825.0,,3825.0,3766.0,False,True,True,59.0,,,,,102.0,,,
760,100083,negative,low,29.478,208.0,1223.0,,1223.0,1015.0,True,True,True,365.0,,,208.0,241.0,,,,
761,100083,negative,high,35.497,13.0,704.0,,704.0,691.0,False,True,True,,,,,13.0,,,,
762,100083,negative,high,49.552,280.0,1209.0,156.5,1209.0,929.0,True,True,True,,,,,280.0,556.0,408.0,408.0,
763,100083,negative,high,51.742,269.0,,1365.0,1365.0,1096.0,True,True,True,,,,,,269.0,,,
764,100083,negative,high,58.769,421.0,918.0,3679.5,918.0,497.0,True,True,True,,,,,500.0,,,,421.0
724,100083,positive,high,0.691,57.0,711.0,,711.0,654.0,False,True,True,,,,,,,,,57.0
725,100083,positive,low,2.263,529.0,2102.0,,2102.0,1573.0,False,True,True,,,,,529.0,,,,
726,100083,positive,high,4.264,,100.0,,100.0,,False,False,False,,,,,,,,,
727,100083,positive,low,4.616,,2301.0,,2301.0,,False,True,False,,,,,,,,,
728,100083,positive,high,6.725,346.0,101.0,,101.0,-245.0,True,False,False,,,,,346.0,,,,
729,100083,positive,low,9.344,136.0,1510.0,,1510.0,1374.0,True,True,True,283.0,320.0,283.0,319.0,,268.0,179.0,179.0,136.0
730,100083,positive,low,14.424,125.0,1302.0,4752.0,1302.0,1177.0,True,True,True,,125.0,,,,,,,
731,100083,positive,low,19.725,254.0,100.0,50.0,100.0,-154.0,True,False,False,,,,,,,,,254.0
732,100083,positive,low,20.206,419.0,100.0,50.0,100.0,-319.0,True,False,False,501.0,,,,,,,,419.0
733,100083,positive,high,22.246,10.0,,50.0,50.0,40.0,False,False,False,,,23.0,212.0,489.0,10.0,23.0,23.0,10.0
734,100083,positive,low,22.863,,,150.0,150.0,,False,False,False,,,,,,,,,
735,100083,positive,low,22.871,,,150.0,150.0,,False,False,False,,,,,,,,,
736,100083,positive,high,25.828,24.0,2605.0,,2605.0,2581.0,False,True,True,458.0,35.0,108.0,24.0,,,78.0,78.0,
737,100083,positive,high,32.525,66.0,4911.0,,4911.0,4845.0,False,True,True,483.0,,,,,,,,66.0
738,100083,positive,high,34.707,313.0,307.0,3760.0,307.0,-6.0,True,False,False,,,,,527.0,,,,313.0
739,100083,positive,high,59.655,149.0,1603.0,,1603.0,1454.0,True,True,True,,,,,,,,,149.0
740,100083,positive,low,68.979,25.0,801.0,,801.0,776.0,False,True,True,,,,,25.0,,,,433.0
741,100083,positive,low,75.966,,,,,,False,False,False,,,,,,,,,
742,100083,positive,low,79.713,124.0,,,,,True,False,False,,,,,124.0,,,,
743,100083,positive,high,80.372,572.0,,,,,False,False,False,,,,,572.0,,,,
744,100083,positive,high,81.895,25.0,3713.0,,3713.0,3688.0,False,True,True,,,25.0,,,,,,238.0
745,100083,positive,high,83.437,,2211.0,,2211.0,,False,True,False,,,,,,,,,
746,100083,positive,low,83.475,,2211.0,,2211.0,,False,True,False,,,,,,,,,
747,100083,positive,low,91.744,35.0,4.0,,4.0,-31.0,False,False,False,,,,,,,,,35.0
748,100083,positive,high,92.114,349.0,,,,,True,False,False,,579.0,,,,,,,349.0
749,100083,positive,high,92.482,206.0,,,,,True,False,False,,206.0,,,,,,,522.0
750,100083,positive,high,95.29,,,,,,False,False,False,,,,,,,,,
751,100083,positive,high,98.451,245.0,2815.0,,2815.0,2570.0,True,True,True,,245.0,,414.0,,,488.0,488.0,
792,100089,negative,high,4.875,14.0,603.0,3361.0,603.0,589.0,False,True,True,129.0,139.0,,14.0,,,,,
793,100089,negative,low,10.383,10.0,711.0,,711.0,701.0,False,True,True,,,166.0,,,,10.0,10.0,113.0
794,100089,negative,high,12.844,,103.0,,103.0,,False,False,False,,,,,,,,,
795,100089,negative,high,14.883,141.0,920.0,3485.000244140625,920.0,779.0,True,True,True,,208.0,141.0,,,,,,
796,100089,negative,high,19.134,13.0,13.0,63.0,13.0,0.0,False,False,False,592.0,,,358.0,509.0,,,,13.0
797,100089,negative,high,25.041,312.0,223.0,474.5,223.0,-89.0,True,False,False,,,,312.0,,,,,
798,100089,negative,high,28.336,573.0,1021.9999389648438,65.0,1021.9999389648438,448.99993896484375,False,True,True,,,,,,573.0,,,
799,100089,negative,low,29.961,253.0,,478.9999694824219,478.9999694824219,225.99996948242188,True,False,True,253.0,380.0,,,350.0,,,,
800,100089,negative,high,35.838,419.0,,,,,True,False,False,,,507.0,,,,429.0,429.0,419.0
801,100089,negative,high,50.014,132.0,,,,,True,False,False,132.0,,,,,,,,
802,100089,negative,high,59.578,341.0,1819.0,1869.0,1819.0,1478.0,True,True,True,,,,,,,,,341.0
803,100089,negative,high,67.182,51.0,309.0,,309.0,258.0,False,False,True,,62.0,51.0,101.0,512.0,92.0,114.0,114.0,
765,100089,positive,low,4.475,223.0,,,,,True,False,False,,,,,,,,,223.0
766,100089,positive,high,4.55,148.0,,,,,True,False,False,,,,,,,,,148.0
767,100089,positive,high,5.694,397.0,100.0,,100.0,-297.0,True,False,False,,,,397.0,,,,,
768,100089,positive,low,9.486,471.0,4105.0,4355.0,4105.0,3634.0,True,True,True,471.0,,,,,,,,
769,100089,positive,high,17.703,,3322.0,3271.999755859375,3322.0,,False,True,False,,,,,,,,,
770,100089,positive,low,20.425,17.0,612.0,562.0000610351562,612.0,595.0,False,True,True,,,478.0,17.0,,,,,
771,100089,positive,low,24.638,23.0,102.0,51.5,102.0,79.0,False,False,False,71.0,82.0,,23.0,,,,,
772,100089,positive,high,24.668,41.0,102.0,51.5,102.0,61.0,False,False,False,41.0,52.0,,92.0,,,,,
773,100089,positive,low,26.316,34.0,4209.0,3758.0,4209.0,4175.0,False,True,True,,,,34.0,,,,,58.0
774,100089,positive,high,27.144,276.0,3006.0,2955.999755859375,3006.0,2730.0,True,True,True,276.0,,,,,,,,
775,100089,positive,low,27.683,305.0,2305.0,2355.0,2305.0,2000.0,True,True,True,,,451.0,,,499.0,,,305.0
776,100089,positive,high,34.338,,306.0,455.9999694824219,306.0,,False,False,False,,,,,,,,,
777,100089,positive,high,40.586,245.0,206.0,55.999996185302734,206.0,-39.0,True,False,False,251.0,245.0,,,,,,,
778,100089,positive,low,43.882,41.0,,,,,False,False,False,41.0,91.0,,92.0,72.0,,101.0,101.0,151.0
779,100089,positive,high,50.677,348.0,103.0,153.0,103.0,-245.0,True,False,False,348.0,584.0,,,,,,,
780,100089,positive,low,55.472,10.0,101.0,51.000003814697266,101.0,91.0,False,False,False,,,,29.0,,,,,10.0
781,100089,positive,high,58.879,158.0,312.0,,312.0,154.0,True,False,True,,,,158.0,,,,,
782,100089,positive,low,58.934,103.0,312.0,,312.0,209.0,True,False,True,,,,103.0,,,,,
783,100089,positive,low,63.249,,600.0,1750.0,600.0,,False,True,False,,,,,,,,,
784,100089,positive,low,63.275,,500.0,1750.0,500.0,,False,True,False,,,,,,,,,
785,100089,positive,low,68.478,10.0,,,,,False,False,False,,,173.0,114.0,199.0,10.0,13.0,13.0,481.0
786,100089,positive,low,69.93,10.0,303.0,3857.5,303.0,293.0,False,False,True,187.0,132.0,10.0,,68.0,15.0,16.0,16.0,
787,100089,positive,high,71.555,289.0,2205.0,2155.0,2205.0,1916.0,True,True,True,,,,289.0,,,,,
788,100089,positive,low,73.662,58.0,3.0,53.0,3.0,-55.0,False,False,False,58.0,59.0,,,,,,,
789,100089,positive,high,75.867,121.0,1411.0,961.0,1411.0,1290.0,True,True,True,121.0,124.0,,,,,,,
790,100089,positive,low,84.347,386.0,908.0,4364.00048828125,908.0,522.0,True,True,True,411.0,,,386.0,,,,,
791,100089,positive,high,89.131,144.0,3.0,55.5,3.0,-141.0,True,False,False,152.0,144.0,,217.0,,,,,
829,100107,negative,high,5.11,172.0,412.0,55.999996185302734,412.0,240.0,True,False,True,,,526.0,,,536.0,172.0,172.0,447.0
830,100107,negative,high,8.023,29.0,201.0,50.0,201.0,172.0,False,False,True,,,,29.0,51.0,,,,244.0
831,100107,negative,high,15.135,273.0,3817.0,1658.9998779296875,3817.0,3544.0,True,True,True,,,273.0,,,452.0,405.0,405.0,
832,100107,negative,high,17.34,472.0,1711.0,555.0,1711.0,1239.0,True,True,True,472.0,,,,,517.0,,,
833,100107,negative,low,22.29,146.0,,53.0,53.0,-93.0,True,False,False,,,285.0,,,234.0,146.0,146.0,
834,100107,negative,high,23.502,26.0,,353.0,353.0,327.0,False,False,True,,,26.0,480.0,,513.0,,,
835,100107,negative,low,29.987,250.0,5.0,1866.5,5.0,-245.0,True,False,False,,,,,,250.0,,,
836,100107,negative,high,35.999,,907.0,1459.0,907.0,,False,True,False,,,,,,,,,
837,100107,negative,high,36.782,313.0,608.0,557.9999389648438,608.0,295.0,True,True,True,,,,313.0,433.0,,394.0,394.0,563.0
838,100107,negative,high,43.839,,,,,,False,False,False,,,,,,,,,
839,100107,negative,high,49.611,74.0,5.0,961.0,5.0,-69.0,False,False,False,,,,,,,,,74.0
840,100107,negative,high,59.312,22.0,1918.0,163.0,1918.0,1896.0,False,True,True,144.0,269.0,,,268.0,,,,22.0
841,100107,negative,high,84.803,65.0,1432.0,1080.5,1432.0,1367.0,False,True,True,65.0,131.0,172.0,332.0,129.0,224.0,134.0,134.0,
804,100107,positive,high,2.379,103.0,2105.0,2055.0,2105.0,2002.0,True,True,True,116.0,132.0,132.0,132.0,132.0,133.0,132.0,132.0,103.0
805,100107,positive,high,4.431,473.0,1.0,51.000003814697266,1.0,-472.0,True,False,False,,,,,,,,,473.0
806,100107,positive,low,4.635,38.0,1.0,51.000003814697266,1.0,-37.0,False,False,False,285.0,,,,,,38.0,38.0,269.0
807,100107,positive,high,5.785,,2500.0,750.0,2500.0,,False,True,False,,,,,,,,,
808,100107,positive,high,6.732,,100.0,50.0,100.0,,False,False,False,,,,,,,,,
809,100107,positive,low,9.645,,,,,,False,False,False,,,,,,,,,
810,100107,positive,high,10.488,179.0,4302.0,4052.0,4302.0,4123.0,True,True,True,514.0,531.0,,,179.0,,,,
811,100107,positive,high,32.654,11.0,4523.0,1353.5,4523.0,4512.0,False,True,True,,,11.0,221.0,,56.0,331.0,331.0,
812,100107,positive,high,34.732,483.0,1513.0,1462.5,1513.0,1030.0,True,True,True,,,591.0,,,,,,483.0
813,100107,positive,high,42.138,229.0,,1458.0,1458.0,1229.0,True,True,True,,,,229.0,552.0,,,,
814,100107,positive,high,44.508,297.0,4905.0,,4905.0,4608.0,True,True,True,,,,297.0,397.0,,,,
815,100107,positive,high,46.812,,700.0,3955.0,700.0,,False,True,False,,,,,,,,,
816,100107,positive,low,47.218,350.0,300.0,3555.0,300.0,-50.0,True,False,False,,,,,,,,,350.0
817,100107,positive,high,49.717,27.0,905.0,1055.0001220703125,905.0,878.0,False,True,True,,,,,27.0,,,,
818,100107,positive,low,52.765,29.0,701.0,351.0,701.0,672.0,False,True,True,29.0,108.0,,107.0,105.0,,455.0,455.0,30.0
819,100107,positive,high,55.45,20.0,900.0,850.0,900.0,880.0,False,True,True,,,368.0,557.0,521.0,20.0,139.0,139.0,
820,100107,positive,low,56.045,68.0,300.0,250.0,300.0,232.0,False,False,True,284.0,82.0,,82.0,68.0,,,,82.0
821,100107,positive,high,58.4,,,,,,False,False,False,,,,,,,,,
822,100107,positive,high,58.984,195.0,,,,,True,False,False,,,,,,,195.0,195.0,
823,100107,positive,high,59.36,,,,,,False,False,False,,,,,,,,,
824,100107,positive,high,65.826,403.0,1302.0,1252.0001220703125,1302.0,899.0,True,True,True,,,,403.0,,,,,547.0
825,100107,positive,low,69.017,54.0,,,,,False,False,False,,,,54.0,,,,,
826,100107,positive,high,84.732,118.0,618.0,468.0,618.0,500.0,True,True,True,,,,,118.0,506.0,,,
827,100107,positive,high,86.132,95.0,2825.0,2575.0,2825.0,2730.0,False,True,True,,,,,,,248.0,248.0,95.0
828,100107,positive,high,89.082,69.0,3.0,1556.9998779296875,3.0,-66.0,False,False,False,,,486.0,,,,69.0,69.0,
865,100115,negative,high,5.156,175.0,,3363.0,3363.0,3188.0,True,True,True,175.0,,,,215.0,,,,
866,100115,negative,high,8.15,150.0,811.0,458.4999694824219,811.0,661.0,True,True,True,,,,,,,,,150.0
867,100115,negative,high,14.697,265.0,20.0,70.0,20.0,-245.0,True,False,False,,500.0,473.0,,,469.0,495.0,495.0,265.0
868,100115,negative,high,27.139,49.0,,,,,False,False,False,,,,352.0,,505.0,49.0,49.0,356.0
869,100115,negative,low,29.102,,,,,,False,False,False,,,,,,,,,
870,100115,negative,low,32.246,102.0,,,,,True,False,False,146.0,,,288.0,102.0,,255.0,255.0,216.0
871,100115,negative,high,34.291,13.0,,,,,False,False,False,,598.0,,273.0,,13.0,,,
872,100115,negative,high,48.526,104.0,1.0,51.000003814697266,1.0,-103.0,True,False,False,,,,,104.0,,290.0,290.0,367.0
873,100115,negative,high,58.564,284.0,,,,,True,False,False,,,,,,,,,284.0
874,100115,negative,high,71.898,39.0,2328.0,,2328.0,2289.0,False,True,True,,539.0,169.0,,,75.0,138.0,138.0,39.0
875,100115,negative,high,78.424,73.0,7.0,,7.0,-66.0,False,False,False,,234.0,175.0,,,325.0,87.0,87.0,73.0
842,100115,positive,high,1.565,,,,,,False,False,False,,,,,,,,,
843,100115,positive,low,3.082,256.0,3602.0,3452.000244140625,3602.0,3346.0,True,True,True,429.0,,256.0,,594.0,,,,
844,100115,positive,low,4.798,331.0,1901.0,1750.9998779296875,1901.0,1570.0,True,True,True,,447.0,395.0,,,,,,331.0
845,100115,positive,high,6.126,128.0,401.0,450.9999694824219,401.0,273.0,True,False,True,128.0,,,200.0,,187.0,,,400.0
846,100115,positive,low,9.596,88.0,,2059.0,2059.0,1971.0,False,True,True,403.0,119.0,88.0,,403.0,,,,
847,100115,positive,low,10.277,,,1357.0,1357.0,,False,True,False,,,,,,,,,
848,100115,positive,low,10.292,,,1357.0,1357.0,,False,True,False,,,,,,,,,
849,100115,positive,high,11.18,,606.0,455.9999694824219,606.0,,False,True,False,,,,,,,,,
850,100115,positive,high,16.349,89.0,2000.9998779296875,4352.99951171875,2000.9998779296875,1911.9998779296875,False,True,True,,89.0,137.0,238.0,,163.0,410.0,410.0,258.0
851,100115,positive,high,17.839,,701.0,2853.000244140625,701.0,,False,True,False,,,,,,,,,
852,100115,positive,high,32.617,421.0,,,,,True,False,False,421.0,,,,,,,,
853,100115,positive,high,34.581,64.0,712.0,,712.0,648.0,False,True,True,,,,,,308.0,,,64.0
854,100115,positive,high,36.763,,,,,,False,False,False,,,,,,,,,
855,100115,positive,high,58.527,,2401.0,,2401.0,,False,True,False,,,,,,,,,
856,100115,positive,high,59.324,10.0,1711.0,,1711.0,1701.0,False,True,True,,,45.0,,,152.0,10.0,10.0,
857,100115,positive,low,60.152,311.0,911.0,,911.0,600.0,True,True,True,,,467.0,,505.0,,,,311.0
858,100115,positive,high,61.687,135.0,,,,,True,False,False,135.0,,193.0,,,,363.0,363.0,
859,100115,positive,low,62.628,47.0,,,,,False,False,False,,166.0,,,47.0,,,,179.0
860,100115,positive,low,69.156,174.0,4306.0,,4306.0,4132.0,True,True,True,,415.0,363.0,,,174.0,307.0,307.0,181.0
861,100115,positive,low,70.143,396.0,3206.0,,3206.0,2810.0,True,True,True,,,396.0,,,,,,
862,100115,positive,low,73.803,161.0,1903.0,2453.0,1903.0,1742.0,True,True,True,,,,,,,,,161.0
863,100115,positive,high,74.676,,2904.0,2854.0,2904.0,,False,True,False,,,,,,,,,
864,100115,positive,low,79.03,25.0,,,,,False,False,False,,,,,,112.0,,,25.0
904,100118,negative,high,5.675,10.0,2708.0,2658.0,2708.0,2698.0,False,True,True,,,20.0,,247.0,,10.0,10.0,26.0
905,100118,negative,high,8.67,,2020.9998779296875,59.0,2020.9998779296875,,False,True,False,,,,,,,,,
906,100118,negative,high,15.015,379.0,1718.0,1664.5,1718.0,1339.0,True,True,True,,,379.0,,,,,,477.0
907,100118,negative,high,15.58,,8.0,1167.0,8.0,,False,False,False,,,,,,,,,
908,100118,negative,high,21.54,12.0,,666.5,666.5,654.5,False,True,True,,12.0,55.0,,,,,,
909,100118,negative,high,27.859,,12.0,3198.0,12.0,,False,False,False,,,,,,,,,
910,100118,negative,low,30.673,27.0,22.0,376.0,22.0,-5.0,False,False,False,,143.0,,,27.0,,212.0,212.0,
911,100118,negative,high,35.839,113.0,1917.0,1967.0,1917.0,1804.0,True,True,True,113.0,,592.0,401.0,,401.0,,,
912,100118,negative,high,49.014,31.0,4819.0,4569.0,4819.0,4788.0,False,True,True,,,31.0,,,314.0,,,
913,100118,negative,high,58.963,12.0,503.0000305175781,352.0,503.0000305175781,491.0000305175781,False,True,True,,12.0,,,,595.0,,,
876,100118,positive,high,2.031,578.0,,,,,False,False,False,,,,,,,,,578.0
877,100118,positive,low,5.011,427.0,,,,,True,False,False,,,,,,526.0,427.0,427.0,
878,100118,positive,high,6.629,12.0,3803.0,3753.0,3803.0,3791.0,False,True,True,68.0,43.0,,391.0,12.0,,,,
879,100118,positive,low,10.039,,402.0,352.0,402.0,,False,False,False,,,,,,,,,
880,100118,positive,low,22.155,29.0,,,,,False,False,False,,,29.0,,171.0,,,,138.0
881,100118,positive,low,23.857,420.0,,,,,True,False,False,,420.0,,,,,,,
882,100118,positive,low,23.869,408.0,,,,,True,False,False,,408.0,,,,,,,
883,100118,positive,high,28.771,364.0,,,,,True,False,False,364.0,,488.0,,,546.0,,,
884,100118,positive,low,32.866,,,,,,False,False,False,,,,,,,,,
885,100118,positive,high,35.123,10.0,,,,,False,False,False,24.0,48.0,,,10.0,,24.0,24.0,
886,100118,positive,low,40.166,10.0,,,,,False,False,False,,,11.0,,,10.0,,,
887,100118,positive,low,40.211,266.0,,,,,True,False,False,,,,,,266.0,,,
888,100118,positive,low,42.046,,,,,,False,False,False,,,,,,,,,
889,100118,positive,low,45.122,72.0,,,,,False,False,False,,,72.0,,,541.0,,,
890,100118,positive,low,50.299,,,,,,False,False,False,,,,,,,,,
891,100118,positive,low,54.672,289.0,,,,,True,False,False,,,337.0,,554.0,289.0,,,
892,100118,positive,low,57.938,,,,,,False,False,False,,,,,,,,,
893,100118,positive,high,60.053,10.0,,,,,False,False,False,,54.0,,,47.0,,10.0,10.0,28.0
894,100118,positive,low,60.722,,,,,,False,False,False,,,,,,,,,
895,100118,positive,low,61.219,117.0,,,,,True,False,False,261.0,251.0,117.0,,,,,,
896,100118,positive,low,70.099,563.0,,,,,False,False,False,,,,,563.0,,,,
897,100118,positive,low,87.591,155.0,3518.0,3467.0,3518.0,3363.0,True,True,True,,536.0,,,337.0,155.0,,,
898,100118,positive,low,89.629,,1513.0,1462.5,1513.0,,False,True,False,,,,,,,,,
899,100118,positive,low,95.109,146.0,,254.5,254.5,108.5,True,False,True,,192.0,146.0,,,155.0,,,344.0
900,100118,positive,high,99.459,99.0,,153.49998474121094,153.49998474121094,54.49998474121094,False,False,False,152.0,,,99.0,,,,,
901,100118,positive,high,104.998,144.0,,1553.0,1553.0,1409.0,True,True,True,572.0,,144.0,145.0,,,,,
902,100118,positive,low,106.918,162.0,,50.0,50.0,-112.0,True,False,False,,162.0,,,,,,,
903,100118,positive,high,117.206,10.0,,53.0,53.0,43.0,False,False,False,268.0,44.0,140.0,,358.0,149.0,10.0,10.0,
937,100127,negative,high,5.124,50.0,1311.0,1161.0,1311.0,1261.0,False,True,True,50.0,344.0,,315.0,,,162.0,162.0,214.0
938,100127,negative,high,8.074,155.0,4932.0,51.000003814697266,4932.0,4777.0,True,True,True,493.0,155.0,377.0,264.0,475.0,,,,
939,100127,negative,high,14.447,115.0,,2270.500244140625,2270.500244140625,2155.500244140625,True,True,True,253.0,510.0,,146.0,155.0,,,,115.0
940,100127,negative,high,15.177,109.0,3131.0,1569.0,3131.0,3022.0,True,True,True,,525.0,,109.0,,,,,
941,100127,negative,low,15.523,182.0,1419.0,1269.0,1419.0,1237.0,True,True,True,,182.0,407.0,,,,,,
942,100127,negative,high,22.175,24.0,,1053.9998779296875,1053.9998779296875,1029.9998779296875,False,True,True,24.0,,,143.0,,459.0,,,
943,100127,negative,low,29.878,,,,,,False,False,False,,,,,,,,,
944,100127,negative,high,34.786,380.0,7.0,3579.0,7.0,-373.0,True,False,False,,,,,,380.0,,,
945,100127,negative,high,35.674,249.0,3937.0,2678.0,3937.0,3688.0,True,True,True,,,446.0,,,,249.0,249.0,368.0
946,100127,negative,high,49.713,33.0,817.0,,817.0,784.0,False,True,True,342.0,345.0,33.0,,183.0,46.0,104.0,104.0,68.0
947,100127,negative,high,59.713,445.0,,,,,True,False,False,,,,,445.0,,,,
948,100127,negative,high,66.569,182.0,210.0,,210.0,28.0,True,False,False,,,282.0,,,182.0,,,437.0
949,100127,negative,high,76.057,123.0,,,,,True,False,False,,,,,353.0,514.0,123.0,123.0,134.0
950,100127,negative,high,85.118,181.0,,,,,True,False,False,181.0,,,186.0,,,,,
914,100127,positive,low,0.745,,1758.0,,1758.0,,False,True,False,,,,,,,,,
915,100127,positive,low,4.011,,2505.0,2255.0,2505.0,,False,True,False,,,,,,,,,
916,100127,positive,low,4.206,,2305.0,2055.0,2305.0,,False,True,False,,,,,,,,,
917,100127,positive,low,7.088,47.0,,53.5,53.5,6.5,False,False,False,47.0,,,172.0,,,,,
918,100127,positive,low,14.531,186.0,,,,,True,False,False,,,,,,186.0,,,
919,100127,positive,low,26.969,,201.0,1856.0,201.0,,False,False,False,,,,,,,,,
920,100127,positive,high,29.106,10.0,5.0,,5.0,-5.0,False,False,False,,,,,,10.0,178.0,178.0,148.0
921,100127,positive,high,29.986,39.0,,,,,False,False,False,,431.0,,39.0,60.0,600.0,,,438.0
922,100127,positive,high,34.017,22.0,4614.0,4664.0,4614.0,4592.0,False,True,True,22.0,58.0,,,,,,,438.0
923,100127,positive,low,38.495,135.0,102.0,252.0,102.0,-33.0,True,False,False,,208.0,,,,135.0,317.0,317.0,540.0
924,100127,positive,high,38.714,98.0,2.0,51.999996185302734,2.0,-96.0,False,False,False,,,,,,,98.0,98.0,321.0
925,100127,positive,high,40.113,223.0,,854.5,854.5,631.5,True,True,True,,,292.0,,,223.0,295.0,295.0,227.0
926,100127,positive,low,40.964,104.0,105.0,54.5,105.0,1.0,True,False,False,261.0,,133.0,104.0,163.0,,,,
927,100127,positive,low,43.913,214.0,1409.0,,1409.0,1195.0,True,True,True,,,290.0,,214.0,,,,
928,100127,positive,high,48.128,118.0,,,,,True,False,False,,,,118.0,,,,,
929,100127,positive,high,49.016,305.0,,,,,True,False,False,305.0,,,,,,,,
930,100127,positive,high,54.2,157.0,1902.0,2852.0,1902.0,1745.0,True,True,True,,,,,,,,,157.0
931,100127,positive,low,64.239,221.0,1302.0,1352.0,1302.0,1081.0,True,True,True,237.0,,510.0,221.0,,,,,
932,100127,positive,low,66.203,307.0,,,,,True,False,False,,,,,,,307.0,307.0,
933,100127,positive,high,66.865,143.0,,,,,True,False,False,,,389.0,,,143.0,,,
934,100127,positive,high,75.112,309.0,1005.0,,1005.0,696.0,True,True,True,,,,,,,522.0,522.0,309.0
935,100127,positive,low,86.545,126.0,,,,,True,False,False,,,,126.0,,,,,
936,100127,positive,high,91.253,218.0,2805.0,2855.5,2805.0,2587.0,True,True,True,,,,,218.0,,,,
976,100128,negative,high,5.531,232.0,1007.0,956.5,1007.0,775.0,True,True,True,232.0,,,,,,,,360.0
977,100128,negative,high,9.783,49.0,,52.5,52.5,3.5,False,False,False,,,49.0,,,193.0,108.0,108.0,
978,100128,negative,high,15.563,10.0,,151.00001525878906,151.00001525878906,141.00001525878906,False,False,True,,,10.0,,394.0,10.0,,,
979,100128,negative,high,18.52,10.0,704.0,654.0,704.0,694.0,False,True,True,114.0,20.0,,10.0,44.0,,,,
980,100128,negative,low,20.988,,,663.0,663.0,,False,True,False,,,,,,,,,
981,100128,negative,high,27.958,536.0,110.0,60.0,110.0,-426.0,False,False,False,,,536.0,,,,,,
982,100128,negative,low,30.531,,125.0,75.0,125.0,,False,False,False,,,,,,,,,
983,100128,negative,high,36.619,527.0,1506.0,1556.0,1506.0,979.0,False,True,True,,,,,,527.0,,,
984,100128,negative,high,37.997,,105.0,55.0,105.0,,False,False,False,,,,,,,,,
985,100128,negative,high,50.224,233.0,1715.0,,1715.0,1482.0,True,True,True,285.0,233.0,,381.0,253.0,474.0,,,240.0
986,100128,negative,high,58.362,,,55.999996185302734,55.999996185302734,,False,False,False,,,,,,,,,
987,100128,negative,high,62.132,306.0,2815.0,,2815.0,2509.0,True,True,True,306.0,,,,,,,,
988,100128,negative,high,79.622,77.0,813.0,763.0,813.0,736.0,False,True,True,,,425.0,312.0,79.0,77.0,499.0,499.0,449.0
951,100128,positive,high,1.272,,,79.0,79.0,,False,False,False,,,,,,,,,
952,100128,positive,low,5.064,422.0,,950.0,950.0,528.0,True,True,True,,,,,,524.0,514.0,514.0,422.0
953,100128,positive,low,8.7,,1700.0,1650.0001220703125,1700.0,,False,True,False,,,,,,,,,
954,100128,positive,low,17.677,,,2759.0,2759.0,,False,True,False,,,,,,,,,
955,100128,positive,low,19.22,577.0,1302.0,1152.0,1302.0,725.0,False,True,True,,,,,,,577.0,577.0,
956,100128,positive,low,20.033,359.0,602.0,352.0,602.0,243.0,True,True,True,359.0,,,,,,,,578.0
957,100128,positive,high,21.291,10.0,1602.0,151.00001525878906,1602.0,1592.0,False,True,True,,228.0,,,,,,,10.0
958,100128,positive,low,22.102,71.0,,,,,False,False,False,71.0,,,,578.0,,484.0,484.0,
959,100128,positive,high,26.715,,1701.0,,1701.0,,False,True,False,,,,,,,,,
960,100128,positive,high,30.629,10.0,5.0,1365.9998779296875,5.0,-5.0,False,False,False,132.0,,10.0,,,,365.0,365.0,91.0
961,100128,positive,high,33.691,87.0,,153.0,153.0,66.0,False,False,False,,552.0,87.0,,,,,,
962,100128,positive,high,41.962,51.0,1807.0,1757.0,1807.0,1756.0,False,True,True,497.0,,,51.0,,135.0,118.0,118.0,
963,100128,positive,low,50.544,112.0,,552.0,552.0,440.0,True,True,True,,,,,,,,,112.0
964,100128,positive,high,51.122,237.0,2.0,,2.0,-235.0,True,False,False,,237.0,,,,,,,
965,100128,positive,low,51.395,437.0,,,,,True,False,False,,,,,437.0,,,,
966,100128,positive,low,51.583,249.0,,,,,True,False,False,,,,,249.0,,,,
967,100128,positive,low,54.72,38.0,,,,,False,False,False,,,541.0,38.0,,330.0,193.0,193.0,
968,100128,positive,high,58.58,10.0,3700.0,3650.0,3700.0,3690.0,False,True,True,285.0,283.0,78.0,118.0,10.0,,293.0,293.0,254.0
969,100128,positive,low,58.999,10.0,3300.0,3250.0,3300.0,3290.0,False,True,True,,10.0,55.0,,,,51.0,51.0,
970,100128,positive,high,62.375,137.0,100.0,,100.0,-37.0,True,False,False,137.0,411.0,,238.0,194.0,,,,
971,100128,positive,low,66.995,14.0,,,,,False,False,False,372.0,,286.0,,,284.0,14.0,14.0,286.0
972,100128,positive,low,76.69,10.0,,,,,False,False,False,,,,10.0,,,,,
973,100128,positive,high,88.355,,,,,,False,False,False,,,,,,,,,
974,100128,positive,low,88.595,,,,,,False,False,False,,,,,,,,,
975,100128,positive,low,97.78,59.0,4319.0,4269.0,4319.0,4260.0,False,True,True,,,59.0,387.0,,,564.0,564.0,217.0
1008,100147,negative,high,4.824,97.0,,58.000003814697266,58.000003814697266,-38.999996185302734,False,False,False,,,,424.0,,,,,97.0
1009,100147,negative,high,7.879,10.0,4538.0,4288.0,4538.0,4528.0,False,True,True,,,,,,329.0,,,10.0
1010,100147,negative,high,14.9,168.0,,,,,True,False,False,,,,,,,,,168.0
1011,100147,negative,high,18.06,134.0,,,,,True,False,False,,,134.0,365.0,,,541.0,541.0,468.0
1012,100147,negative,low,29.957,10.0,,,,,False,False,False,,,,,,10.0,,,
1013,100147,negative,high,31.409,165.0,,,,,True,False,False,165.0,,,,,,,,238.0
1014,100147,negative,high,35.962,18.0,3736.0,,3736.0,3718.0,False,True,True,,,22.0,,187.0,,18.0,18.0,
1015,100147,negative,high,50.018,322.0,9.0,,9.0,-313.0,True,False,False,,,365.0,,,,322.0,322.0,
1016,100147,negative,high,53.412,51.0,2212.0,2462.5,2212.0,2161.0,False,True,True,471.0,,,51.0,,264.0,,,
1017,100147,negative,high,59.369,577.0,109.0,59.0,109.0,-468.0,False,False,False,,577.0,,,,,,,
1018,100147,negative,low,71.286,441.0,418.0,1369.0,418.0,-23.0,True,False,False,,,,,,,441.0,441.0,597.0
989,100147,positive,high,1.588,,13.0,163.0,13.0,,False,False,False,,,,,,,,,
990,100147,positive,low,5.321,192.0,,2055.0,2055.0,1863.0,True,True,True,496.0,,,192.0,,,483.0,483.0,
991,100147,positive,high,9.023,,,954.0,954.0,,False,True,False,,,,,,,,,
992,100147,positive,low,10.342,289.0,4.0,55.5,4.0,-285.0,True,False,False,,,289.0,,,374.0,,,
993,100147,positive,high,14.818,,,852.0,852.0,,False,True,False,,,,,,,,,
994,100147,positive,high,29.612,48.0,1112.0,56.500003814697266,1112.0,1064.0,False,True,True,,,213.0,,,48.0,,,
995,100147,positive,high,35.406,215.0,,150.0,150.0,-65.0,True,False,False,285.0,,,215.0,,,,,
996,100147,positive,high,38.469,122.0,600.0,650.0,600.0,478.0,True,True,True,,,,122.0,,,,,
997,100147,positive,low,41.216,180.0,101.0,51.000003814697266,101.0,-79.0,True,False,False,180.0,,,,,,182.0,182.0,
998,100147,positive,low,47.951,,801.0,651.0,801.0,,False,True,False,,,,,,,,,
999,100147,positive,low,54.573,479.0,3301.0,3151.0,3301.0,2822.0,True,True,True,,,,,,,479.0,479.0,
1000,100147,positive,low,55.068,77.0,2801.0,2651.0,2801.0,2724.0,False,True,True,,,,,,,77.0,77.0,
1001,100147,positive,low,55.769,,2101.0,1951.0,2101.0,,False,True,False,,,,,,,,,
1002,100147,positive,high,60.518,60.0,,,,,False,False,False,,,310.0,,,89.0,293.0,293.0,60.0
1003,100147,positive,low,62.294,,101.0,3255.0,101.0,,False,False,False,,,,,,,,,
1004,100147,positive,high,66.147,50.0,3006.0,,3006.0,2956.0,False,True,True,140.0,245.0,,,50.0,,,,403.0
1005,100147,positive,low,66.294,98.0,3306.0,,3306.0,3208.0,False,True,True,,98.0,,,,,,,257.0
1006,100147,positive,low,70.564,56.0,3111.0,1254.0,3111.0,3055.0,False,True,True,,,,,,,,,56.0
1007,100147,positive,low,73.122,10.0,607.0,54.0,607.0,597.0,False,True,True,,,105.0,,,10.0,,,
1077,100186,negative,high,4.589,113.0,208.0,58.000003814697266,208.0,95.0,True,False,False,,,,113.0,,,113.0,113.0,
1078,100186,negative,low,11.775,37.0,505.0,454.9999694824219,505.0,468.0,False,True,True,55.0,37.0,,113.0,,,,,137.0
1079,100186,negative,high,14.373,275.0,814.0,62.000003814697266,814.0,539.0,True,True,True,275.0,275.0,,,,,,,
1080,100186,negative,high,26.866,32.0,,64.0,64.0,32.0,False,False,False,119.0,403.0,36.0,225.0,99.0,42.0,32.0,32.0,
1081,100186,negative,low,29.167,181.0,537.0,183.49998474121094,537.0,356.0,True,True,True,181.0,,,,,,,,
1082,100186,negative,high,35.086,217.0,1107.0,1359.0,1107.0,890.0,True,True,True,,411.0,227.0,428.0,247.0,360.0,319.0,319.0,217.0
1083,100186,negative,high,48.132,70.0,3421.0,557.9999389648438,3421.0,3351.0,False,True,True,,,,578.0,,70.0,70.0,70.0,
1084,100186,negative,high,53.491,10.0,,64.0,64.0,54.0,False,False,False,,,288.0,,,10.0,,,
1085,100186,negative,high,57.104,296.0,,2669.000244140625,2669.000244140625,2373.000244140625,True,True,True,,,,296.0,,,,,
1060,100186,positive,low,4.914,43.0,100.0,1550.0,100.0,57.0,False,False,False,46.0,48.0,,,43.0,,,,
1061,100186,positive,high,7.065,79.0,,50.0,50.0,-29.0,False,False,False,,,,,,,,,79.0
1062,100186,positive,low,7.893,138.0,,50.0,50.0,-88.0,True,False,False,208.0,,,364.0,336.0,,,,138.0
1063,100186,positive,low,7.917,114.0,,50.0,50.0,-64.0,True,False,False,184.0,,,340.0,312.0,,,,114.0
1064,100186,positive,low,9.938,39.0,3116.0,51.000003814697266,3116.0,3077.0,False,True,True,508.0,235.0,,,,,,,39.0
1065,100186,positive,high,11.3,39.0,1616.0,1566.0,1616.0,1577.0,False,True,True,493.0,,,39.0,490.0,,,,
1066,100186,positive,high,35.001,534.0,,557.9999389648438,557.9999389648438,23.99993896484375,False,True,False,534.0,,,,,,,,
1067,100186,positive,high,39.852,,,155.0,155.0,,False,False,False,,,,,,,,,
1068,100186,positive,low,44.267,430.0,,53.0,53.0,-377.0,True,False,False,,,,434.0,430.0,,,,
1069,100186,positive,high,44.689,10.0,4616.0,4266.0,4616.0,4606.0,False,True,True,,394.0,,12.0,10.0,,,,84.0
1070,100186,positive,low,44.757,16.0,4516.0,4166.00048828125,4516.0,4500.0,False,True,True,,326.0,,118.0,55.0,,,,16.0
1071,100186,positive,high,48.043,280.0,909.0,858.9999389648438,909.0,629.0,True,True,True,,311.0,,,,,,,280.0
1072,100186,positive,low,51.526,201.0,,351.0,351.0,150.0,True,False,True,,,,,284.0,,,,201.0
1073,100186,positive,high,59.589,10.0,,4660.0,4660.0,4650.0,False,True,True,583.0,320.0,234.0,10.0,,,233.0,233.0,330.0
1074,100186,positive,low,60.912,10.0,,3255.0,3255.0,3245.0,False,True,True,10.0,10.0,471.0,,,,,,388.0
1075,100186,positive,low,66.779,10.0,503.0000305175781,51.999996185302734,503.0000305175781,493.0000305175781,False,True,True,150.0,,523.0,,,,,,10.0
1076,100186,positive,high,66.992,261.0,303.0,53.0,303.0,42.0,True,False,False,,,262.0,,,261.0,261.0,261.0,
1106,100189,negative,high,4.256,355.0,,53.0,53.0,-302.0,True,False,False,,,,,355.0,,,,
1107,100189,negative,high,7.053,225.0,202.0,51.999996185302734,202.0,-23.0,True,False,False,474.0,,278.0,241.0,241.0,517.0,276.0,276.0,225.0
1108,100189,negative,high,12.657,,3335.0,3284.999755859375,3335.0,,False,True,False,,,,,,,,,
1109,100189,negative,high,13.395,,2533.0,2483.0,2533.0,,False,True,False,,,,,,,,,
1110,100189,negative,high,17.685,,1938.0,357.0,1938.0,,False,True,False,,,,,,,,,
1111,100189,negative,high,24.639,108.0,706.0,,706.0,598.0,True,True,True,,,173.0,108.0,,230.0,173.0,173.0,188.0
1112,100189,negative,low,25.241,56.0,105.0,,105.0,49.0,False,False,False,,,380.0,380.0,514.0,56.0,380.0,380.0,200.0
1113,100189,negative,high,29.999,10.0,,,,,False,False,False,103.0,,,,,97.0,,,10.0
1114,100189,negative,high,41.092,38.0,2416.0,2566.0,2416.0,2378.0,False,True,True,304.0,227.0,38.0,156.0,156.0,76.0,76.0,76.0,238.0
1115,100189,negative,low,44.177,193.0,220.0,169.0,220.0,27.0,True,False,False,,,193.0,,,,446.0,446.0,
1116,100189,negative,high,48.995,10.0,,,,,False,False,False,12.0,10.0,,48.0,183.0,517.0,,,498.0
1117,100189,negative,high,51.835,64.0,1615.0,,1615.0,1551.0,False,True,True,,,,,,176.0,,,64.0
1086,100189,positive,high,1.33,,774.0,724.0,774.0,,False,True,False,,,,,,,,,
1087,100189,positive,low,4.548,,3102.0,3052.0,3102.0,,False,True,False,,,,,,,,,
1088,100189,positive,high,5.653,305.0,2002.0001220703125,1952.0,2002.0001220703125,1697.0001220703125,True,True,True,,,384.0,387.0,,,384.0,384.0,305.0
1089,100189,positive,low,9.583,10.0,2407.0,56.5,2407.0,2397.0,False,True,True,10.0,10.0,,155.0,310.0,,,,
1090,100189,positive,high,13.887,329.0,,4865.0,4865.0,4536.0,True,True,True,,,,,,,,,329.0
1091,100189,positive,low,25.199,589.0,,,,,False,False,False,,589.0,,,,,,,
1092,100189,positive,low,29.944,38.0,,,,,False,False,False,,218.0,,38.0,,,,,
1093,100189,positive,high,29.952,30.0,,,,,False,False,False,,210.0,,30.0,,,,,
1094,100189,positive,high,31.056,95.0,,,,,False,False,False,217.0,,,95.0,,427.0,,,
1095,100189,positive,low,31.235,38.0,,,,,False,False,False,38.0,,,,,248.0,,,
1096,100189,positive,high,31.332,151.0,,,,,True,False,False,,,,,,151.0,,,
1097,100189,positive,low,33.791,,4316.0,,4316.0,,False,True,False,,,,,,,,,
1098,100189,positive,low,43.606,,1406.0,4562.99951171875,1406.0,,False,True,False,,,,,,,,,
1099,100189,positive,high,54.309,268.0,303.0,,303.0,35.0,True,False,False,465.0,268.0,341.0,,,,,,
1100,100189,positive,low,56.52,75.0,2.0,,2.0,-73.0,False,False,False,236.0,75.0,,,,105.0,202.0,202.0,
1101,100189,positive,low,59.897,576.0,3103.0,,3103.0,2527.0,False,True,True,576.0,,,,,,,,
1102,100189,positive,low,64.537,415.0,,,,,True,False,False,566.0,,,,,434.0,415.0,415.0,
1103,100189,positive,high,69.44,211.0,1008.0,3059.0,1008.0,797.0,True,True,True,211.0,,,,,,,,
1104,100189,positive,high,72.757,174.0,,50.0,50.0,-124.0,True,False,False,,,,,174.0,,,,
1105,100189,positive,high,75.77,13.0,1105.0,,1105.0,1092.0,False,True,True,66.0,13.0,315.0,,15.0,315.0,316.0,316.0,534.0
1144,100221,negative,high,4.882,364.0,3411.0,955.0,3411.0,3047.0,True,True,True,551.0,,,,,,365.0,365.0,364.0
1145,100221,negative,high,7.895,,2.0,,2.0,,False,False,False,,,,,,,,,
1146,100221,negative,low,12.197,18.0,,,,,False,False,False,,,105.0,,199.0,18.0,195.0,195.0,188.0
1147,100221,negative,high,14.244,10.0,1619.0,,1619.0,1609.0,False,True,True,,56.0,10.0,,,,,,
1148,100221,negative,high,14.879,206.0,1014.0000610351562,,1014.0000610351562,808.0000610351562,True,True,True,,,,,,,213.0,213.0,206.0
1149,100221,negative,high,20.258,187.0,213.0,,213.0,26.0,True,False,False,,,436.0,,,,189.0,189.0,187.0
1150,100221,negative,high,28.327,142.0,2833.0,,2833.0,2691.0,True,True,True,,,,,,,142.0,142.0,180.0
1151,100221,negative,low,29.985,300.0,1425.0,,1425.0,1125.0,True,True,True,,,300.0,,,,,,430.0
1152,100221,negative,high,36.012,279.0,721.0,,721.0,442.0,True,True,True,339.0,401.0,376.0,279.0,379.0,459.0,,,
1153,100221,negative,high,40.186,,514.0,,514.0,,False,True,False,,,,,,,,,
1154,100221,negative,high,50.078,572.0,824.0,,824.0,252.0,False,True,True,,,,,,,574.0,574.0,572.0
1155,100221,negative,high,60.124,547.0,1410.0,,1410.0,863.0,False,True,True,,547.0,,,,,,,
1156,100221,negative,high,61.943,,3027.0,,3027.0,,False,True,False,,,,,,,,,
1118,100221,positive,high,2.095,320.0,105.0,555.0,105.0,-215.0,True,False,False,,,,,,,,,320.0
1119,100221,positive,low,5.071,,100.0,50.0,100.0,,False,False,False,,,,,,,,,
1120,100221,positive,low,8.649,148.0,1803.0,2954.500244140625,1803.0,1655.0,True,True,True,,,148.0,,,,,,
1121,100221,positive,low,10.101,10.0,1704.0,1553.4998779296875,1704.0,1694.0,False,True,True,10.0,,,,,,,,
1122,100221,positive,low,12.703,468.0,,,,,True,False,False,,,,,,,469.0,469.0,468.0
1123,100221,positive,low,14.383,61.0,,,,,False,False,False,,,61.0,,113.0,,118.0,118.0,116.0
1124,100221,positive,low,14.888,,,,,,False,False,False,,,,,,,,,
1125,100221,positive,high,15.799,,315.0,,315.0,,False,False,False,,,,,,,,,
1126,100221,positive,high,17.042,227.0,1216.0,4281.99951171875,1216.0,989.0,True,True,True,,,227.0,,,,,,
1127,100221,positive,high,31.922,110.0,,,,,True,False,False,,,,,126.0,110.0,,,
1128,100221,positive,high,35.214,,911.0,,911.0,,False,True,False,,,,,,,,,
1129,100221,positive,high,37.761,,2304.0,,2304.0,,False,True,False,,,,,,,,,
1130,100221,positive,high,39.735,10.0,402.0,,402.0,392.0,False,False,True,336.0,,379.0,,10.0,,,,
1131,100221,positive,low,45.812,552.0,2909.0,,2909.0,2357.0,False,True,True,,552.0,,,,,,,
1132,100221,positive,low,45.82,543.0,2809.0,,2809.0,2266.0,False,True,True,,543.0,,,,,,,
1133,100221,positive,low,52.36,527.0,802.0,,802.0,275.0,False,True,True,,,,,,,536.0,536.0,527.0
1134,100221,positive,low,56.518,96.0,,,,,False,False,False,,,96.0,,,137.0,,,
1135,100221,positive,low,59.578,229.0,,,,,True,False,False,471.0,417.0,562.0,282.0,229.0,537.0,,,591.0
1136,100221,positive,high,60.315,25.0,3706.0,,3706.0,3681.0,False,True,True,,,,25.0,105.0,66.0,79.0,79.0,77.0
1137,100221,positive,high,66.509,226.0,114.0,,114.0,-112.0,True,False,False,,226.0,,237.0,,,,,
1138,100221,positive,low,70.382,,602.0,,602.0,,False,True,False,,,,,,,,,
1139,100221,positive,high,78.222,95.0,603.0,,603.0,508.0,False,True,True,239.0,95.0,239.0,239.0,341.0,342.0,,,
1140,100221,positive,high,84.079,164.0,,,,,True,False,False,,,,221.0,164.0,,,,
1141,100221,positive,low,99.781,322.0,501.9999694824219,,501.9999694824219,179.99996948242188,True,True,True,,,322.0,,,,,,
1142,100221,positive,low,101.122,10.0,3408.0,,3408.0,3398.0,False,True,True,10.0,22.0,27.0,10.0,10.0,,166.0,166.0,
1143,100221,positive,high,121.247,167.0,2.0,,2.0,-165.0,True,False,False,169.0,388.0,588.0,,177.0,,199.0,199.0,167.0
1175,100235,negative,high,5.176,46.0,2305.0,53.0,2305.0,2259.0,False,True,True,580.0,,,,,593.0,,,46.0
1176,100235,negative,high,9.673,20.0,305.0,155.0,305.0,285.0,False,False,True,,,20.0,,228.0,,193.0,193.0,35.0
1177,100235,negative,high,15.225,412.0,1217.0,1066.5,1217.0,805.0,True,True,True,,,,,,,504.0,504.0,412.0
1178,100235,negative,high,24.505,64.0,8.0,3789.0,8.0,-56.0,False,False,False,334.0,,78.0,64.0,,153.0,150.0,150.0,
1179,100235,negative,high,27.028,241.0,1431.0,1280.9998779296875,1431.0,1190.0,True,True,True,,,262.0,,,241.0,352.0,352.0,398.0
1180,100235,negative,low,30.282,545.0,,273.0,273.0,-272.0,False,False,False,,,,,,,,,545.0
1181,100235,negative,low,31.103,531.0,1619.0,1369.0,1619.0,1088.0,False,True,True,,585.0,,,531.0,,,,
1182,100235,negative,high,36.264,96.0,,54.0,54.0,-42.0,False,False,False,,,,318.0,96.0,,,,
1183,100235,negative,high,50.357,389.0,816.0,564.0,816.0,427.0,True,True,True,,,389.0,,599.0,,,,
1184,100235,negative,high,50.372,374.0,816.0,565.0,816.0,442.0,True,True,True,,588.0,374.0,,585.0,,,,
1185,100235,negative,high,60.416,281.0,612.0,362.0,612.0,331.0,True,True,True,,,281.0,,,325.0,,,
1157,100235,positive,high,1.048,,,2904.0,2904.0,,False,True,False,,,,,,,,,
1158,100235,positive,high,3.888,10.0,301.0,51.000003814697266,301.0,291.0,False,False,True,82.0,101.0,,10.0,108.0,,35.0,35.0,42.0
1159,100235,positive,low,4.86,44.0,1003.9999389648438,754.0,1003.9999389648438,959.9999389648438,False,True,True,44.0,300.0,,,,,461.0,461.0,74.0
1160,100235,positive,low,9.899,511.0,400.0,350.0000305175781,400.0,-111.0,False,False,False,511.0,,,,,,,,
1161,100235,positive,low,11.941,28.0,,3856.999755859375,3856.999755859375,3828.999755859375,False,True,True,,,,,,,36.0,36.0,28.0
1162,100235,positive,low,18.517,90.0,1404.0,1354.0001220703125,1404.0,1314.0,False,True,True,,,,,,90.0,,,311.0
1163,100235,positive,low,18.531,76.0,1404.0,1354.0001220703125,1404.0,1328.0,False,True,True,,,,,,76.0,,,297.0
1164,100235,positive,high,23.293,,101.0,51.000003814697266,101.0,,False,False,False,,,,,,,,,
1165,100235,positive,high,34.978,42.0,100.0,50.0,100.0,58.0,False,False,False,167.0,273.0,,,,,55.0,55.0,42.0
1166,100235,positive,high,49.005,138.0,,57.5,57.5,-80.5,True,False,False,,,199.0,,,138.0,199.0,199.0,234.0
1167,100235,positive,high,58.608,36.0,,,,,False,False,False,,,161.0,,,,36.0,36.0,53.0
1168,100235,positive,low,59.926,507.0,4410.0,4160.0,4410.0,3903.0,False,True,True,,,522.0,,,,538.0,538.0,507.0
1169,100235,positive,high,60.1,333.0,4109.0,3958.999755859375,4109.0,3776.0,True,True,True,,,348.0,,598.0,512.0,364.0,364.0,333.0
1170,100235,positive,low,62.269,91.0,204.0,1756.0,204.0,113.0,False,False,True,91.0,,,,,,351.0,351.0,
1171,100235,positive,low,64.627,414.0,,252.0,252.0,-162.0,True,False,False,,,489.0,,,,,,414.0
1172,100235,positive,low,68.378,337.0,,,,,True,False,False,337.0,,,385.0,,,,,
1173,100235,positive,low,69.23,291.0,,,,,True,False,False,,,,,291.0,,,,
1174,100235,positive,low,70.179,331.0,1008.0,,1008.0,677.0,True,True,True,484.0,505.0,,331.0,542.0,,,,494.0
1221,100247,negative,high,4.919,10.0,4.0,255.49998474121094,4.0,-6.0,False,False,False,34.0,,10.0,,,,,,
1222,100247,negative,high,7.917,43.0,,55.0,55.0,12.0,False,False,False,,,,,,,,,43.0
1223,100247,negative,low,9.92,37.0,1011.9999389648438,60.0,1011.9999389648438,974.9999389648438,False,True,True,57.0,,340.0,,,,,,37.0
1224,100247,negative,high,14.944,91.0,2112.0,156.0,2112.0,2021.0,False,True,True,,,,,263.0,301.0,91.0,91.0,308.0
1225,100247,negative,low,30.017,,1.0,351.0,1.0,,False,False,False,,,,,,,,,
1226,100247,negative,high,34.958,253.0,,154.0,154.0,-99.0,True,False,False,,,,,253.0,,342.0,342.0,444.0
1227,100247,negative,high,36.042,,,59.0,59.0,,False,False,False,,,,,,,,,
1228,100247,negative,high,43.455,14.0,,1668.0,1668.0,1654.0,False,True,True,276.0,,14.0,,,83.0,,,126.0
1229,100247,negative,high,50.083,46.0,920.0,769.5,920.0,874.0,False,True,True,46.0,386.0,,,256.0,,329.0,329.0,516.0
1230,100247,negative,high,60.146,,10.0,60.0,10.0,,False,False,False,,,,,,,,,
1186,100247,positive,low,0.648,,354.0,,354.0,,False,False,False,,,,,,,,,
1187,100247,positive,low,0.655,,347.0,,347.0,,False,False,False,,,,,,,,,
1188,100247,positive,low,5.137,518.0,401.0,1051.0,401.0,-117.0,False,False,False,518.0,,,,,,,,
1189,100247,positive,high,6.599,10.0,1.0,4355.0,1.0,-9.0,False,False,False,323.0,36.0,309.0,108.0,10.0,316.0,238.0,238.0,
1190,100247,positive,high,9.988,,1002.0,952.0,1002.0,,False,True,False,,,,,,,,,
1191,100247,positive,low,10.169,245.0,902.0,852.0,902.0,657.0,True,True,True,,,,,,,,,245.0
1192,100247,positive,high,21.94,10.0,1115.0,4468.00048828125,1115.0,1105.0,False,True,True,19.0,10.0,,,144.0,,,,
1193,100247,positive,high,23.262,45.0,3218.0,3168.0,3218.0,3173.0,False,True,True,,,,,,,,,45.0
1194,100247,positive,high,30.162,,1200.0,1150.0001220703125,1200.0,,False,True,False,,,,,,,,,
1195,100247,positive,high,35.277,21.0,4503.0,651.0,4503.0,4482.0,False,True,True,21.0,209.0,,186.0,136.0,,189.0,189.0,302.0
1196,100247,positive,low,39.887,86.0,1.0,51.5,1.0,-85.0,False,False,False,,98.0,,86.0,334.0,,384.0,384.0,
1197,100247,positive,low,44.301,10.0,2110.0,2059.0,2110.0,2100.0,False,True,True,10.0,58.0,431.0,69.0,107.0,417.0,535.0,535.0,297.0
1198,100247,positive,high,45.586,53.0,810.0,759.0,810.0,757.0,False,True,True,213.0,53.0,,,,,,,
1199,100247,positive,low,45.891,21.0,509.0,458.0,509.0,488.0,False,True,True,21.0,,,,,,,,
1200,100247,positive,low,48.332,31.0,505.0,454.9999694824219,505.0,474.0,False,True,True,,,,,,,,,31.0
1201,100247,positive,high,48.467,542.0,405.0,355.0000305175781,405.0,-137.0,False,False,False,,,,,,,,,542.0
1202,100247,positive,low,51.533,484.0,,453.0,453.0,-31.0,True,False,False,,,,,,,,,484.0
1203,100247,positive,low,52.822,269.0,3809.0,3758.5,3809.0,3540.0,True,True,True,269.0,,,,,,,,555.0
1204,100247,positive,high,60.407,10.0,4716.0,4666.00048828125,4716.0,4706.0,False,True,True,391.0,77.0,,10.0,,206.0,,,125.0
1205,100247,positive,low,63.805,143.0,1310.0,1260.0,1310.0,1167.0,True,True,True,,,,,,,,,143.0
1206,100247,positive,low,70.449,95.0,,1450.0,1450.0,1355.0,False,True,True,,190.0,215.0,,,,,,95.0
1207,100247,positive,high,91.768,466.0,2203.0,2153.0,2203.0,1737.0,True,True,True,,,,,,466.0,,,
1208,100247,positive,high,99.858,293.0,,552.0,552.0,259.0,True,True,True,,,,,,,,,293.0
1209,100247,positive,low,115.09,,406.0,1759.0001220703125,406.0,,False,False,False,,,,,,,,,
1210,100247,positive,high,115.157,,405.0,1658.0,405.0,,False,False,False,,,,,,,,,
1211,100247,positive,low,122.08,220.0,503.0000305175781,452.5000305175781,503.0000305175781,283.0000305175781,True,True,True,220.0,,517.0,,,,,,
1212,100247,positive,low,128.423,58.0,10.0,60.5,10.0,-48.0,False,False,False,,,,,,,,,58.0
1213,100247,positive,low,134.178,69.0,1308.0,1257.9998779296875,1308.0,1239.0,False,True,True,234.0,283.0,203.0,202.0,69.0,,302.0,302.0,263.0
1214,100247,positive,low,142.593,19.0,1600.0,450.0,1600.0,1581.0,False,True,True,109.0,158.0,,99.0,392.0,,,,19.0
1215,100247,positive,low,146.013,101.0,1202.0,152.00001525878906,1202.0,1101.0,True,True,True,,,,,,,291.0,291.0,101.0
1216,100247,positive,high,147.396,,,153.0,153.0,,False,False,False,,,,,,,,,
1217,100247,positive,low,149.629,10.0,100.0,50.0,100.0,90.0,False,False,False,145.0,18.0,,,,,,,10.0
1218,100247,positive,low,153.945,52.0,702.0,3055.0,702.0,650.0,False,True,True,,584.0,87.0,,,,58.0,58.0,52.0
1219,100247,positive,high,165.682,427.0,,252.99998474121094,252.99998474121094,-174.00001525878906,True,False,False,,,,,,427.0,,,530.0
1220,100247,positive,low,166.179,33.0,,755.0,755.0,722.0,False,True,True,,166.0,105.0,476.0,,53.0,243.0,243.0,33.0
1256,100257,negative,high,5.529,,2204.0,252.99998474121094,2204.0,,False,True,False,,,,,,,,,
1257,100257,negative,high,8.488,149.0,803.0,252.99998474121094,803.0,654.0,True,True,True,,,149.0,310.0,251.0,299.0,261.0,261.0,
1258,100257,negative,low,10.521,219.0,1103.0,1053.0,1103.0,884.0,True,True,True,,348.0,,219.0,,,,,
1259,100257,negative,high,15.551,43.0,3405.0,3155.0,3405.0,3362.0,False,True,True,,,,,,,,,43.0
1260,100257,negative,high,22.953,88.0,2920.0,2870.0,2920.0,2832.0,False,True,True,,,,,,88.0,,,142.0
1261,100257,negative,low,30.611,,1313.0,1263.0,1313.0,,False,True,False,,,,,,,,,
1262,100257,negative,high,34.632,471.0,3914.0,1754.0,3914.0,3443.0,True,True,True,,,,,,,,,471.0
1263,100257,negative,high,36.635,285.0,5.0,454.9999694824219,5.0,-280.0,True,False,False,365.0,,,285.0,322.0,,,,420.0
1264,100257,negative,high,50.671,289.0,3328.0,,3328.0,3039.0,True,True,True,428.0,,,,,,,,289.0
1265,100257,negative,high,60.723,103.0,2810.0,2960.5,2810.0,2707.0,True,True,True,,,,,103.0,,104.0,104.0,106.0
1266,100257,negative,high,74.269,25.0,,,,,False,False,False,,25.0,,,,,,,
1231,100257,positive,high,1.416,,385.0,334.9999694824219,385.0,,False,False,False,,,,,,,,,
1232,100257,positive,low,4.872,10.0,,450.9999694824219,450.9999694824219,440.9999694824219,False,False,True,47.0,84.0,,10.0,,,,,
1233,100257,positive,low,9.896,,508.0000305175781,,508.0000305175781,,False,True,False,,,,,,,,,
1234,100257,positive,low,10.745,72.0,8.0,,8.0,-64.0,False,False,False,,,,,,,,,72.0
1235,100257,positive,low,12.409,,2005.0001220703125,,2005.0001220703125,,False,True,False,,,,,,,,,
1236,100257,positive,low,22.882,354.0,2604.0,2755.0,2604.0,2250.0,True,True,True,,,,,,,363.0,363.0,354.0
1237,100257,positive,low,30.118,575.0,100.0,50.0,100.0,-475.0,False,False,False,,,,,,,582.0,582.0,575.0
1238,100257,positive,low,33.311,100.0,2004.0,,2004.0,1904.0,True,True,True,,388.0,,100.0,,,,,
1239,100257,positive,high,34.99,19.0,301.0,,301.0,282.0,False,False,True,,,,,,,,,19.0
1240,100257,positive,high,35.065,10.0,301.0,,301.0,291.0,False,False,True,,,,573.0,569.0,,558.0,558.0,10.0
1241,100257,positive,high,38.988,61.0,2212.0,,2212.0,2151.0,False,True,True,118.0,106.0,,,288.0,61.0,62.0,62.0,116.0
1242,100257,positive,high,41.171,,605.0,,605.0,,False,True,False,,,,,,,,,
1243,100257,positive,high,60.092,,1715.0,3369.500244140625,1715.0,,False,True,False,,,,,,,,,
1244,100257,positive,high,67.23,165.0,102.0,51.999996185302734,102.0,-63.0,True,False,False,,,,,,,,,165.0
1245,100257,positive,low,70.147,,303.0,51.999996185302734,303.0,,False,False,False,,,,,,,,,
1246,100257,positive,high,71.424,106.0,3704.0,,3704.0,3598.0,True,True,True,,,,,,,,,106.0
1247,100257,positive,high,96.18,434.0,2506.0,,2506.0,2072.0,True,True,True,,434.0,,,,,,,
1248,100257,positive,low,100.66,294.0,,,,,True,False,False,294.0,,,,,,,,
1249,100257,positive,high,103.95,226.0,1806.0,,1806.0,1580.0,True,True,True,,,,226.0,244.0,,245.0,245.0,250.0
1250,100257,positive,low,104.854,141.0,705.0,,705.0,564.0,True,True,True,,,,,,,141.0,141.0,166.0
1251,100257,positive,low,107.873,,4108.0,,4108.0,,False,True,False,,,,,,,,,
1252,100257,positive,high,108.678,362.0,2907.0,,2907.0,2545.0,True,True,True,,,,,,,362.0,362.0,365.0
1253,100257,positive,low,110.98,307.0,1104.0,,1104.0,797.0,True,True,True,,,,,,,307.0,307.0,
1254,100257,positive,low,116.976,251.0,4610.0,,4610.0,4359.0,True,True,True,251.0,317.0,347.0,,,267.0,,,
1255,100257,positive,high,131.801,10.0,,,,,False,False,False,32.0,,,,10.0,,10.0,10.0,10.0
1296,100258,negative,high,3.751,87.0,2912.0,2860.499755859375,2912.0,2825.0,False,True,True,87.0,186.0,,,317.0,,,,
1297,100258,negative,high,5.272,54.0,1411.0,1361.0,1411.0,1357.0,False,True,True,419.0,452.0,,72.0,,,,,54.0
1298,100258,negative,high,15.321,38.0,4222.0,4171.0,4222.0,4184.0,False,True,True,,,125.0,38.0,,128.0,126.0,126.0,
1299,100258,negative,low,30.378,40.0,1409.0,1559.0,1409.0,1369.0,False,True,True,,,,,,40.0,543.0,543.0,183.0
1300,100258,negative,high,36.396,10.0,3513.0,3263.0,3513.0,3503.0,False,True,True,,,10.0,,,10.0,37.0,37.0,10.0
1301,100258,negative,low,41.903,12.0,2707.0,352.0,2707.0,2695.0,False,True,True,,,334.0,,496.0,12.0,,,536.0
1302,100258,negative,high,50.467,10.0,2121.0,1971.0,2121.0,2111.0,False,True,True,,523.0,,,,,,,10.0
1303,100258,negative,high,60.507,45.0,,455.5,455.5,410.5,False,False,True,45.0,,362.0,596.0,171.0,400.0,384.0,384.0,478.0
1304,100258,negative,high,62.262,,,4498.5,4498.5,,False,True,False,,,,,,,,,
1305,100258,negative,high,76.755,78.0,305.0,1466.0001220703125,305.0,227.0,False,False,True,,,427.0,78.0,,406.0,383.0,383.0,
1267,100258,positive,high,1.824,,680.0,730.0,680.0,,False,True,False,,,,,,,,,
1268,100258,positive,low,5.146,594.0,1600.0,250.0,1600.0,1006.0,False,True,True,,,,,594.0,,,,
1269,100258,positive,low,10.171,372.0,301.0,50.0,301.0,-71.0,True,False,False,,372.0,,,,,,,
1270,100258,positive,low,13.011,131.0,,851.0,851.0,720.0,True,True,True,136.0,131.0,,,,,,,
1271,100258,positive,high,13.546,,,250.99998474121094,250.99998474121094,,False,False,False,,,,,,,,,
1272,100258,positive,low,24.251,183.0,1201.0,51.000003814697266,1201.0,1018.0,True,True,True,,,324.0,,,183.0,,,
1273,100258,positive,low,27.219,33.0,,3853.000244140625,3853.000244140625,3820.000244140625,False,True,True,,,33.0,,,37.0,,,
1274,100258,positive,low,28.93,,2204.0,2153.0,2204.0,,False,True,False,,,,,,,,,
1275,100258,positive,high,29.027,,2104.0,2053.0,2104.0,,False,True,False,,,,,,,,,
1276,100258,positive,high,30.256,24.0,602.0,853.0,602.0,578.0,False,True,True,,392.0,,409.0,,,24.0,24.0,
1277,100258,positive,high,35.287,166.0,2303.0,51.000003814697266,2303.0,2137.0,True,True,True,,,,,,206.0,166.0,166.0,
1278,100258,positive,high,35.303,150.0,2303.0,51.000003814697266,2303.0,2153.0,True,True,True,,,,,,190.0,150.0,150.0,
1279,100258,positive,low,40.637,208.0,201.0,1052.0,201.0,-7.0,True,False,False,,,,,,318.0,,,208.0
1280,100258,positive,low,40.644,201.0,301.0,1052.0,301.0,100.0,True,False,True,,,,,,311.0,,,201.0
1281,100258,positive,high,43.605,,,,,,False,False,False,,,,,,,,,
1282,100258,positive,high,46.761,10.0,,,,,False,False,False,558.0,53.0,137.0,,,10.0,124.0,124.0,
1283,100258,positive,high,48.592,554.0,,,,,False,False,False,,554.0,,,,,,,
1284,100258,positive,low,51.266,164.0,,,,,True,False,False,,,172.0,,,164.0,175.0,175.0,
1285,100258,positive,high,51.812,10.0,2003.0,,2003.0,1993.0,False,True,True,,,10.0,,,10.0,10.0,10.0,
1286,100258,positive,low,52.268,197.0,1303.0,,1303.0,1106.0,True,True,True,448.0,,575.0,,379.0,310.0,475.0,475.0,197.0
1287,100258,positive,low,53.594,129.0,4008.0,,4008.0,3879.0,True,True,True,230.0,,,218.0,255.0,129.0,,,
1288,100258,positive,low,56.939,220.0,703.0,1852.9998779296875,703.0,483.0,True,True,True,,220.0,,588.0,,,,,
1289,100258,positive,high,60.404,375.0,3008.0,2558.0,3008.0,2633.0,True,True,True,,,,,,,,,375.0
1290,100258,positive,low,70.454,162.0,2904.0,252.99998474121094,2904.0,2742.0,True,True,True,,162.0,291.0,369.0,,,,,
1291,100258,positive,high,72.179,54.0,1.0,51.000003814697266,1.0,-53.0,False,False,False,,,64.0,,,246.0,,,54.0
1292,100258,positive,high,73.362,474.0,401.0,51.000003814697266,401.0,-73.0,True,False,False,,,,,474.0,,,,
1293,100258,positive,high,75.313,22.0,,250.0,250.0,228.0,False,False,True,298.0,92.0,441.0,,,22.0,144.0,144.0,
1294,100258,positive,high,77.641,,1102.0,951.0000610351562,1102.0,,False,True,False,,,,,,,,,
1295,100258,positive,high,84.15,277.0,,,,,True,False,False,483.0,,277.0,586.0,301.0,305.0,,,
1306,100266,negative,high,5.521,387.0,,50.0,50.0,-337.0,True,False,False,,,,,542.0,,447.0,447.0,387.0
1307,100266,negative,high,8.533,10.0,213.0,163.0,213.0,203.0,False,False,True,,,,,,,10.0,10.0,10.0
1308,100266,negative,low,10.545,,2110.0,54.0,2110.0,,False,True,False,,,,,,,,,
1309,100266,negative,high,14.876,10.0,803.0,50.0,803.0,793.0,False,True,True,61.0,27.0,10.0,50.0,136.0,29.0,61.0,61.0,88.0
1310,100266,negative,high,15.562,589.0,103.0,52.0,103.0,-486.0,False,False,False,,,,,,,589.0,589.0,
1311,100266,negative,high,21.226,286.0,1508.0,50.0,1508.0,1222.0,True,True,True,472.0,286.0,,,336.0,,449.0,449.0,453.0
1312,100266,negative,high,27.327,,1112.0,58.000003814697266,1112.0,,False,True,False,,,,,,,,,
1313,100266,negative,high,30.114,10.0,,155.0,155.0,145.0,False,False,True,235.0,362.0,,10.0,165.0,,43.0,43.0,41.0
1314,100266,negative,low,30.626,48.0,,557.0000610351562,557.0000610351562,509.00006103515625,False,True,True,,48.0,,,,,468.0,468.0,
1315,100266,negative,high,36.463,,2127.0,3181.0,2127.0,,False,True,False,,,,,,,,,
1316,100266,negative,high,36.644,440.0,2027.0,2980.0,2027.0,1587.0,True,True,True,,,,,,,440.0,440.0,449.0
1317,100266,negative,high,39.86,,18.0,68.0,18.0,,False,False,False,,,,,,,,,
1318,100266,negative,high,50.699,43.0,305.0,55.0,305.0,262.0,False,False,True,64.0,43.0,133.0,125.0,52.0,,146.0,146.0,153.0
1319,100266,negative,high,51.008,404.0,5.0,55.5,5.0,-399.0,True,False,False,437.0,434.0,404.0,,528.0,,,,425.0
1320,100266,negative,high,60.747,160.0,923.0,168.0,923.0,763.0,True,True,True,,160.0,274.0,196.0,,170.0,,,
1354,100268,negative,high,5.271,348.0,306.0,55.5,306.0,-42.0,True,False,False,,,,348.0,,,,,
1355,100268,negative,high,12.545,435.0,,454.9999694824219,454.9999694824219,19.999969482421875,True,False,False,,,,,,,,,435.0
1356,100268,negative,high,15.278,217.0,,1071.5001220703125,1071.5001220703125,854.5001220703125,True,True,True,217.0,,,,,,,,
1357,100268,negative,high,18.524,500.0,3623.0,54.0,3623.0,3123.0,True,True,True,,,,,,,500.0,500.0,
1358,100268,negative,high,27.847,191.0,,361.0,361.0,170.0,True,False,True,,417.0,,,,,,,191.0
1359,100268,negative,low,29.074,59.0,,160.0,160.0,101.0,False,False,True,,,76.0,,,79.0,,,59.0
1360,100268,negative,low,30.362,10.0,,766.0000610351562,766.0000610351562,756.0000610351562,False,True,True,301.0,,,,10.0,,,,57.0
1361,100268,negative,high,36.381,,1624.0,472.0,1624.0,,False,True,False,,,,,,,,,
1362,100268,negative,high,44.751,10.0,1131.0,980.0,1131.0,1121.0,False,True,True,51.0,,22.0,,46.0,12.0,10.0,10.0,510.0
1363,100268,negative,high,50.437,144.0,,58.000003814697266,58.000003814697266,-85.99999618530273,True,False,False,,,,,,,,,144.0
1364,100268,negative,high,60.483,187.0,,158.5,158.5,-28.5,True,False,False,189.0,,,,,568.0,,,187.0
1365,100268,negative,high,66.981,49.0,2120.0,58.000003814697266,2120.0,2071.0,False,True,True,61.0,,58.0,56.0,49.0,136.0,180.0,180.0,145.0
1321,100268,positive,high,1.718,313.0,88.0,37.5,88.0,-225.0,True,False,False,,,,,,,,,313.0
1322,100268,positive,low,5.151,69.0,3404.0,2754.0,3404.0,3335.0,False,True,True,517.0,,,,,,,,69.0
1323,100268,positive,low,6.153,,1904.0,1754.0,1904.0,,False,True,False,,,,,,,,,
1324,100268,positive,high,9.632,77.0,2507.0,957.0,2507.0,2430.0,False,True,True,,78.0,,170.0,,,,,77.0
1325,100268,positive,low,10.167,26.0,1506.0,356.0,1506.0,1480.0,False,True,True,,,,,,,,,26.0
1326,100268,positive,low,10.295,10.0,1206.0,255.99998474121094,1206.0,1196.0,False,True,True,,,,,,,,,10.0
1327,100268,positive,high,10.753,317.0,6.0,55.999996185302734,6.0,-311.0,True,False,False,,,,,,317.0,,,
1328,100268,positive,high,15.006,477.0,2711.0,158.0,2711.0,2234.0,True,True,True,,,,,,,,,477.0
1329,100268,positive,low,17.253,359.0,401.0,51.000003814697266,401.0,42.0,True,False,False,359.0,,,429.0,,,,,
1330,100268,positive,low,17.268,344.0,401.0,51.000003814697266,401.0,57.0,True,False,False,344.0,,,414.0,,,,,
1331,100268,positive,high,21.982,163.0,1800.0,1250.0,1800.0,1637.0,True,True,True,,,,,,202.0,,,163.0
1332,100268,positive,low,32.496,,101.0,51.000003814697266,101.0,,False,False,False,,,,,,,,,
1333,100268,positive,low,33.654,425.0,,1253.0,1253.0,828.0,True,True,True,,,,,,,,,425.0
1334,100268,positive,low,34.151,61.0,,752.0,752.0,691.0,False,True,True,,,,,,,,,61.0
1335,100268,positive,high,34.279,106.0,,652.0,652.0,546.0,True,True,True,,,,,,,,,106.0
1336,100268,positive,high,35.273,101.0,2.0,252.99998474121094,2.0,-99.0,True,False,False,,,,101.0,,,,,
1337,100268,positive,high,35.447,,103.0,52.5,103.0,,False,False,False,,,,,,,,,
1338,100268,positive,low,40.289,43.0,2204.0,2154.0,2204.0,2161.0,False,True,True,325.0,309.0,309.0,280.0,,,,,43.0
1339,100268,positive,low,41.78,,701.0,651.0,701.0,,False,True,False,,,,,,,,,
1340,100268,positive,high,54.446,454.0,,555.0,555.0,101.0,True,True,True,,,,,,,,,454.0
1341,100268,positive,high,58.023,,5.0,4281.0,5.0,,False,False,False,,,,,,,,,
1342,100268,positive,high,60.047,,2323.0,2273.0,2323.0,,False,True,False,,,,,,,,,
1343,100268,positive,high,60.395,,310.0,1964.0,310.0,,False,False,False,,,,,,,,,
1344,100268,positive,high,61.469,21.0,912.0,862.0,912.0,891.0,False,True,True,,,43.0,,21.0,198.0,54.0,54.0,161.0
1345,100268,positive,low,70.433,,,50.0,50.0,,False,False,False,,,,,,,,,
1346,100268,positive,high,93.454,91.0,1203.0,252.99998474121094,1203.0,1112.0,False,True,True,,,,,,,,,91.0
1347,100268,positive,low,97.392,297.0,,4553.0,4553.0,4256.0,True,True,True,,,,,,,,,297.0
1348,100268,positive,low,98.243,149.0,4001.0,3651.0,4001.0,3852.0,True,True,True,,,,,,,,,149.0
1349,100268,positive,high,106.858,,3524.0,757.0,3524.0,,False,True,False,,,,,,,,,
1350,100268,positive,high,110.743,10.0,314.0,64.0,314.0,304.0,False,False,True,10.0,,,381.0,,,,,10.0
1351,100268,positive,low,110.834,290.0,214.0,64.0,214.0,-76.0,True,False,False,,,,290.0,,,,,
1352,100268,positive,high,113.409,122.0,1.0,51.000003814697266,1.0,-121.0,True,False,False,,,122.0,,,214.0,374.0,374.0,210.0
1353,100268,positive,low,113.86,343.0,304.0,152.5,304.0,-39.0,True,False,False,,,,,363.0,364.0,343.0,343.0,408.0
1392,100270,negative,high,4.863,,,1757.9998779296875,1757.9998779296875,,False,True,False,,,,,,,,,
1393,100270,negative,high,7.749,,405.0,3057.000244140625,405.0,,False,False,False,,,,,,,,,
1394,100270,negative,low,9.649,,1303.0,1153.0,1303.0,,False,True,False,,,,,,,,,
1395,100270,negative,high,11.13,162.0,3.0,53.0,3.0,-159.0,True,False,False,,487.0,241.0,,,162.0,433.0,433.0,500.0
1396,100270,negative,high,14.358,47.0,411.0,160.0,411.0,364.0,False,False,True,,,240.0,52.0,47.0,47.0,524.0,524.0,
1397,100270,negative,low,29.088,33.0,,54.0,54.0,21.0,False,False,False,,,,,,,33.0,33.0,104.0
1398,100270,negative,high,29.207,132.0,,2076.0,2076.0,1944.0,True,True,True,,,,,,,132.0,132.0,
1399,100270,negative,high,35.1,180.0,8.0,1060.0,8.0,-172.0,True,False,False,,,347.0,,,329.0,347.0,347.0,180.0
1400,100270,negative,high,49.177,116.0,,155.5,155.5,39.5,True,False,False,116.0,143.0,365.0,,,402.0,317.0,317.0,432.0
1401,100270,negative,high,51.214,553.0,,,,,False,False,False,553.0,,,,,,,,
1402,100270,negative,high,59.166,61.0,104.0,2266.0,104.0,43.0,False,False,False,,,,,,,341.0,341.0,61.0
1366,100270,positive,high,1.398,,1005.0,854.0,1005.0,,False,True,False,,,,,,,,,
1367,100270,positive,low,3.244,104.0,3.0,654.0,3.0,-101.0,True,False,False,,,,,,,,,104.0
1368,100270,positive,high,4.021,,102.0,51.999996185302734,102.0,,False,False,False,,,,,,,,,
1369,100270,positive,low,4.671,,,51.000003814697266,51.000003814697266,,False,False,False,,,,,,,,,
1370,100270,positive,low,9.704,167.0,2804.0,2654.0,2804.0,2637.0,True,True,True,,,419.0,,,,,,167.0
1371,100270,positive,low,11.245,,1204.0,1154.0,1204.0,,False,True,False,,,,,,,,,
1372,100270,positive,low,15.899,82.0,4606.0,352.0,4606.0,4524.0,False,True,True,,,215.0,,82.0,215.0,,,232.0
1373,100270,positive,low,20.068,36.0,201.0,51.000003814697266,201.0,165.0,False,False,True,,36.0,,,450.0,499.0,585.0,585.0,367.0
1374,100270,positive,low,20.504,17.0,2.0,51.999996185302734,2.0,-15.0,False,False,False,,,119.0,,17.0,24.0,159.0,159.0,
1375,100270,positive,high,20.744,,2.0,51.999996185302734,2.0,,False,False,False,,,,,,,,,
1376,100270,positive,high,29.38,131.0,3008.0,,3008.0,2877.0,True,True,True,,131.0,,,,,,,180.0
1377,100270,positive,high,34.8,12.0,102.0,51.999996185302734,102.0,90.0,False,False,False,,295.0,12.0,261.0,383.0,177.0,41.0,41.0,
1378,100270,positive,high,45.052,77.0,801.0,50.0,801.0,724.0,False,True,True,,,93.0,,96.0,77.0,,,
1379,100270,positive,high,46.533,594.0,1105.0,51.000003814697266,1105.0,511.0,False,True,True,,,,,,,,,594.0
1380,100270,positive,high,52.787,310.0,2102.0,51.000003814697266,2102.0,1792.0,True,True,True,,,,,310.0,,,,
1381,100270,positive,low,59.319,192.0,,51.000003814697266,51.000003814697266,-140.99999618530273,True,False,False,,450.0,,,,,,,192.0
1382,100270,positive,low,59.327,184.0,,51.000003814697266,51.000003814697266,-132.99999618530273,True,False,False,,442.0,,,,,,,184.0
1383,100270,positive,high,59.883,162.0,,51.999996185302734,51.999996185302734,-110.00000381469727,True,False,False,,,,162.0,,,,,
1384,100270,positive,high,64.257,230.0,1404.0,1154.0,1404.0,1174.0,True,True,True,,341.0,,,,,,,230.0
1385,100270,positive,low,69.91,,602.0,552.0,602.0,,False,True,False,,,,,,,,,
1386,100270,positive,low,79.103,482.0,3100.0,3250.500244140625,3100.0,2618.0,True,True,True,482.0,,,,,,,,
1387,100270,positive,high,80.118,98.0,2100.0,2250.500244140625,2100.0,2002.0,False,True,True,,,98.0,,,98.0,,,
1388,100270,positive,high,81.867,,300.0,450.0,300.0,,False,False,False,,,,,,,,,
1389,100270,positive,high,87.011,,,,,,False,False,False,,,,,,,,,
1390,100270,positive,high,90.491,158.0,2602.0,,2602.0,2444.0,True,True,True,158.0,327.0,,160.0,,,490.0,490.0,
1391,100270,positive,low,92.363,401.0,701.0,3656.499755859375,701.0,300.0,True,True,True,,,,,,,,,401.0
1425,100277,negative,high,5.135,86.0,701.0,751.0,701.0,615.0,False,True,True,416.0,308.0,,487.0,166.0,86.0,,,
1426,100277,negative,high,8.141,,904.0,754.0,904.0,,False,True,False,,,,,,,,,
1427,100277,negative,high,14.461,,2118.0,1061.5001220703125,2118.0,,False,True,False,,,,,,,,,
1428,100277,negative,high,15.161,171.0,2220.0,359.5,2220.0,2049.0,True,True,True,171.0,,,,,,,,
1429,100277,negative,low,23.555,41.0,520.0,168.0,520.0,479.0,False,True,True,,,,,,41.0,,,
1430,100277,negative,high,23.788,392.0,312.0,61.0,312.0,-80.0,True,False,False,,,,574.0,,392.0,,,
1431,100277,negative,high,30.124,54.0,4314.0,156.0,4314.0,4260.0,False,True,True,,,,128.0,,54.0,,,
1432,100277,negative,low,30.184,11.0,4214.0,55.999996185302734,4214.0,4203.0,False,True,True,569.0,,,69.0,,11.0,,,
1433,100277,negative,high,36.181,10.0,1609.0,57.0,1609.0,1599.0,False,True,True,10.0,10.0,,15.0,86.0,67.0,,,268.0
1434,100277,negative,high,50.228,,,55.999996185302734,55.999996185302734,,False,False,False,,,,,,,,,
1435,100277,negative,high,60.246,163.0,2133.0,59.0,2133.0,1970.0,True,True,True,170.0,,,,,163.0,,,
1436,100277,negative,high,67.701,,413.0,362.9999694824219,413.0,,False,False,False,,,,,,,,,
1403,100277,positive,high,1.097,,505.0,53.0,505.0,,False,True,False,,,,,,,,,
1404,100277,positive,low,4.886,216.0,1.0,51.000003814697266,1.0,-215.0,True,False,False,,,,,,,,,216.0
1405,100277,positive,low,5.915,,,51.999996185302734,51.999996185302734,,False,False,False,,,,,,,,,
1406,100277,positive,low,9.899,63.0,804.0,51.5,804.0,741.0,False,True,True,,,,,,63.0,,,114.0
1407,100277,positive,low,17.482,170.0,2000.9998779296875,1250.0,2000.9998779296875,1830.9998779296875,True,True,True,,,,,,,,,170.0
1408,100277,positive,low,21.525,10.0,,350.0000305175781,350.0000305175781,340.0000305175781,False,False,True,10.0,,,,,,,,
1409,100277,positive,low,21.54,376.0,,350.0000305175781,350.0000305175781,-25.999969482421875,True,False,False,376.0,,,,,,,,
1410,100277,positive,high,34.942,132.0,,153.0,153.0,21.0,True,False,False,132.0,,,,,,,,209.0
1411,100277,positive,high,35.603,204.0,,55.0,55.0,-149.0,True,False,False,,,,204.0,,,,,
1412,100277,positive,high,50.5,10.0,702.0,1552.0,702.0,692.0,False,True,True,,,,10.0,145.0,,,,10.0
1413,100277,positive,high,60.022,26.0,1205.0,1155.0,1205.0,1179.0,False,True,True,,,,,26.0,,,,
1414,100277,positive,high,61.195,298.0,2.0,53.499996185302734,2.0,-296.0,True,False,False,,564.0,,,,,,,298.0
1415,100277,positive,high,69.884,212.0,,154.0,154.0,-58.0,True,False,False,,,,,,,,,212.0
1416,100277,positive,low,70.048,48.0,,54.0,54.0,6.0,False,False,False,,,,,,328.0,,,48.0
1417,100277,positive,high,108.132,439.0,3110.0,,3110.0,2671.0,True,True,True,,,,472.0,,,,,439.0
1418,100277,positive,high,113.22,203.0,1102.0,1852.0,1102.0,899.0,True,True,True,,,,203.0,204.0,,,,
1419,100277,positive,high,127.392,319.0,2408.0,2558.0,2408.0,2089.0,True,True,True,,,,,,,,,319.0
1420,100277,positive,high,131.875,254.0,4437.0,262.5,4437.0,4183.0,True,True,True,,254.0,,,,,,,
1421,100277,positive,low,131.934,196.0,4337.0,160.49998474121094,4337.0,4141.0,True,True,True,,196.0,,,545.0,,,,
1422,100277,positive,low,141.924,78.0,1107.0,856.0,1107.0,1029.0,False,True,True,,,,,183.0,78.0,,,
1423,100277,positive,low,161.15,,2204.0,,2204.0,,False,True,False,,,,,,,,,
1424,100277,positive,low,162.194,324.0,901.0,,901.0,577.0,True,True,True,,437.0,,324.0,,,,,
1459,100280,negative,high,4.72,170.0,1808.0,654.5,1808.0,1638.0,True,True,True,470.0,170.0,473.0,,,461.0,440.0,440.0,437.0
1460,100280,negative,high,7.72,392.0,,,,,True,False,False,486.0,,,,,,,,392.0
1461,100280,negative,high,14.733,60.0,1916.0,,1916.0,1856.0,False,True,True,108.0,60.0,358.0,186.0,,,180.0,180.0,
1462,100280,negative,high,15.041,24.0,4931.0,,4931.0,4907.0,False,True,False,137.0,24.0,395.0,,,,54.0,54.0,
1463,100280,negative,high,21.265,368.0,710.0,,710.0,342.0,True,True,True,,,,370.0,368.0,,,,518.0
1464,100280,negative,high,22.596,70.0,4528.0,,4528.0,4458.0,False,True,True,146.0,,,74.0,70.0,,,,
1465,100280,negative,low,29.774,10.0,,,,,False,False,False,,,,,,447.0,,,10.0
1466,100280,negative,high,35.765,10.0,1106.0,,1106.0,1096.0,False,True,True,,,,10.0,,,,,59.0
1467,100280,negative,high,39.952,21.0,1005.0,53.0,1005.0,984.0,False,True,True,21.0,,,489.0,,,,,
1468,100280,negative,high,49.806,259.0,,,,,True,False,False,,,,,,,,,259.0
1469,100280,negative,low,55.482,180.0,4836.0,,4836.0,4656.0,True,True,True,,,,,180.0,,,,
1470,100280,negative,high,59.841,135.0,16.0,,16.0,-119.0,True,False,False,,135.0,,,,,,,
1437,100280,positive,high,2.136,,100.0,50.0,100.0,,False,False,False,,,,,,,,,
1438,100280,positive,high,3.969,227.0,,3751.999755859375,3751.999755859375,3524.999755859375,True,True,True,,,,288.0,,227.0,247.0,247.0,
1439,100280,positive,low,5.135,36.0,401.0,2652.0,401.0,365.0,False,False,True,36.0,161.0,95.0,427.0,,107.0,44.0,44.0,345.0
1440,100280,positive,low,5.858,,1101.0,1952.0,1101.0,,False,True,False,,,,,,,,,
1441,100280,positive,low,10.148,163.0,905.0,2457.0,905.0,742.0,True,True,True,459.0,,252.0,163.0,,441.0,450.0,450.0,
1442,100280,positive,low,11.922,415.0,606.0,756.0,606.0,191.0,True,True,True,,415.0,,,537.0,,,,
1443,100280,positive,low,12.658,20.0,6.0,55.999996185302734,6.0,-14.0,False,False,False,,262.0,,,,49.0,20.0,20.0,46.0
1444,100280,positive,high,13.9,10.0,,,,,False,False,False,98.0,33.0,,,,,10.0,10.0,
1445,100280,positive,low,15.717,10.0,3320.0,,3320.0,3310.0,False,True,True,297.0,10.0,,438.0,,,,,34.0
1446,100280,positive,low,15.739,12.0,3320.0,,3320.0,3308.0,False,True,True,276.0,16.0,,416.0,,,,,12.0
1447,100280,positive,high,17.575,449.0,614.0,3175.0,614.0,165.0,True,True,True,,,,449.0,,,,,
1448,100280,positive,high,25.542,,102.0,152.00001525878906,102.0,,False,False,False,,,,,,,,,
1449,100280,positive,high,35.208,59.0,1406.0,755.0,1406.0,1347.0,False,True,True,302.0,59.0,,243.0,,,,,
1450,100280,positive,high,38.162,160.0,2303.0,51.000003814697266,2303.0,2143.0,True,True,True,468.0,160.0,,,,416.0,,,
1451,100280,positive,low,39.101,280.0,1302.0,1252.0001220703125,1302.0,1022.0,True,True,True,303.0,,294.0,,,280.0,,,316.0
1452,100280,positive,low,45.422,158.0,2605.0,,2605.0,2447.0,True,True,True,,,158.0,,,205.0,240.0,240.0,
1453,100280,positive,high,45.64,24.0,2305.0,,2305.0,2281.0,False,True,True,,,28.0,,35.0,156.0,24.0,24.0,
1454,100280,positive,low,46.355,437.0,1605.0,4864.00048828125,1605.0,1168.0,True,True,True,,,,,,437.0,,,
1455,100280,positive,low,48.452,398.0,2812.0,2762.0,2812.0,2414.0,True,True,True,398.0,424.0,,,,,,,
1456,100280,positive,high,53.939,301.0,2203.0,,2203.0,1902.0,True,True,True,,362.0,301.0,,,,,,
1457,100280,positive,low,56.294,104.0,4108.0,,4108.0,4004.0,True,True,True,,,311.0,,,104.0,,,109.0
1458,100280,positive,low,57.547,62.0,603.0,4161.99951171875,603.0,541.0,False,True,True,,,,,,133.0,62.0,62.0,437.0
1488,100281,negative,high,5.024,,1508.0,1457.0,1508.0,,False,True,False,,,,,,,,,
1489,100281,negative,high,8.015,185.0,,3466.0,3466.0,3281.0,True,True,True,,,185.0,,,235.0,,,355.0
1490,100281,negative,high,15.021,,1109.0,4262.5,1109.0,,False,True,False,,,,,,,,,
1491,100281,negative,high,15.239,,309.0,4062.999755859375,309.0,,False,False,False,,,,,,,,,
1492,100281,negative,high,17.404,38.0,301.0,1853.5,301.0,263.0,False,False,True,,38.0,,,,,,,
1493,100281,negative,low,18.276,50.0,1003.9999389648438,952.9999389648438,1003.9999389648438,953.9999389648438,False,True,True,160.0,152.0,128.0,165.0,50.0,127.0,75.0,75.0,
1494,100281,negative,high,23.989,273.0,3335.0,3284.999755859375,3335.0,3062.0,True,True,True,526.0,325.0,,,383.0,273.0,531.0,531.0,
1495,100281,negative,low,30.07,,114.0,164.0,114.0,,False,False,False,,,,,,,,,
1496,100281,negative,high,34.039,196.0,,,,,True,False,False,,271.0,,,196.0,,,,
1497,100281,negative,high,36.076,51.0,,,,,False,False,False,51.0,,,,,,,,
1498,100281,negative,high,50.103,103.0,6.0,,6.0,-97.0,True,False,False,,347.0,,532.0,,,215.0,215.0,103.0
1499,100281,negative,high,60.13,26.0,1424.0,,1424.0,1398.0,False,True,True,,134.0,143.0,119.0,,,,,26.0
1500,100281,negative,high,61.521,40.0,119.0,,119.0,79.0,False,False,False,406.0,,,324.0,40.0,,,,
1471,100281,positive,high,1.382,,,,,,False,False,False,,,,,,,,,
1472,100281,positive,low,5.044,510.0,,,,,False,False,False,,,,,,510.0,,,
1473,100281,positive,low,10.08,46.0,702.0,652.0,702.0,656.0,False,True,True,427.0,497.0,,46.0,,61.0,,,
1474,100281,positive,high,30.412,10.0,,,,,False,False,False,,,10.0,304.0,,42.0,157.0,157.0,408.0
1475,100281,positive,low,30.971,,,,,,False,False,False,,,,,,,,,
1476,100281,positive,high,35.136,,2602.0,,2602.0,,False,True,False,,,,,,,,,
1477,100281,positive,high,42.134,117.0,619.0,669.0,619.0,502.0,True,True,True,599.0,,411.0,,,117.0,,,468.0
1478,100281,positive,high,50.794,434.0,1614.0,,1614.0,1180.0,True,True,True,,,538.0,,,579.0,,,434.0
1479,100281,positive,high,60.206,10.0,1104.0,,1104.0,1094.0,False,True,True,,,,,,10.0,,,432.0
1480,100281,positive,low,60.86,325.0,1706.0,,1706.0,1381.0,True,True,True,,,,,,,,,325.0
1481,100281,positive,low,62.031,,704.0,,704.0,,False,True,False,,,,,,,,,
1482,100281,positive,low,70.234,58.0,,,,,False,False,False,,416.0,58.0,,,455.0,421.0,421.0,
1483,100281,positive,high,71.85,94.0,,,,,False,False,False,,,,,,94.0,,,
1484,100281,positive,low,75.443,263.0,,,,,True,False,False,,,,,,,,,263.0
1485,100281,positive,low,75.454,252.0,,,,,True,False,False,,,,,,,,,252.0
1486,100281,positive,high,76.128,299.0,,,,,True,False,False,,,299.0,,,,,,540.0
1487,100281,positive,high,85.72,447.0,2809.0,,2809.0,2362.0,True,True,True,,,447.0,,,,,,555.0
1524,100289,negative,high,5.15,461.0,1211.0,1161.0,1211.0,750.0,True,True,True,461.0,480.0,589.0,541.0,,,,,471.0
1525,100289,negative,high,8.135,445.0,4437.0,461.0,4437.0,3992.0,True,True,True,,,,,,,,,445.0
1526,100289,negative,low,10.706,60.0,1725.0,468.5000305175781,1725.0,1665.0,False,True,True,60.0,,157.0,,,,,,373.0
1527,100289,negative,high,15.156,316.0,3117.0,856.0,3117.0,2801.0,True,True,True,,,,,316.0,,443.0,443.0,
1528,100289,negative,high,16.163,23.0,2013.0,1963.0,2013.0,1990.0,False,True,True,,23.0,,,,,162.0,162.0,503.0
1529,100289,negative,high,22.493,132.0,2213.0,153.0,2213.0,2081.0,True,True,True,,,,,,132.0,,,
1530,100289,negative,high,29.341,90.0,,1362.9998779296875,1362.9998779296875,1272.9998779296875,False,True,True,,,,,,258.0,90.0,90.0,
1531,100289,negative,low,30.194,130.0,913.0,561.0,913.0,783.0,True,True,True,,,130.0,,179.0,145.0,,,
1532,100289,negative,high,36.196,,,161.0,161.0,,False,False,False,,,,,,,,,
1533,100289,negative,high,40.323,259.0,,1777.0,1777.0,1518.0,True,True,True,,259.0,411.0,,,,,,
1534,100289,negative,high,50.231,220.0,3531.0,3480.5,3531.0,3311.0,True,True,True,,220.0,,,,,,,
1535,100289,negative,high,60.251,10.0,,264.5,264.5,254.5,False,False,True,,,,,110.0,10.0,,,48.0
1501,100289,positive,high,2.767,449.0,403.0,252.99998474121094,403.0,-46.0,True,False,False,,,,,,,,,449.0
1502,100289,positive,low,5.15,294.0,,250.0,250.0,-44.0,True,False,False,,,,,,,,,294.0
1503,100289,positive,high,5.676,219.0,4305.0,450.0,4305.0,4086.0,True,True,True,,,353.0,,,,,,219.0
1504,100289,positive,low,10.174,23.0,,57.0,57.0,34.0,False,False,False,,,,23.0,,,,,426.0
1505,100289,positive,low,15.02,454.0,,852.0,852.0,398.0,True,True,True,,,,,454.0,,,,
1506,100289,positive,low,24.288,275.0,3308.0,3058.0,3308.0,3033.0,True,True,True,275.0,376.0,,398.0,512.0,,,,523.0
1507,100289,positive,high,24.68,64.0,2708.0,2658.0,2708.0,2644.0,False,True,True,,110.0,,64.0,121.0,421.0,,,131.0
1508,100289,positive,high,29.309,,,2656.499755859375,2656.499755859375,,False,True,False,,,,,,,,,
1509,100289,positive,low,29.409,308.0,,2556.5,2556.5,2248.5,True,True,True,,,,,,,,,308.0
1510,100289,positive,high,30.551,,1606.0,1455.5,1606.0,,False,True,False,,,,,,,,,
1511,100289,positive,low,31.851,10.0,201.0,150.5,201.0,191.0,False,False,True,10.0,,,,,309.0,,,
1512,100289,positive,low,34.874,269.0,101.0,352.5,101.0,-168.0,True,False,False,,322.0,269.0,449.0,,,,,
1513,100289,positive,low,34.971,171.0,303.0,252.5,303.0,132.0,True,False,True,,221.0,171.0,352.0,,,,,
1514,100289,positive,high,35.227,53.0,3.0,53.0,3.0,-50.0,False,False,False,519.0,122.0,53.0,97.0,563.0,,,,
1515,100289,positive,low,38.956,10.0,2.0,2256.0,2.0,-8.0,False,False,False,468.0,,,,98.0,,10.0,10.0,
1516,100289,positive,low,40.76,,504.0,454.0,504.0,,False,True,False,,,,,,,,,
1517,100289,positive,high,47.578,,,252.99998474121094,252.99998474121094,,False,False,False,,,,,,,,,
1518,100289,positive,high,50.608,216.0,1206.0,4472.99951171875,1206.0,990.0,True,True,True,310.0,463.0,,,,,,,216.0
1519,100289,positive,high,52.758,75.0,2420.0,2270.0,2420.0,2345.0,False,True,True,,,,275.0,,,,,75.0
1520,100289,positive,high,60.299,101.0,,53.0,53.0,-48.0,True,False,False,504.0,,,,,,,,101.0
1521,100289,positive,low,70.32,59.0,100.0,50.0,100.0,41.0,False,False,False,,,,,59.0,,,,
1522,100289,positive,low,77.589,381.0,1200.0,1150.0001220703125,1200.0,819.0,True,True,True,431.0,,,,,,,,381.0
1523,100289,positive,high,79.161,387.0,200.0,,200.0,-187.0,True,False,False,,,,,,,,,387.0
1557,100290,negative,high,5.097,,,,,,False,False,False,,,,,,,,,
1558,100290,negative,high,8.059,40.0,3331.0,3281.000244140625,3331.0,3291.0,False,True,True,,,,,173.0,,,,40.0
1559,100290,negative,high,15.111,293.0,1710.0,,1710.0,1417.0,True,True,True,,,293.0,,,,562.0,562.0,
1560,100290,negative,high,15.472,,1308.0,,1308.0,,False,True,False,,,,,,,,,
1561,100290,negative,low,17.132,10.0,715.0,,715.0,705.0,False,True,True,,,,54.0,,105.0,,,10.0
1562,100290,negative,low,30.146,74.0,806.0,856.0,806.0,732.0,False,True,True,,,,,301.0,,,,74.0
1563,100290,negative,high,36.152,185.0,,,,,True,False,False,,,,,185.0,363.0,,,
1564,100290,negative,high,50.188,294.0,,555.0,555.0,261.0,True,True,True,,,,,,,294.0,294.0,
1565,100290,negative,high,60.209,103.0,,,,,True,False,False,,230.0,103.0,,498.0,301.0,359.0,359.0,
1566,100290,negative,high,83.904,25.0,308.0,357.9999694824219,308.0,283.0,False,False,True,,,,,,,,,25.0
1567,100290,negative,high,103.022,449.0,,,,,True,False,False,,,449.0,,,,492.0,492.0,513.0
1568,100290,negative,high,116.267,18.0,,,,,False,False,False,108.0,18.0,187.0,169.0,367.0,59.0,97.0,97.0,
1536,100290,positive,high,4.315,110.0,100.0,50.0,100.0,-10.0,True,False,False,,,,,,,110.0,110.0,
1537,100290,positive,low,4.932,224.0,100.0,50.0,100.0,-124.0,True,False,False,,,,,,,,,224.0
1538,100290,positive,low,9.946,59.0,,,,,False,False,False,,,,90.0,,,,,59.0
1539,100290,positive,low,11.849,278.0,3401.0,,3401.0,3123.0,True,True,True,,,,,278.0,,,,
1540,100290,positive,low,15.984,277.0,100.0,1956.0001220703125,100.0,-177.0,True,False,False,,,,277.0,,,,,315.0
1541,100290,positive,low,16.472,216.0,1101.0,1556.0,1101.0,885.0,True,True,True,,216.0,,,,,,,569.0
1542,100290,positive,high,21.66,371.0,,,,,True,False,False,,,488.0,,,,371.0,371.0,
1543,100290,positive,low,22.509,415.0,,,,,True,False,False,,,,,494.0,,,,415.0
1544,100290,positive,low,22.524,400.0,,,,,True,False,False,,,,,490.0,,,,400.0
1545,100290,positive,high,32.68,,,,,,False,False,False,,,,,,,,,
1546,100290,positive,high,35.004,13.0,,,,,False,False,False,,,,,403.0,83.0,13.0,13.0,
1547,100290,positive,low,52.378,,,,,,False,False,False,,,,,,,,,
1548,100290,positive,low,55.776,,,,,,False,False,False,,,,,,,,,
1549,100290,positive,high,57.904,89.0,,,,,False,False,False,107.0,,,,,,479.0,479.0,89.0
1550,100290,positive,high,59.844,10.0,,,,,False,False,False,29.0,88.0,457.0,,52.0,101.0,10.0,10.0,
1551,100290,positive,high,60.071,61.0,,,,,False,False,False,,,244.0,,257.0,61.0,,,
1552,100290,positive,low,62.099,512.0,,,,,False,False,False,,,,,,,,,512.0
1553,100290,positive,high,68.195,469.0,,,,,True,False,False,,469.0,,,,496.0,,,
1554,100290,positive,low,70.008,361.0,,,,,True,False,False,,,361.0,,,,,,
1555,100290,positive,high,70.234,408.0,,,,,True,False,False,,,408.0,,,,,,
1556,100290,positive,high,81.541,325.0,,,,,True,False,False,,,,,,,,,325.0
1591,100300,negative,high,4.736,82.0,2906.0,2856.0,2906.0,2824.0,False,True,True,267.0,,,266.0,291.0,,170.0,170.0,82.0
1592,100300,negative,high,9.162,332.0,10.0,60.5,10.0,-322.0,True,False,False,,,,,,,,,332.0
1593,100300,negative,high,14.739,173.0,,160.0,160.0,-13.0,True,False,False,480.0,,,449.0,590.0,,173.0,173.0,547.0
1594,100300,negative,high,15.942,10.0,2311.0,59.0,2311.0,2301.0,False,True,True,,13.0,,108.0,,190.0,,,10.0
1595,100300,negative,high,22.27,111.0,,51.000003814697266,51.000003814697266,-59.999996185302734,True,False,False,,,,,,558.0,,,111.0
1596,100300,negative,high,27.139,324.0,,,,,True,False,False,561.0,,,,,,374.0,374.0,324.0
1597,100300,negative,low,29.77,32.0,2327.0,,2327.0,2295.0,False,True,True,,,32.0,70.0,,,,,
1598,100300,negative,high,34.52,,102.0,152.00001525878906,102.0,,False,False,False,,,,,,,,,
1599,100300,negative,high,35.796,160.0,4.0,154.0,4.0,-156.0,True,False,False,,,,,,,,,160.0
1600,100300,negative,high,49.813,199.0,106.0,156.0,106.0,-93.0,True,False,False,,,383.0,,586.0,381.0,460.0,460.0,199.0
1601,100300,negative,high,59.839,144.0,12.0,62.000003814697266,12.0,-132.0,True,False,False,390.0,,,307.0,,,424.0,424.0,144.0
1602,100300,negative,low,74.433,395.0,1013.0,162.0,1013.0,618.0,True,True,True,,,,,,,395.0,395.0,
1569,100300,positive,high,1.518,,182.0,32.0,182.0,,False,False,False,,,,,,,,,
1570,100300,positive,high,2.874,13.0,1000.0,450.0,1000.0,987.0,False,True,True,120.0,,,,,,13.0,13.0,
1571,100300,positive,low,4.832,,1201.0,250.0,1201.0,,False,True,False,,,,,,,,,
1572,100300,positive,low,6.328,521.0,1.0,51.000003814697266,1.0,-520.0,False,False,False,521.0,,,,,,,,
1573,100300,positive,low,9.835,317.0,4205.0,253.49998474121094,4205.0,3888.0,True,True,True,317.0,,,,,,320.0,320.0,
1574,100300,positive,low,11.308,50.0,603.0,252.99998474121094,603.0,553.0,False,True,True,,,50.0,,,71.0,179.0,179.0,596.0
1575,100300,positive,high,17.869,10.0,,354.0,354.0,344.0,False,False,True,10.0,209.0,,357.0,,,,,101.0
1576,100300,positive,low,22.544,231.0,304.0,54.0,304.0,73.0,True,False,False,231.0,,,,,,,,
1577,100300,positive,low,22.559,216.0,304.0,54.0,304.0,88.0,True,False,False,216.0,,,,,,,,
1578,100300,positive,high,34.884,199.0,1508.0,1458.0,1508.0,1309.0,True,True,True,,,,,199.0,,228.0,228.0,
1579,100300,positive,low,44.097,,401.0,351.0,401.0,,False,False,False,,,,,,,,,
1580,100300,positive,high,44.524,275.0,100.0,50.0,100.0,-175.0,True,False,False,,,,,,,,,275.0
1581,100300,positive,low,48.696,123.0,4307.0,4055.999755859375,4307.0,4184.0,True,True,True,,,,,,,123.0,123.0,275.0
1582,100300,positive,low,51.274,,1603.0,1453.0001220703125,1603.0,,False,True,False,,,,,,,,,
1583,100300,positive,low,51.77,,1003.0,953.5000610351562,1003.0,,False,True,False,,,,,,,,,
1584,100300,positive,high,52.138,,703.0,653.0,703.0,,False,True,False,,,,,,,,,
1585,100300,positive,high,53.011,173.0,3.0,53.0,3.0,-170.0,True,False,False,,,,,,,,,173.0
1586,100300,positive,high,59.605,17.0,3810.0,3659.999755859375,3810.0,3793.0,False,True,True,322.0,,,,,,17.0,17.0,
1587,100300,positive,low,63.57,134.0,707.0,55.999996185302734,707.0,573.0,True,True,True,,,,548.0,,,134.0,134.0,
1588,100300,positive,low,66.726,10.0,605.0,2157.0,605.0,595.0,False,True,True,,,10.0,351.0,,109.0,389.0,389.0,385.0
1589,100300,positive,low,69.664,38.0,3.0,53.0,3.0,-35.0,False,False,False,38.0,,,,,,314.0,314.0,
1590,100300,positive,high,71.363,251.0,,755.0,755.0,504.0,True,True,True,,,251.0,,,,,,
1625,100307,negative,high,4.895,132.0,305.0,55.0,305.0,173.0,True,False,True,132.0,,338.0,261.0,222.0,285.0,244.0,244.0,
1626,100307,negative,high,8.32,10.0,2320.0,1865.0,2320.0,2310.0,False,True,True,,12.0,14.0,,,10.0,,,394.0
1627,100307,negative,high,14.911,210.0,1216.0,153.49998474121094,1216.0,1006.0,True,True,True,,,,,210.0,,,,
1628,100307,negative,high,22.771,68.0,,2262.0,2262.0,2194.0,False,True,True,68.0,,,,239.0,320.0,,,551.0
1629,100307,negative,low,29.934,513.0,5.0,,5.0,-508.0,False,False,False,,,,,,513.0,,,
1630,100307,negative,high,35.945,105.0,4122.0,,4122.0,4017.0,True,True,True,,,242.0,,561.0,105.0,,,
1631,100307,negative,low,49.15,277.0,713.0,1363.5,713.0,436.0,True,True,True,,568.0,277.0,,,565.0,,,
1632,100307,negative,high,49.983,150.0,2314.0,557.5,2314.0,2164.0,True,True,True,,,176.0,,,150.0,360.0,360.0,483.0
1633,100307,negative,high,60.0,10.0,1818.0,1164.5,1818.0,1808.0,False,True,True,550.0,64.0,78.0,,,10.0,10.0,10.0,
1634,100307,negative,high,74.836,135.0,510.0,1764.5,510.0,375.0,True,True,True,,,,,,,135.0,135.0,
1603,100307,positive,high,1.059,,41.0,1993.0,41.0,,False,False,False,,,,,,,,,
1604,100307,positive,high,2.525,,602.0,552.0,602.0,,False,True,False,,,,,,,,,
1605,100307,positive,low,5.05,250.0,,152.00001525878906,152.00001525878906,-97.99998474121094,True,False,False,,,,,,,,,250.0
1606,100307,positive,low,9.244,28.0,1203.0,1253.0,1203.0,1175.0,False,True,True,,,,,,28.0,,,
1607,100307,positive,low,10.048,135.0,103.0,453.0,103.0,-32.0,True,False,False,,,,,,,497.0,497.0,135.0
1608,100307,positive,low,14.339,,,552.0,552.0,,False,True,False,,,,,,,,,
1609,100307,positive,low,24.402,,2702.0,2452.000244140625,2702.0,,False,True,False,,,,,,,,,
1610,100307,positive,low,28.484,48.0,4906.0,4756.0,4906.0,4858.0,False,True,True,,,371.0,,,,48.0,48.0,164.0
1611,100307,positive,low,28.98,266.0,4406.0,4256.0,4406.0,4140.0,True,True,True,,,,,,,,,266.0
1612,100307,positive,high,29.671,159.0,3706.0,3556.0,3706.0,3547.0,True,True,True,,,159.0,,,,,,
1613,100307,positive,high,30.633,167.0,2806.0,2656.000244140625,2806.0,2639.0,True,True,True,,,,,,,,,167.0
1614,100307,positive,high,34.752,,2104.0,51.000003814697266,2104.0,,False,True,False,,,,,,,,,
1615,100307,positive,high,59.815,351.0,1005.0,1556.0,1005.0,654.0,True,True,True,,,356.0,,,351.0,,,
1616,100307,positive,high,61.431,46.0,4.0,55.0,4.0,-42.0,False,False,False,,,46.0,,,,,,256.0
1617,100307,positive,low,69.833,,505.9999694824219,255.0,505.9999694824219,,False,True,False,,,,,,,,,
1618,100307,positive,high,73.439,163.0,201.0,651.0,201.0,38.0,True,False,False,224.0,,163.0,,,,,,
1619,100307,positive,high,79.378,101.0,2.0,2060.0,2.0,-99.0,True,False,False,101.0,,,,,,,,
1620,100307,positive,high,84.924,327.0,,950.0,950.0,623.0,True,True,True,,,327.0,,,,,,
1621,100307,positive,high,86.345,10.0,100.0,150.0,100.0,90.0,False,False,False,,243.0,,133.0,199.0,32.0,,,10.0
1622,100307,positive,high,93.567,17.0,3703.0,2853.000244140625,3703.0,3686.0,False,True,True,17.0,,,,,,,,
1623,100307,positive,low,97.234,457.0,101.0,51.000003814697266,101.0,-356.0,True,False,False,,547.0,,,,457.0,,,
1624,100307,positive,low,97.243,448.0,101.0,51.000003814697266,101.0,-347.0,True,False,False,,538.0,,,,448.0,,,
1653,100310,negative,high,5.163,178.0,1407.0,55.0,1407.0,1229.0,True,True,True,389.0,382.0,414.0,401.0,340.0,403.0,178.0,178.0,
1654,100310,negative,high,8.869,86.0,,655.0,655.0,569.0,False,True,True,86.0,220.0,217.0,221.0,,314.0,180.0,180.0,550.0
1655,100310,negative,high,15.175,24.0,,57.0,57.0,33.0,False,False,False,24.0,,,125.0,,,,,
1656,100310,negative,high,15.205,10.0,,57.0,57.0,47.0,False,False,False,10.0,,,96.0,,,,,
1657,100310,negative,high,17.67,20.0,,67.5,67.5,47.5,False,False,False,121.0,,,20.0,443.0,,,,
1658,100310,negative,high,28.388,419.0,,63.0,63.0,-356.0,True,False,False,,,,,,,,,419.0
1659,100310,negative,low,30.207,57.0,916.0,61.0,916.0,859.0,False,True,True,,586.0,,57.0,302.0,,,,
1660,100310,negative,high,34.469,,,51.999996185302734,51.999996185302734,,False,False,False,,,,,,,,,
1661,100310,negative,high,36.198,141.0,,1365.5,1365.5,1224.5,True,True,True,,,171.0,,,141.0,183.0,183.0,
1662,100310,negative,high,42.083,222.0,,1362.9998779296875,1362.9998779296875,1140.9998779296875,True,True,True,222.0,,489.0,258.0,,334.0,,,394.0
1663,100310,negative,high,50.248,18.0,,54.0,54.0,36.0,False,False,False,18.0,,,325.0,,,,,320.0
1664,100310,negative,low,51.942,514.0,,458.0,458.0,-56.0,False,False,False,,,,,,,,,514.0
1665,100310,negative,high,60.261,65.0,4436.0,60.5,4436.0,4371.0,False,True,True,,,,65.0,139.0,,,,
1635,100310,positive,high,2.571,285.0,3901.0,50.0,3901.0,3616.0,True,True,True,518.0,,285.0,,,,346.0,346.0,
1636,100310,positive,low,3.713,203.0,,50.5,50.5,-152.5,True,False,False,296.0,,203.0,,,305.0,,,
1637,100310,positive,low,4.871,191.0,,51.000003814697266,51.000003814697266,-139.99999618530273,True,False,False,,,,546.0,191.0,,,,592.0
1638,100310,positive,low,6.043,90.0,,150.0,150.0,60.0,False,False,False,,,,,,,,,90.0
1639,100310,positive,high,8.907,223.0,,51.999996185302734,51.999996185302734,-171.00000381469727,True,False,False,223.0,223.0,223.0,223.0,225.0,223.0,223.0,223.0,
1640,100310,positive,low,9.899,,4012.0,59.5,4012.0,,False,True,False,,,,,,,,,
1641,100310,positive,low,9.974,,3912.0,59.5,3912.0,,False,True,False,,,,,,,,,
1642,100310,positive,low,12.522,98.0,201.0,51.000003814697266,201.0,103.0,False,False,True,,,,98.0,,,,,506.0
1643,100310,positive,low,18.226,221.0,,51.999996185302734,51.999996185302734,-169.00000381469727,True,False,False,,585.0,,,399.0,,,,221.0
1644,100310,positive,high,34.941,25.0,1203.0,452.5000305175781,1203.0,1178.0,False,True,True,,,,,268.0,,25.0,25.0,100.0
1645,100310,positive,high,41.449,28.0,,452.0,452.0,424.0,False,False,True,,28.0,45.0,,35.0,54.0,508.0,508.0,167.0
1646,100310,positive,high,60.01,,3.0,53.0,3.0,,False,False,False,,,,,,,,,
1647,100310,positive,high,66.746,104.0,202.0,51.999996185302734,202.0,98.0,True,False,False,104.0,335.0,376.0,389.0,319.0,,,,
1648,100310,positive,low,70.031,,,54.0,54.0,,False,False,False,,,,,,,,,
1649,100310,positive,high,78.02,68.0,3908.0,252.99998474121094,3908.0,3840.0,False,True,True,,,,,,,128.0,128.0,68.0
1650,100310,positive,high,81.222,91.0,603.0,53.0,603.0,512.0,False,True,True,,,,91.0,114.0,,473.0,473.0,
1651,100310,positive,low,87.384,540.0,601.0,51.000003814697266,601.0,61.0,False,True,False,,,,,,,,,540.0
1652,100310,positive,low,90.691,347.0,,853.0,853.0,506.0,True,True,True,,,,,,,,,347.0
1681,100312,negative,high,5.157,324.0,,557.9999389648438,557.9999389648438,233.99993896484375,True,True,True,,,324.0,,,,,,455.0
1682,100312,negative,high,8.171,314.0,1717.0,1467.0,1717.0,1403.0,True,True,True,,,,,,,,,314.0
1683,100312,negative,high,15.168,600.0,7.0,57.0,7.0,-593.0,False,False,False,,,,,,,,,600.0
1684,100312,negative,high,18.326,10.0,1013.0,961.5000610351562,1013.0,1003.0,False,True,True,39.0,10.0,,14.0,113.0,,256.0,256.0,
1685,100312,negative,low,29.21,245.0,3949.0,4399.0,3949.0,3704.0,True,True,True,245.0,,,,,,,,
1686,100312,negative,low,29.853,,3245.0,3795.0,3245.0,,False,True,False,,,,,,,,,
1687,100312,negative,high,30.439,,2643.0,3192.999755859375,2643.0,,False,True,False,,,,,,,,,
1688,100312,negative,high,35.871,,,1057.5,1057.5,,False,True,False,,,,,,,,,
1689,100312,negative,high,47.11,494.0,3223.0,,3223.0,2729.0,True,True,True,,494.0,497.0,533.0,551.0,,554.0,554.0,
1690,100312,negative,high,49.815,300.0,509.0,2365.5,509.0,209.0,True,True,True,300.0,,,,,,,,
1691,100312,negative,high,54.491,70.0,,64.0,64.0,-6.0,False,False,False,,,,,,,,,70.0
1692,100312,negative,high,59.902,197.0,3535.0,3485.000244140625,3535.0,3338.0,True,True,True,,209.0,197.0,343.0,,239.0,,,
1666,100312,positive,low,5.134,,505.9999694824219,51.999996185302734,505.9999694824219,,False,True,False,,,,,,,,,
1667,100312,positive,low,10.154,,509.0,2060.0,509.0,,False,True,False,,,,,,,,,
1668,100312,positive,low,10.166,,509.0,2060.0,509.0,,False,True,False,,,,,,,,,
1669,100312,positive,high,10.59,,1810.0,1660.0001220703125,1810.0,,False,True,False,,,,,,,,,
1670,100312,positive,high,14.371,,503.0000305175781,51.5,503.0000305175781,,False,True,False,,,,,,,,,
1671,100312,positive,high,24.105,,,,,,False,False,False,,,,,,,,,
1672,100312,positive,low,28.3,,201.0,1051.0,201.0,,False,False,False,,,,,,,,,
1673,100312,positive,low,28.307,,201.0,1051.0,201.0,,False,False,False,,,,,,,,,
1674,100312,positive,high,34.952,359.0,2202.0,2152.0,2202.0,1843.0,True,True,True,370.0,369.0,380.0,360.0,361.0,368.0,359.0,359.0,
1675,100312,positive,high,49.541,,1003.9999389648438,1157.0001220703125,1003.9999389648438,,False,True,False,,,,,,,,,
1676,100312,positive,low,57.986,453.0,,,,,True,False,False,,,,,,,,,453.0
1677,100312,positive,high,58.456,,,,,,False,False,False,,,,,,,,,
1678,100312,positive,high,60.259,144.0,4318.0,,4318.0,4174.0,True,True,True,,,,,,,,,144.0
1679,100312,positive,high,69.199,,,64.5,64.5,,False,False,False,,,,,,,,,
1680,100312,positive,low,70.219,212.0,,72.0,72.0,-140.0,True,False,False,,278.0,212.0,,,,,,509.0
1693,100318,negative,high,4.681,325.0,2020.9998779296875,1770.5,2020.9998779296875,1695.9998779296875,True,True,True,,,,,,,325.0,325.0,
1694,100318,negative,high,7.68,,,4075.5,4075.5,,False,True,False,,,,,,,,,
1695,100318,negative,high,14.697,,3315.0,3165.0,3315.0,,False,True,False,,,,,,,,,
1696,100318,negative,high,16.428,19.0,1308.0,1458.0,1308.0,1289.0,False,True,True,,,,,19.0,,,,
1697,100318,negative,high,24.672,98.0,,,,,False,False,False,,,,233.0,98.0,,,,
1698,100318,negative,low,29.67,37.0,2514.0,,2514.0,2477.0,False,True,True,,,,,,,37.0,37.0,
1699,100318,negative,high,33.781,37.0,108.0,3462.0,108.0,71.0,False,False,False,189.0,123.0,37.0,,,188.0,526.0,526.0,260.0
1700,100318,negative,high,35.731,10.0,204.0,1556.5,204.0,194.0,False,False,True,10.0,10.0,,91.0,39.0,,,,542.0
1701,100318,negative,high,46.519,224.0,608.0,,608.0,384.0,True,True,True,,,,,,,224.0,224.0,
1702,100318,negative,high,49.766,239.0,,,,,True,False,False,,239.0,,,,,570.0,570.0,
1703,100318,negative,high,59.783,178.0,1014.0000610351562,1164.0,1014.0000610351562,836.0000610351562,True,True,True,178.0,526.0,556.0,,,,517.0,517.0,
1704,100318,negative,high,73.085,35.0,,,,,False,False,False,,,457.0,,,,35.0,35.0,
1705,100318,negative,low,86.755,,,1773.9998779296875,1773.9998779296875,,False,True,False,,,,,,,,,
1731,100321,negative,high,5.57,117.0,804.0,53.0,804.0,687.0,True,True,True,,,,117.0,,,,,
1732,100321,negative,high,8.561,,3015.0,51.999996185302734,3015.0,,False,True,False,,,,,,,,,
1733,100321,negative,high,15.573,10.0,,2267.0,2267.0,2257.0,False,True,True,,,,,,,,,10.0
1734,100321,negative,high,17.61,145.0,513.0,262.5,513.0,368.0,True,True,True,315.0,174.0,411.0,159.0,145.0,304.0,311.0,311.0,310.0
1735,100321,negative,low,23.524,10.0,1811.0,1760.9998779296875,1811.0,1801.0,False,True,True,,,,,,,,,10.0
1736,100321,negative,high,27.583,10.0,2405.0,1552.0,2405.0,2395.0,False,True,True,,,,216.0,,10.0,,,410.0
1737,100321,negative,low,30.521,104.0,,55.999996185302734,55.999996185302734,-48.000003814697266,True,False,False,343.0,286.0,304.0,319.0,104.0,,,,
1738,100321,negative,high,33.911,,1708.0,1658.0,1708.0,,False,True,False,,,,,,,,,
1739,100321,negative,high,36.609,10.0,1116.0,164.0,1116.0,1106.0,False,True,True,89.0,,,,219.0,,191.0,191.0,10.0
1740,100321,negative,high,48.483,165.0,819.0,61.0,819.0,654.0,True,True,True,279.0,,,,569.0,,224.0,224.0,165.0
1741,100321,negative,high,50.637,18.0,308.0,58.000003814697266,308.0,290.0,False,False,True,18.0,339.0,,128.0,,,459.0,459.0,427.0
1742,100321,negative,high,60.643,240.0,1214.0,661.0,1214.0,974.0,True,True,True,,,580.0,466.0,,,,,240.0
1743,100321,negative,high,60.989,120.0,614.0,361.0,614.0,494.0,True,True,True,345.0,262.0,240.0,120.0,371.0,513.0,382.0,382.0,439.0
1706,100321,positive,high,1.864,,40.0,90.0,40.0,,False,False,False,,,,,,,,,
1707,100321,positive,high,3.528,147.0,1403.0,51.999996185302734,1403.0,1256.0,True,True,True,,,,,,147.0,,,
1708,100321,positive,low,4.802,96.0,,51.000003814697266,51.000003814697266,-44.999996185302734,False,False,False,,,,288.0,,188.0,96.0,96.0,
1709,100321,positive,low,9.823,52.0,2106.0,2455.999755859375,2106.0,2054.0,False,True,True,,,194.0,,,52.0,233.0,233.0,
1710,100321,positive,low,11.521,15.0,303.0,753.0,303.0,288.0,False,False,True,,,,,,,152.0,152.0,15.0
1711,100321,positive,low,11.528,10.0,303.0,653.0,303.0,293.0,False,False,True,,,,,,,145.0,145.0,10.0
1712,100321,positive,low,17.856,207.0,,,,,True,False,False,,,,,,207.0,,,
1713,100321,positive,low,19.424,56.0,,,,,False,False,False,,,89.0,,,,56.0,56.0,56.0
1714,100321,positive,high,20.298,,,,,,False,False,False,,,,,,,,,
1715,100321,positive,low,30.948,224.0,1404.0,1354.0001220703125,1404.0,1180.0,True,True,True,,,,,,,229.0,229.0,224.0
1716,100321,positive,high,34.866,125.0,,50.0,50.0,-75.0,True,False,False,475.0,,,,,,125.0,125.0,179.0
1717,100321,positive,low,37.915,279.0,1008.0,3768.499755859375,1008.0,729.0,True,True,True,,,,,,,,,279.0
1718,100321,positive,low,40.072,,1812.0,1661.5,1812.0,,False,True,False,,,,,,,,,
1719,100321,positive,low,41.387,359.0,110.0,360.5,110.0,-249.0,True,False,False,,,,,,359.0,,,
1720,100321,positive,high,43.003,145.0,,,,,True,False,False,323.0,145.0,,,383.0,,,,
1721,100321,positive,low,47.7,126.0,808.0,1059.5,808.0,682.0,True,True,True,584.0,,,,,,384.0,384.0,126.0
1722,100321,positive,high,50.466,234.0,819.0,768.0,819.0,585.0,True,True,True,,,,,,234.0,,,
1723,100321,positive,low,55.893,13.0,113.0,63.0,113.0,100.0,False,False,True,87.0,600.0,,,,,13.0,13.0,
1724,100321,positive,high,59.927,44.0,2319.0,2269.0,2319.0,2275.0,False,True,True,,,,,,,45.0,45.0,44.0
1725,100321,positive,high,69.329,19.0,5.0,3976.0,5.0,-14.0,False,False,False,,,,19.0,,,,,
1726,100321,positive,low,69.96,12.0,2821.0,3274.0,2821.0,2809.0,False,True,True,,,,12.0,,172.0,,,
1727,100321,positive,low,78.174,380.0,901.0,1251.5,901.0,521.0,True,True,True,,,380.0,,,,,,
1728,100321,positive,low,79.88,498.0,402.0,352.0,402.0,-96.0,True,False,False,574.0,,581.0,498.0,,,,,
1729,100321,positive,low,89.124,36.0,,2554.999755859375,2554.999755859375,2518.999755859375,False,True,True,,,36.0,,,,308.0,308.0,306.0
1730,100321,positive,high,98.6,55.0,,1056.0,1056.0,1001.0,False,True,True,,,,596.0,,,56.0,56.0,55.0
1757,100328,negative,high,4.876,130.0,1514.0,1464.0,1514.0,1384.0,True,True,True,,130.0,,499.0,,,,,
1758,100328,negative,high,8.153,510.0,,155.0,155.0,-355.0,False,False,False,,,,,,,,,510.0
1759,100328,negative,high,14.885,126.0,5.0,454.9999694824219,5.0,-121.0,True,False,False,353.0,126.0,,,,,,,
1760,100328,negative,high,17.583,10.0,1413.0,,1413.0,1403.0,False,True,True,11.0,17.0,,10.0,10.0,,,,
1761,100328,negative,high,27.758,133.0,319.0,471.0000305175781,319.0,186.0,True,False,True,,,,,,,133.0,133.0,
1762,100328,negative,low,29.914,10.0,610.0,560.0,610.0,600.0,False,True,True,33.0,415.0,,10.0,,,,,
1763,100328,negative,high,35.933,168.0,1611.0,4373.5,1611.0,1443.0,True,True,True,168.0,,,,,,,,490.0
1764,100328,negative,high,49.963,10.0,1220.0,3175.0,1220.0,1210.0,False,True,True,,10.0,402.0,,,13.0,,,
1765,100328,negative,low,59.235,48.0,2218.0,4274.99951171875,2218.0,2170.0,False,True,True,,,442.0,,,442.0,48.0,48.0,48.0
1766,100328,negative,high,59.957,51.0,3823.0,3672.500244140625,3823.0,3772.0,False,True,True,,,51.0,,,,,,
1767,100328,negative,high,75.075,,413.0,,413.0,,False,False,False,,,,,,,,,
1744,100328,positive,high,2.539,,1102.0,2852.0,1102.0,,False,True,False,,,,,,,,,
1745,100328,positive,low,4.867,,600.0,550.0,600.0,,False,True,False,,,,,,,,,
1746,100328,positive,high,7.223,424.0,4927.0,4677.0,4927.0,4503.0,True,True,True,,,,424.0,,,535.0,535.0,
1747,100328,positive,low,9.825,570.0,2115.0,2065.0,2115.0,1545.0,False,True,True,,,,,,,,,570.0
1748,100328,positive,high,16.77,12.0,3601.0,,3601.0,3589.0,False,True,True,12.0,92.0,92.0,,532.0,112.0,267.0,267.0,277.0
1749,100328,positive,low,24.646,,,152.00001525878906,152.00001525878906,,False,False,False,,,,,,,,,
1750,100328,positive,low,24.661,,,152.00001525878906,152.00001525878906,,False,False,False,,,,,,,,,
1751,100328,positive,low,34.297,,403.0,353.0,403.0,,False,False,False,,,,,,,,,
1752,100328,positive,high,34.385,,303.0,252.99998474121094,303.0,,False,False,False,,,,,,,,,
1753,100328,positive,high,34.948,,2.0,51.999996185302734,2.0,,False,False,False,,,,,,,,,
1754,100328,positive,low,38.953,,,,,,False,False,False,,,,,,,,,
1755,100328,positive,low,46.641,,603.0,453.0,603.0,,False,True,False,,,,,,,,,
1756,100328,positive,high,60.009,75.0,,,,,False,False,False,548.0,175.0,124.0,75.0,81.0,82.0,82.0,82.0,
1798,100338,negative,high,4.38,29.0,203.0,,203.0,174.0,False,False,True,29.0,,,51.0,,,,,
1799,100338,negative,high,5.023,10.0,,,,,False,False,False,10.0,480.0,,,,,351.0,351.0,10.0
1800,100338,negative,high,9.812,142.0,,,,,True,False,False,,,142.0,,,236.0,,,
1801,100338,negative,low,13.465,,1406.0,3863.0,1406.0,,False,True,False,,,,,,,,,
1802,100338,negative,high,15.046,146.0,2410.0,2360.000244140625,2410.0,2264.0,True,True,True,257.0,146.0,,170.0,326.0,493.0,,,
1803,100338,negative,high,17.275,32.0,106.0,55.999996185302734,106.0,74.0,False,False,False,,,440.0,,,462.0,32.0,32.0,
1804,100338,negative,low,30.101,529.0,1304.0,554.0,1304.0,775.0,False,True,True,,,,,,,529.0,529.0,
1805,100338,negative,high,33.184,355.0,,,,,True,False,False,493.0,,,,,,355.0,355.0,
1806,100338,negative,high,36.124,316.0,,,,,True,False,False,,,343.0,,,,543.0,543.0,316.0
1807,100338,negative,high,50.184,157.0,,,,,True,False,False,,,157.0,,,216.0,,,
1808,100338,negative,high,50.605,402.0,,,,,True,False,False,,,,,,,,,402.0
1809,100338,negative,high,60.237,97.0,2.0,51.999996185302734,2.0,-95.0,False,False,False,,,,,,97.0,,,
1810,100338,negative,high,75.163,262.0,,,,,True,False,False,262.0,,,,,,,,
1768,100338,positive,low,3.532,99.0,1.0,151.5,1.0,-98.0,False,False,False,99.0,,,,,,,,563.0
1769,100338,positive,low,4.751,13.0,,,,,False,False,False,,13.0,,111.0,214.0,52.0,,,
1770,100338,positive,high,8.231,110.0,,,,,True,False,False,,,,,,,,,110.0
1771,100338,positive,low,9.782,,,,,,False,False,False,,,,,,,,,
1772,100338,positive,low,10.543,,,,,,False,False,False,,,,,,,,,
1773,100338,positive,high,11.876,426.0,,,,,True,False,False,426.0,,,,,,,,
1774,100338,positive,low,12.29,12.0,,,,,False,False,False,12.0,,,340.0,,,,,422.0
1775,100338,positive,high,13.292,193.0,,,,,True,False,False,395.0,203.0,,302.0,,272.0,193.0,193.0,
1776,100338,positive,low,13.584,103.0,,,,,True,False,False,103.0,,,502.0,,,286.0,286.0,
1777,100338,positive,high,15.882,67.0,,,,,False,False,False,67.0,,,,,,,,128.0
1778,100338,positive,high,18.699,332.0,,,,,True,False,False,,,,,,332.0,355.0,355.0,
1779,100338,positive,low,19.863,263.0,,,,,True,False,False,,,364.0,,,265.0,263.0,263.0,
1780,100338,positive,low,19.873,253.0,,,,,True,False,False,,,355.0,,,256.0,253.0,253.0,
1781,100338,positive,high,22.554,11.0,,,,,False,False,False,445.0,106.0,49.0,,28.0,30.0,11.0,11.0,
1782,100338,positive,high,34.882,18.0,,,,,False,False,False,,,208.0,,,,,,18.0
1783,100338,positive,high,37.631,,,,,,False,False,False,,,,,,,,,
1784,100338,positive,high,51.955,,,,,,False,False,False,,,,,,,,,
1785,100338,positive,high,56.164,89.0,,,,,False,False,False,555.0,,461.0,,,,89.0,89.0,
1786,100338,positive,high,59.855,31.0,,,,,False,False,False,31.0,,,71.0,,,,,149.0
1787,100338,positive,high,59.997,10.0,,,,,False,False,False,59.0,,,153.0,,,,,10.0
1788,100338,positive,low,61.421,,,,,,False,False,False,,,,,,,,,
1789,100338,positive,low,70.036,491.0,,,,,True,False,False,,,,,,576.0,,,491.0
1790,100338,positive,low,75.925,396.0,,,,,True,False,False,,,,,,,,,396.0
1791,100338,positive,low,88.434,55.0,3305.0,3555.5,3305.0,3250.0,False,True,True,,,,,,92.0,55.0,55.0,
1792,100338,positive,low,91.954,593.0,2.0,52.5,2.0,-591.0,False,False,False,593.0,,,,,,,,
1793,100338,positive,low,93.563,55.0,3010.0,2959.499755859375,3010.0,2955.0,False,True,True,170.0,446.0,,55.0,403.0,,,,346.0
1794,100338,positive,low,95.965,342.0,606.0,555.5,606.0,264.0,True,True,True,,,,,,566.0,,,342.0
1795,100338,positive,low,96.703,589.0,4.0,54.0,4.0,-585.0,False,False,False,,,,,,589.0,,,
1796,100338,positive,low,99.934,179.0,,,,,True,False,False,,,,,,,179.0,179.0,
1797,100338,positive,low,100.266,405.0,,,,,True,False,False,,,,,,,405.0,405.0,
1824,100339,negative,high,4.9,,1604.0,53.0,1604.0,,False,True,False,,,,,,,,,
1825,100339,negative,high,9.297,16.0,,59.0,59.0,43.0,False,False,False,,,,,,220.0,25.0,25.0,16.0
1826,100339,negative,high,14.92,91.0,,260.9999694824219,260.9999694824219,169.99996948242188,False,False,True,498.0,144.0,,,,552.0,,,91.0
1827,100339,negative,high,15.641,59.0,414.0,363.0,414.0,355.0,False,False,True,86.0,105.0,,,182.0,,62.0,62.0,59.0
1828,100339,negative,high,27.755,412.0,,56.5,56.5,-355.5,True,False,False,412.0,,,,,,,,
1829,100339,negative,low,29.975,,4.0,54.0,4.0,,False,False,False,,,,,,,,,
1830,100339,negative,high,35.997,91.0,914.0,863.9999389648438,914.0,823.0,False,True,True,195.0,,228.0,,91.0,,,,
1831,100339,negative,low,41.025,10.0,,2368.0,2368.0,2358.0,False,True,True,,16.0,,,,,,,10.0
1832,100339,negative,high,50.049,18.0,3714.0,3664.0,3714.0,3696.0,False,True,True,,,128.0,,343.0,18.0,134.0,134.0,20.0
1833,100339,negative,high,60.078,10.0,,,,,False,False,False,,10.0,12.0,,93.0,10.0,10.0,10.0,
1834,100339,negative,high,73.687,,,,,,False,False,False,,,,,,,,,
1811,100339,positive,high,2.334,120.0,6.0,356.0,6.0,-114.0,True,False,False,,347.0,,,,,,,120.0
1812,100339,positive,low,5.074,,4004.000244140625,50.0,4004.000244140625,,False,True,False,,,,,,,,,
1813,100339,positive,low,7.223,,604.0,454.0,604.0,,False,True,False,,,,,,,,,
1814,100339,positive,low,10.095,,,50.0,50.0,,False,False,False,,,,,,,,,
1815,100339,positive,high,30.225,157.0,,57.5,57.5,-99.5,True,False,False,,,,,,157.0,,,
1816,100339,positive,high,35.185,88.0,4.0,1555.0001220703125,4.0,-84.0,False,False,False,88.0,468.0,,126.0,118.0,,,,447.0
1817,100339,positive,high,38.475,10.0,,3761.000244140625,3761.000244140625,3751.000244140625,False,True,True,,15.0,10.0,,,10.0,234.0,234.0,236.0
1818,100339,positive,high,49.262,203.0,,,,,True,False,False,203.0,,,276.0,,,,,
1819,100339,positive,low,49.895,,4706.0,4656.0,4706.0,,False,True,False,,,,,,,,,
1820,100339,positive,low,49.91,,4706.0,4656.0,4706.0,,False,True,False,,,,,,,,,
1821,100339,positive,low,57.431,29.0,2600.0,2550.0,2600.0,2571.0,False,True,True,263.0,29.0,,,,135.0,,,35.0
1822,100339,positive,high,60.283,,100.0,50.0,100.0,,False,False,False,,,,,,,,,
1823,100339,positive,low,70.332,475.0,,450.9999694824219,450.9999694824219,-24.000030517578125,True,False,False,,,,,475.0,,,,
1860,100349,negative,high,5.146,45.0,210.0,60.0,210.0,165.0,False,False,True,,,,82.0,,,53.0,53.0,45.0
1861,100349,negative,high,14.855,279.0,1011.9999389648438,2268.499755859375,1011.9999389648438,732.9999389648438,True,True,True,,,,279.0,541.0,,,,531.0
1862,100349,negative,low,14.933,201.0,1212.0,2267.000244140625,1212.0,1011.0,True,True,True,,541.0,,201.0,464.0,,,,453.0
1863,100349,negative,high,15.174,212.0,1112.0,1966.5,1112.0,900.0,True,True,True,,300.0,442.0,,430.0,427.0,382.0,382.0,212.0
1864,100349,negative,high,18.467,,,567.9999389648438,567.9999389648438,,False,True,False,,,,,,,,,
1865,100349,negative,low,30.242,59.0,,,,,False,False,False,148.0,,,59.0,161.0,,130.0,130.0,129.0
1866,100349,negative,high,34.423,47.0,106.0,4579.0,106.0,59.0,False,False,False,,,,,47.0,,,,
1867,100349,negative,high,36.269,88.0,611.0,2672.999755859375,611.0,523.0,False,True,True,113.0,350.0,,88.0,,,,,
1868,100349,negative,high,50.338,215.0,1332.0,,1332.0,1117.0,True,True,True,,215.0,559.0,,,,,,
1869,100349,negative,high,60.384,103.0,504.0,,504.0,401.0,True,True,True,114.0,,,146.0,129.0,,110.0,110.0,103.0
1870,100349,negative,high,66.419,41.0,927.0,2383.0,927.0,886.0,False,True,True,296.0,41.0,207.0,,492.0,521.0,475.0,475.0,
1871,100349,negative,high,85.246,153.0,1041.0,,1041.0,888.0,True,True,True,,567.0,,153.0,,,,,
1835,100349,positive,high,1.421,255.0,280.0,230.0,280.0,25.0,True,False,False,,,,,,,,,255.0
1836,100349,positive,low,3.152,37.0,1304.0,954.0,1304.0,1267.0,False,True,True,,,,,,,45.0,45.0,37.0
1837,100349,positive,low,5.029,275.0,,,,,True,False,False,,,,,289.0,,282.0,282.0,275.0
1838,100349,positive,high,7.186,291.0,704.0,,704.0,413.0,True,True,True,,,370.0,332.0,360.0,291.0,,,
1839,100349,positive,high,9.881,135.0,,,,,True,False,False,,,,135.0,,,,,
1840,100349,positive,low,10.198,438.0,,,,,True,False,False,,,438.0,,,,,,
1841,100349,positive,low,10.265,210.0,,,,,True,False,False,,,210.0,,,,,,
1842,100349,positive,low,12.711,,3002.0,2751.999755859375,3002.0,,False,True,False,,,,,,,,,
1843,100349,positive,low,13.294,303.0,2402.0,2251.999755859375,2402.0,2099.0,True,True,True,,,,395.0,,,309.0,309.0,303.0
1844,100349,positive,low,19.411,308.0,300.0,250.0,300.0,-8.0,True,False,False,400.0,404.0,,308.0,,,,,
1845,100349,positive,high,21.396,,1104.0,1154.0,1104.0,,False,True,False,,,,,,,,,
1846,100349,positive,high,27.02,23.0,304.0,3156.000244140625,304.0,281.0,False,False,True,,,,,,,31.0,31.0,23.0
1847,100349,positive,high,32.602,144.0,,,,,True,False,False,,144.0,,,,,,,
1848,100349,positive,high,35.323,197.0,2009.0001220703125,,2009.0001220703125,1812.0001220703125,True,True,True,,,,,,,197.0,197.0,197.0
1849,100349,positive,low,40.634,11.0,1507.0,4664.0,1507.0,1496.0,False,True,True,11.0,78.0,,25.0,44.0,,232.0,232.0,225.0
1850,100349,positive,low,43.945,10.0,1307.0,1357.0,1307.0,1297.0,False,True,True,,,,,,,10.0,10.0,10.0
1851,100349,positive,high,57.834,434.0,,,,,True,False,False,,434.0,,,,,,,
1852,100349,positive,high,60.44,44.0,2807.0,,2807.0,2763.0,False,True,True,,,,44.0,469.0,,208.0,208.0,206.0
1853,100349,positive,high,63.055,,1501.0,2551.0,1501.0,,False,True,False,,,,,,,,,
1854,100349,positive,low,70.484,,2000.9998779296875,,2000.9998779296875,,False,True,False,,,,,,,,,
1855,100349,positive,low,75.538,,3302.0,,3302.0,,False,True,False,,,,,,,,,
1856,100349,positive,low,81.687,41.0,2104.0,2154.0,2104.0,2063.0,False,True,True,,,161.0,,165.0,41.0,,,
1857,100349,positive,low,88.451,246.0,3506.0,,3506.0,3260.0,True,True,True,,246.0,,592.0,,,,,
1858,100349,positive,high,92.596,337.0,,,,,True,False,False,,,,,,,342.0,342.0,337.0
1859,100349,positive,high,95.676,173.0,,,,,True,False,False,561.0,173.0,,,319.0,,597.0,597.0,592.0
1909,100358,negative,high,5.167,232.0,1.0,51.5,1.0,-231.0,True,False,False,334.0,368.0,,,232.0,,,,
1910,100358,negative,high,8.15,10.0,2312.0,51.000003814697266,2312.0,2302.0,False,True,True,10.0,,194.0,97.0,,,,,
1911,100358,negative,high,14.372,151.0,2.0,1561.0,2.0,-149.0,True,False,False,,386.0,582.0,,577.0,557.0,533.0,533.0,151.0
1912,100358,negative,low,14.733,172.0,305.0,1259.0001220703125,305.0,133.0,True,False,True,,327.0,220.0,,,198.0,172.0,172.0,
1913,100358,negative,high,15.185,493.0,405.0,759.0,405.0,-88.0,True,False,False,,,,,,,,,493.0
1914,100358,negative,low,30.047,319.0,3126.0,2976.0,3126.0,2807.0,True,True,True,,,319.0,,,,,,
1915,100358,negative,high,31.042,67.0,2126.0,1976.0001220703125,2126.0,2059.0,False,True,True,,67.0,,,104.0,,,,
1916,100358,negative,high,34.084,232.0,2621.0,2470.5,2621.0,2389.0,True,True,True,232.0,305.0,299.0,,,302.0,,,288.0
1917,100358,negative,high,36.155,11.0,412.0,462.5,412.0,401.0,False,False,True,,,,11.0,,,396.0,396.0,
1918,100358,negative,high,50.209,,1107.0,,1107.0,,False,True,False,,,,,,,,,
1919,100358,negative,high,60.242,90.0,2518.0,51.5,2518.0,2428.0,False,True,True,90.0,,,,,,,,162.0
1920,100358,negative,high,84.499,80.0,5.0,156.0,5.0,-75.0,False,False,False,282.0,,157.0,,,,80.0,80.0,
1872,100358,positive,low,4.508,227.0,,,,,True,False,False,286.0,,227.0,,,,,,
1873,100358,positive,low,6.001,57.0,802.0,,802.0,745.0,False,True,True,57.0,,216.0,,,,227.0,227.0,
1874,100358,positive,high,7.944,174.0,4502.0,,4502.0,4328.0,True,True,True,,,,174.0,,,,,
1875,100358,positive,low,8.796,106.0,1601.0,,1601.0,1495.0,True,True,True,106.0,253.0,,,,254.0,,,
1876,100358,positive,low,9.805,77.0,501.0,,501.0,424.0,False,True,True,92.0,,,120.0,,,,,77.0
1877,100358,positive,low,12.351,32.0,1001.0000610351562,,1001.0000610351562,969.0000610351562,False,True,True,,178.0,,32.0,116.0,,468.0,468.0,510.0
1878,100358,positive,low,16.212,10.0,3303.0,,3303.0,3293.0,False,True,True,,,92.0,,,42.0,360.0,360.0,10.0
1879,100358,positive,low,16.223,10.0,3303.0,,3303.0,3293.0,False,True,True,,,82.0,,,32.0,350.0,350.0,10.0
1880,100358,positive,low,17.828,392.0,1603.0,,1603.0,1211.0,True,True,True,,,392.0,,,,,,
1881,100358,positive,high,18.242,576.0,1203.0,,1203.0,627.0,False,True,True,,,,,,576.0,,,
1882,100358,positive,low,18.317,501.0,1103.0,,1103.0,602.0,False,True,True,,,570.0,,,501.0,,,
1883,100358,positive,low,22.156,216.0,402.0,,402.0,186.0,True,False,True,216.0,,273.0,,,,,,
1884,100358,positive,low,23.385,13.0,102.0,,102.0,89.0,False,False,False,202.0,251.0,,,13.0,,246.0,246.0,208.0
1885,100358,positive,low,28.607,10.0,3604.0,3554.0,3604.0,3594.0,False,True,True,207.0,,,,,,10.0,10.0,359.0
1886,100358,positive,high,29.127,140.0,3004.0,2953.0,3004.0,2864.0,True,True,True,,,,,,,,,140.0
1887,100358,positive,high,34.904,18.0,106.0,55.999996185302734,106.0,88.0,False,False,False,,,18.0,102.0,116.0,,100.0,100.0,97.0
1888,100358,positive,high,49.963,216.0,1016.0000610351562,766.0000610351562,1016.0000610351562,800.0000610351562,True,True,True,,,,,,226.0,216.0,216.0,
1889,100358,positive,high,56.764,10.0,509.0,55.0,509.0,499.0,False,True,True,10.0,118.0,109.0,384.0,,321.0,326.0,326.0,
1890,100358,positive,high,60.033,165.0,8.0,,8.0,-157.0,True,False,False,,,165.0,,,,446.0,446.0,307.0
1891,100358,positive,low,70.081,26.0,804.0,754.0,804.0,778.0,False,True,True,,,383.0,,,,26.0,26.0,
1892,100358,positive,high,76.74,,3108.0,,3108.0,,False,True,False,,,,,,,,,
1893,100358,positive,high,78.458,62.0,1106.0,3962.0,1106.0,1044.0,False,True,True,,,,124.0,458.0,,62.0,62.0,
1894,100358,positive,high,84.416,74.0,,1154.0,1154.0,1080.0,False,True,True,463.0,,324.0,529.0,,,379.0,379.0,74.0
1895,100358,positive,high,87.52,307.0,,,,,True,False,False,,,,307.0,,,,,
1896,100358,positive,high,91.128,,2003.0,2453.0,2003.0,,False,True,False,,,,,,,,,
1897,100358,positive,low,91.173,,1903.0,2453.0,1903.0,,False,True,False,,,,,,,,,
1898,100358,positive,low,93.546,182.0,100.0,50.0,100.0,-82.0,True,False,False,,182.0,,,,,,,
1899,100358,positive,high,94.54,384.0,,,,,True,False,False,,,,,,,413.0,413.0,384.0
1900,100358,positive,low,94.924,10.0,,,,,False,False,False,,,,,,,41.0,41.0,10.0
1901,100358,positive,low,117.696,189.0,4207.0,,4207.0,4018.0,True,True,True,582.0,,,189.0,570.0,,,,
1902,100358,positive,high,118.933,55.0,1105.0,4458.0,1105.0,1050.0,False,True,True,,214.0,55.0,118.0,325.0,,505.0,505.0,494.0
1903,100358,positive,high,122.276,160.0,1202.0,1052.0,1202.0,1042.0,True,True,True,,,,,,160.0,,,197.0
1904,100358,positive,high,124.648,10.0,1.0,51.000003814697266,1.0,-9.0,False,False,False,10.0,,,44.0,418.0,,133.0,133.0,
1905,100358,positive,low,124.777,10.0,1.0,51.000003814697266,1.0,-9.0,False,False,False,53.0,,,10.0,289.0,,16.0,16.0,
1906,100358,positive,high,127.013,254.0,303.0,53.0,303.0,49.0,True,False,False,,,,,,254.0,,,533.0
1907,100358,positive,low,130.208,194.0,4013.0,3763.0,4013.0,3819.0,True,True,True,582.0,,512.0,,,320.0,194.0,194.0,278.0
1908,100358,positive,low,132.464,546.0,1510.0,1460.0,1510.0,964.0,False,True,True,,,,,546.0,,,,
1947,100439,negative,high,4.746,10.0,314.0,564.0,314.0,304.0,False,False,True,12.0,20.0,220.0,18.0,10.0,301.0,,,576.0
1948,100439,negative,high,10.373,327.0,,164.99998474121094,164.99998474121094,-162.00001525878906,True,False,False,,,,461.0,,,,,327.0
1949,100439,negative,high,14.773,205.0,1810.0,1660.0001220703125,1810.0,1605.0,True,True,True,,,,,,,,,205.0
1950,100439,negative,high,18.463,10.0,406.0,254.00001525878906,406.0,396.0,False,False,True,91.0,,153.0,95.0,,,,,10.0
1951,100439,negative,high,26.419,187.0,11.0,1063.4998779296875,11.0,-176.0,True,False,False,,,249.0,409.0,285.0,187.0,245.0,245.0,
1952,100439,negative,low,29.854,235.0,619.0,3782.0,619.0,384.0,True,True,True,,445.0,,,235.0,,,,
1953,100439,negative,low,31.059,10.0,307.0,2567.0,307.0,297.0,False,False,True,572.0,545.0,,549.0,575.0,23.0,198.0,198.0,10.0
1954,100439,negative,high,35.873,143.0,,3364.999755859375,3364.999755859375,3221.999755859375,True,True,True,,,,143.0,242.0,,,,437.0
1955,100439,negative,high,43.141,249.0,209.0,1763.5,209.0,-40.0,True,False,False,268.0,439.0,,260.0,254.0,249.0,334.0,334.0,323.0
1956,100439,negative,high,49.93,28.0,,155.0,155.0,127.0,False,False,True,177.0,176.0,464.0,,28.0,441.0,443.0,443.0,413.0
1957,100439,negative,high,50.736,,,4764.0,4764.0,,False,True,False,,,,,,,,,
1958,100439,negative,high,59.972,436.0,,559.0,559.0,123.0,True,True,True,,,,,,,,,436.0
1921,100439,positive,high,1.803,,3100.0,,3100.0,,False,True,False,,,,,,,,,
1922,100439,positive,low,5.108,50.0,300.0,,300.0,250.0,False,False,True,163.0,455.0,130.0,85.0,165.0,50.0,126.0,126.0,234.0
1923,100439,positive,high,6.555,79.0,701.0,,701.0,622.0,False,True,True,,118.0,,,,,,,79.0
1924,100439,positive,low,10.171,492.0,1705.0,,1705.0,1213.0,True,True,True,535.0,492.0,,,,,,,
1925,100439,positive,low,11.297,10.0,105.0,,105.0,95.0,False,False,False,,10.0,292.0,,,,,,369.0
1926,100439,positive,low,11.309,280.0,105.0,,105.0,-175.0,True,False,False,,,280.0,,,,,,357.0
1927,100439,positive,high,19.506,41.0,501.9999694824219,552.0,501.9999694824219,460.9999694824219,False,True,True,,522.0,,,,41.0,195.0,195.0,82.0
1928,100439,positive,low,22.542,305.0,,,,,True,False,False,,,,569.0,535.0,305.0,,,
1929,100439,positive,low,22.722,125.0,,154.0,154.0,29.0,True,False,False,,,,389.0,355.0,125.0,,,
1930,100439,positive,high,24.146,190.0,,,,,True,False,False,,190.0,,,,,,,
1931,100439,positive,low,25.761,283.0,1401.0,,1401.0,1118.0,True,True,True,382.0,,,,,357.0,283.0,283.0,
1932,100439,positive,high,29.42,21.0,2902.0,4854.0,2902.0,2881.0,False,True,True,,334.0,305.0,339.0,248.0,,269.0,269.0,21.0
1933,100439,positive,high,35.281,26.0,4410.0,4160.0,4410.0,4384.0,False,True,True,452.0,439.0,26.0,453.0,,,,,
1934,100439,positive,high,40.584,,1305.0,53.0,1305.0,,False,True,False,,,,,,,,,
1935,100439,positive,low,48.417,64.0,,,,,False,False,False,293.0,270.0,,252.0,150.0,64.0,73.0,73.0,468.0
1936,100439,positive,high,53.805,43.0,,,,,False,False,False,,,211.0,,43.0,246.0,261.0,261.0,469.0
1937,100439,positive,high,60.398,,,,,,False,False,False,,,,,,,,,
1938,100439,positive,high,61.091,120.0,,,,,True,False,False,,,599.0,,,120.0,,,
1939,100439,positive,low,70.456,571.0,,,,,False,False,False,,592.0,,596.0,571.0,,,,
1940,100439,positive,high,79.038,31.0,,,,,False,False,False,,,31.0,,,376.0,266.0,266.0,260.0
1941,100439,positive,low,81.26,135.0,,,,,True,False,False,,404.0,173.0,,333.0,135.0,,,
1942,100439,positive,high,84.704,116.0,,,,,True,False,False,,116.0,,,,,,,298.0
1943,100439,positive,high,88.946,253.0,3105.0,3055.0,3105.0,2852.0,True,True,True,,253.0,,320.0,378.0,437.0,,,525.0
1944,100439,positive,high,91.236,408.0,803.0,753.0,803.0,395.0,True,True,True,,,408.0,,,,,,
1945,100439,positive,low,108.195,408.0,4309.0,4259.0,4309.0,3901.0,True,True,True,,,429.0,,,,,,408.0
1946,100439,positive,low,116.505,203.0,,,,,True,False,False,370.0,,203.0,,381.0,,,,340.0
1978,100443,negative,high,5.514,137.0,,854.0,854.0,717.0,True,True,True,458.0,400.0,331.0,,137.0,436.0,577.0,577.0,
1979,100443,negative,high,9.988,382.0,3036.0,3486.0,3036.0,2654.0,True,True,True,,,,,579.0,,,,382.0
1980,100443,negative,high,15.548,54.0,,3780.0,3780.0,3726.0,False,True,True,,,,,54.0,85.0,428.0,428.0,
1981,100443,negative,high,16.332,44.0,,2979.0,2979.0,2935.0,False,True,True,49.0,79.0,,55.0,,580.0,322.0,322.0,44.0
1982,100443,negative,low,16.95,63.0,2622.0,2372.0,2622.0,2559.0,False,True,True,514.0,63.0,,205.0,223.0,,562.0,562.0,553.0
1983,100443,negative,high,26.058,80.0,1311.0,1260.9998779296875,1311.0,1231.0,False,True,True,,,,,80.0,,,,
1984,100443,negative,low,30.614,182.0,,,,,True,False,False,,361.0,285.0,,,,182.0,182.0,
1985,100443,negative,high,36.642,333.0,109.0,4175.99951171875,109.0,-224.0,True,False,False,,,582.0,,,333.0,,,549.0
1986,100443,negative,high,38.111,272.0,1813.0,2768.000244140625,1813.0,1541.0,True,True,True,272.0,,,,,,,,
1987,100443,negative,high,49.155,52.0,3319.0,3369.0,3319.0,3267.0,False,True,True,,,,,,52.0,,,
1988,100443,negative,high,50.714,,512.0,1767.0,512.0,,False,True,False,,,,,,,,,
1989,100443,negative,high,60.748,,1910.0,1658.0,1910.0,,False,True,False,,,,,,,,,
1959,100443,positive,high,2.797,146.0,400.0,350.0000305175781,400.0,254.0,True,False,True,,,,146.0,,,,,588.0
1960,100443,positive,low,3.549,93.0,,1551.0,1551.0,1458.0,False,True,True,97.0,482.0,,105.0,560.0,,,,93.0
1961,100443,positive,high,15.309,275.0,100.0,50.0,100.0,-175.0,True,False,False,,,,,,,275.0,275.0,
1962,100443,positive,high,21.862,121.0,1203.0,1153.0,1203.0,1082.0,True,True,True,,121.0,,,470.0,,,,351.0
1963,100443,positive,high,23.157,,2.0,,2.0,,False,False,False,,,,,,,,,
1964,100443,positive,low,27.594,526.0,,,,,False,False,False,,,,,,526.0,,,
1965,100443,positive,low,27.61,510.0,,,,,False,False,False,,,,,,510.0,,,
1966,100443,positive,high,28.665,168.0,,,,,True,False,False,,,,,,,,,168.0
1967,100443,positive,low,37.448,399.0,,,,,True,False,False,,,,,,399.0,,,555.0
1968,100443,positive,low,40.401,126.0,,,,,True,False,False,597.0,,398.0,,,,126.0,126.0,349.0
1969,100443,positive,low,43.181,10.0,,,,,False,False,False,,108.0,10.0,15.0,,14.0,,,475.0
1970,100443,positive,low,50.88,10.0,,,,,False,False,False,295.0,,,,,,,,10.0
1971,100443,positive,low,51.37,164.0,,,,,True,False,False,,,,,,164.0,,,
1972,100443,positive,high,53.796,264.0,,,,,True,False,False,264.0,,,538.0,,415.0,,,
1973,100443,positive,high,55.423,211.0,,,,,True,False,False,219.0,,,,,,,,211.0
1974,100443,positive,low,58.263,64.0,,,,,False,False,False,,,64.0,,195.0,,333.0,333.0,
1975,100443,positive,low,62.737,138.0,3000.0,2950.0,3000.0,2862.0,True,True,True,373.0,,,,,,,,138.0
1976,100443,positive,low,63.822,502.0,1900.0,1950.0,1900.0,1398.0,False,True,True,,,536.0,,,502.0,533.0,533.0,
1977,100443,positive,high,63.92,405.0,1800.0,1849.9998779296875,1800.0,1395.0,True,True,True,,,438.0,,,405.0,435.0,435.0,
2007,100448,negative,high,5.078,356.0,507.0000305175781,157.0,507.0000305175781,151.00003051757812,True,True,True,431.0,431.0,378.0,356.0,435.0,406.0,406.0,406.0,421.0
2008,100448,negative,high,8.137,40.0,,2368.0,2368.0,2328.0,False,True,True,,,,,,51.0,,,40.0
2009,100448,negative,high,15.084,297.0,5.0,55.0,5.0,-292.0,True,False,False,,,297.0,,,,,,
2010,100448,negative,high,17.593,10.0,,53.0,53.0,43.0,False,False,False,10.0,10.0,10.0,10.0,10.0,10.0,10.0,10.0,73.0
2011,100448,negative,high,23.953,60.0,905.0,855.0,905.0,845.0,False,True,True,,,,499.0,,,,,60.0
2012,100448,negative,low,30.169,225.0,409.0,359.0,409.0,184.0,True,False,True,,,,225.0,,,,,
2013,100448,negative,high,30.305,88.0,209.0,159.00001525878906,209.0,121.0,False,False,True,,,,88.0,,,,,
2014,100448,negative,high,36.21,139.0,1112.0,1062.0,1112.0,973.0,True,True,True,,,,448.0,,139.0,,,
2015,100448,negative,low,37.975,344.0,3722.0,863.9999389648438,3722.0,3378.0,True,True,True,,,,,,344.0,,,
2016,100448,negative,high,50.248,17.0,8.0,560.0,8.0,-9.0,False,False,False,,,,17.0,,,288.0,288.0,
2017,100448,negative,high,60.314,98.0,3523.0,3473.0,3523.0,3425.0,False,True,True,,,,,,184.0,,,98.0
1990,100448,positive,high,1.304,,2803.0,,2803.0,,False,True,False,,,,,,,,,
1991,100448,positive,low,4.875,,,,,,False,False,False,,,,,,,,,
1992,100448,positive,high,6.269,19.0,,,,,False,False,False,,,26.0,,,97.0,23.0,23.0,19.0
1993,100448,positive,low,9.893,,1608.0,1558.0001220703125,1608.0,,False,True,False,,,,,,,,,
1994,100448,positive,low,10.362,136.0,1108.0,1058.0001220703125,1108.0,972.0,True,True,True,,,,136.0,,,,,
1995,100448,positive,low,12.415,44.0,5.0,55.0,5.0,-39.0,False,False,False,,,156.0,,72.0,186.0,47.0,47.0,44.0
1996,100448,positive,low,26.386,108.0,2.0,654.0,2.0,-106.0,True,False,False,,,,,108.0,,,,
1997,100448,positive,high,35.013,16.0,2006.0,1556.0,2006.0,1990.0,False,True,True,372.0,16.0,,,,,34.0,34.0,33.0
1998,100448,positive,low,35.48,140.0,1106.0,1056.0,1106.0,966.0,True,True,True,,,267.0,,201.0,140.0,168.0,168.0,352.0
1999,100448,positive,low,43.255,16.0,,58.000003814697266,58.000003814697266,42.000003814697266,False,False,False,,,,200.0,,,441.0,441.0,16.0
2000,100448,positive,low,47.957,81.0,4213.0,2961.0,4213.0,4132.0,False,True,True,,,504.0,,,81.0,,,
2001,100448,positive,low,47.964,74.0,4213.0,2961.0,4213.0,4139.0,False,True,True,,,497.0,,,74.0,,,
2002,100448,positive,high,50.511,330.0,505.9999694824219,356.0,505.9999694824219,175.99996948242188,True,True,True,,,330.0,,415.0,334.0,416.0,416.0,454.0
2003,100448,positive,high,59.928,130.0,100.0,50.0,100.0,-30.0,True,False,False,,,,,,,130.0,130.0,
2004,100448,positive,high,60.139,415.0,,551.0,551.0,136.0,True,True,True,,,,415.0,,,,,
2005,100448,positive,low,70.19,10.0,1602.0,,1602.0,1592.0,False,True,True,,,,93.0,,,10.0,10.0,90.0
2006,100448,positive,low,74.499,37.0,2.0,,2.0,-35.0,False,False,False,546.0,,233.0,453.0,,449.0,37.0,37.0,
2037,100455,negative,high,4.891,485.0,2314.0,55.0,2314.0,1829.0,True,True,True,,,,,,,,,485.0
2038,100455,negative,high,14.86,493.0,1212.0,58.000003814697266,1212.0,719.0,True,True,True,,493.0,,,,,,,
2039,100455,negative,high,21.459,102.0,1524.0,1468.5,1524.0,1422.0,True,True,True,,,102.0,,,,209.0,209.0,207.0
2040,100455,negative,low,23.252,234.0,,172.5,172.5,-61.5,True,False,False,,,,,,283.0,257.0,257.0,234.0
2041,100455,negative,low,30.003,25.0,103.0,53.0,103.0,78.0,False,False,False,63.0,109.0,33.0,327.0,40.0,25.0,42.0,42.0,
2042,100455,negative,high,36.022,,3241.0,3191.0,3241.0,,False,True,False,,,,,,,,,
2043,100455,negative,high,36.286,562.0,3041.0,2991.0,3041.0,2479.0,False,True,True,,,562.0,,,576.0,575.0,575.0,
2044,100455,negative,high,50.088,105.0,,61.0,61.0,-44.0,True,False,False,291.0,105.0,260.0,,,525.0,212.0,212.0,289.0
2018,100455,positive,high,1.997,,606.0,255.99998474121094,606.0,,False,True,False,,,,,,,,,
2019,100455,positive,low,5.026,,2302.0,450.9999694824219,2302.0,,False,True,False,,,,,,,,,
2020,100455,positive,high,5.96,10.0,1302.0,1252.0001220703125,1302.0,1292.0,False,True,True,,,,,,,19.0,19.0,10.0
2021,100455,positive,low,12.102,,106.0,53.0,106.0,,False,False,False,,,,,,,,,
2022,100455,positive,low,12.606,,7.0,57.0,7.0,,False,False,False,,,,,,,,,
2023,100455,positive,high,16.261,250.0,602.0,552.0,602.0,352.0,True,True,True,,,,250.0,,,,,
2024,100455,positive,low,18.845,10.0,,1658.0,1658.0,1648.0,False,True,True,12.0,107.0,327.0,,,111.0,13.0,13.0,10.0
2025,100455,positive,high,22.627,43.0,,,,,False,False,False,,,,,,43.0,227.0,227.0,220.0
2026,100455,positive,high,34.117,193.0,,,,,True,False,False,506.0,536.0,574.0,,,,195.0,195.0,193.0
2027,100455,positive,high,35.202,,,,,,False,False,False,,,,,,,,,
2028,100455,positive,high,41.419,,,,,,False,False,False,,,,,,,,,
2029,100455,positive,high,43.663,12.0,,,,,False,False,False,22.0,25.0,,,23.0,,20.0,20.0,12.0
2030,100455,positive,low,47.951,,,,,,False,False,False,,,,,,,,,
2031,100455,positive,low,47.966,,,,,,False,False,False,,,,,,,,,
2032,100455,positive,high,57.592,10.0,,,,,False,False,False,,,,10.0,,,,,10.0
2033,100455,positive,high,60.33,10.0,,,,,False,False,False,,,,,,10.0,,,
2034,100455,positive,low,70.389,17.0,,250.99998474121094,250.99998474121094,233.99998474121094,False,False,True,29.0,,,,,,19.0,19.0,17.0
2035,100455,positive,low,89.82,79.0,,,,,False,False,False,248.0,200.0,79.0,,410.0,410.0,200.0,200.0,
2036,100455,positive,low,94.815,279.0,,,,,True,False,False,314.0,369.0,,279.0,,440.0,293.0,293.0,338.0
2063,100457,negative,high,5.499,156.0,5.0,55.0,5.0,-151.0,True,False,False,261.0,480.0,,265.0,231.0,,156.0,156.0,250.0
2064,100457,negative,high,9.108,10.0,6.0,55.999996185302734,6.0,-4.0,False,False,False,,,,328.0,,,,,10.0
2065,100457,negative,low,12.599,29.0,11.0,63.999996185302734,11.0,-18.0,False,False,False,,,29.0,,,51.0,61.0,61.0,
2066,100457,negative,high,15.534,94.0,713.0,763.0,713.0,619.0,False,True,True,376.0,,94.0,295.0,,120.0,296.0,296.0,
2067,100457,negative,high,17.673,21.0,,3689.000244140625,3689.000244140625,3668.000244140625,False,True,True,,,21.0,,,,,,
2068,100457,negative,high,25.146,198.0,,956.0,956.0,758.0,True,True,True,,315.0,198.0,358.0,295.0,,241.0,241.0,
2069,100457,negative,low,30.593,10.0,16.0,1167.0,16.0,6.0,False,False,False,,,,,,,98.0,98.0,10.0
2070,100457,negative,high,34.51,10.0,,,,,False,False,False,265.0,262.0,,,,82.0,,,10.0
2071,100457,negative,high,36.625,88.0,4939.0,,4939.0,4851.0,False,True,True,,136.0,,138.0,88.0,513.0,,,124.0
2072,100457,negative,high,38.812,54.0,2620.0,2771.0,2620.0,2566.0,False,True,True,54.0,370.0,128.0,,,584.0,,,
2073,100457,negative,high,50.692,206.0,,,,,True,False,False,,,,,,,207.0,207.0,206.0
2074,100457,negative,high,60.696,10.0,,,,,False,False,False,,,,,,,,,10.0
2045,100457,positive,high,1.227,66.0,674.0,22.999998092651367,674.0,608.0,False,True,True,,,,,,,,,66.0
2046,100457,positive,high,3.254,17.0,,1852.0,1852.0,1835.0,False,True,True,17.0,29.0,522.0,,37.0,575.0,99.0,99.0,59.0
2047,100457,positive,low,4.414,597.0,601.0,651.0,601.0,4.0,False,True,False,,,,,,,597.0,597.0,
2048,100457,positive,low,4.859,154.0,101.0,250.99998474121094,101.0,-53.0,True,False,False,,,,,,,522.0,522.0,154.0
2049,100457,positive,high,7.08,306.0,,1352.9998779296875,1352.9998779296875,1046.9998779296875,True,True,True,,,,,,,306.0,306.0,490.0
2050,100457,positive,low,8.044,10.0,102.0,,102.0,92.0,False,False,False,,,,,,10.0,10.0,10.0,
2051,100457,positive,low,9.89,10.0,,,,,False,False,False,,,,,,,,,10.0
2052,100457,positive,low,12.301,23.0,300.0,,300.0,277.0,False,False,True,273.0,23.0,,504.0,,,,,
2053,100457,positive,low,14.756,42.0,,,,,False,False,False,,,534.0,,,,584.0,584.0,42.0
2054,100457,positive,low,14.764,34.0,,,,,False,False,False,,,526.0,,,,576.0,576.0,34.0
2055,100457,positive,high,18.899,17.0,,,,,False,False,False,,,,,,,,,17.0
2056,100457,positive,high,22.62,111.0,1704.0,1754.0,1704.0,1593.0,True,True,True,,,,,,,,,111.0
2057,100457,positive,high,31.998,,1103.0,,1103.0,,False,True,False,,,,,,,,,
2058,100457,positive,high,34.996,76.0,2729.0,2578.0,2729.0,2653.0,False,True,True,82.0,477.0,289.0,539.0,76.0,,186.0,186.0,144.0
2059,100457,positive,low,57.711,93.0,701.0,,701.0,608.0,False,True,True,,,,,,,,,93.0
2060,100457,positive,high,59.918,147.0,1300.0,,1300.0,1153.0,True,True,True,,,227.0,,,147.0,,,
2061,100457,positive,low,60.882,22.0,1000.0,,1000.0,978.0,False,True,True,,,,,,,,,22.0
2062,100457,positive,low,63.089,22.0,,4555.00048828125,4555.00048828125,4533.00048828125,False,True,True,,,319.0,,,,252.0,252.0,22.0
2095,100461,negative,high,5.153,122.0,,,,,True,False,False,,,,,137.0,,,,122.0
2096,100461,negative,high,10.674,513.0,,,,,False,False,False,,,,,,,,,513.0
2097,100461,negative,high,15.194,201.0,12.0,,12.0,-189.0,True,False,False,201.0,267.0,,,,,,,566.0
2098,100461,negative,high,22.336,28.0,,,,,False,False,False,,,,184.0,,28.0,170.0,170.0,174.0
2099,100461,negative,low,23.262,419.0,418.0,,418.0,-1.0,True,False,False,,,,419.0,,,,,
2100,100461,negative,low,30.254,42.0,1216.0,,1216.0,1174.0,False,True,True,,42.0,,,,,,,
2101,100461,negative,high,36.258,174.0,,,,,True,False,False,,,,,174.0,,,,
2102,100461,negative,high,45.449,193.0,1620.0,,1620.0,1427.0,True,True,True,,,,,,,226.0,226.0,193.0
2103,100461,negative,high,50.23,79.0,1627.0,,1627.0,1548.0,False,True,True,,,,455.0,319.0,,370.0,370.0,79.0
2104,100461,negative,high,56.73,24.0,4723.0,,4723.0,4699.0,False,True,True,,,24.0,,,68.0,62.0,62.0,61.0
2105,100461,negative,high,60.339,100.0,1206.0,,1206.0,1106.0,True,True,True,,100.0,418.0,,,,,,
2075,100461,positive,high,1.809,,1193.0,1143.0,1193.0,,False,True,False,,,,,,,,,
2076,100461,positive,high,4.287,80.0,701.0,651.0,701.0,621.0,False,True,True,84.0,80.0,,193.0,161.0,,109.0,109.0,99.0
2077,100461,positive,low,5.154,147.0,,151.00001525878906,151.00001525878906,4.0000152587890625,True,False,False,147.0,,455.0,,,,,,
2078,100461,positive,low,10.179,84.0,3402.0,3352.0,3402.0,3318.0,False,True,True,84.0,,,,237.0,,432.0,432.0,92.0
2079,100461,positive,low,16.108,96.0,,650.0,650.0,554.0,False,True,True,96.0,219.0,,,,,,,
2080,100461,positive,high,18.549,102.0,,55.0,55.0,-47.0,True,False,False,,,102.0,,,,,,
2081,100461,positive,high,28.094,150.0,,,,,True,False,False,,,442.0,517.0,211.0,150.0,244.0,244.0,241.0
2082,100461,positive,high,35.296,60.0,,,,,False,False,False,600.0,,,,60.0,584.0,582.0,582.0,587.0
2083,100461,positive,high,36.705,150.0,,,,,True,False,False,414.0,,151.0,,,150.0,158.0,158.0,153.0
2084,100461,positive,low,38.815,187.0,,,,,True,False,False,,,187.0,,,,230.0,230.0,223.0
2085,100461,positive,low,47.658,10.0,4008.999755859375,3958.999755859375,4008.999755859375,3998.999755859375,False,True,True,,,,,,,,,10.0
2086,100461,positive,high,48.028,274.0,3609.0,3559.0,3609.0,3335.0,True,True,True,,,,386.0,,,313.0,313.0,274.0
2087,100461,positive,low,50.348,73.0,1306.0,1256.0,1306.0,1233.0,False,True,True,,186.0,73.0,,,343.0,376.0,376.0,374.0
2088,100461,positive,low,50.688,10.0,1005.0,955.0,1005.0,995.0,False,True,True,,,18.0,274.0,,10.0,35.0,35.0,31.0
2089,100461,positive,low,53.958,10.0,3.0,2153.0,3.0,-7.0,False,False,False,91.0,,10.0,,,43.0,,,
2090,100461,positive,high,56.911,66.0,,53.0,53.0,-13.0,False,False,False,66.0,,,,,,361.0,361.0,348.0
2091,100461,positive,high,58.501,273.0,,,,,True,False,False,,,,273.0,,,,,
2092,100461,positive,high,60.422,180.0,,,,,True,False,False,,,,,,,,,180.0
2093,100461,positive,low,70.472,26.0,,,,,False,False,False,,,,,,192.0,26.0,26.0,
2094,100461,positive,high,77.105,387.0,,,,,True,False,False,,,,,387.0,,,,
2125,100464,negative,high,5.132,10.0,,463.0,463.0,453.0,False,False,True,10.0,66.0,,29.0,,,,,
2126,100464,negative,high,9.329,255.0,714.0,161.0,714.0,459.0,True,True,True,,255.0,,,,,,,
2127,100464,negative,high,15.167,286.0,2924.0,2974.500244140625,2924.0,2638.0,True,True,True,313.0,286.0,,,,447.0,567.0,567.0,545.0
2128,100464,negative,low,16.628,,1417.0,4377.0,1417.0,,False,True,False,,,,,,,,,
2129,100464,negative,low,30.219,99.0,,,,,False,False,False,245.0,,,228.0,,,108.0,108.0,99.0
2130,100464,negative,high,36.239,,,,,,False,False,False,,,,,,,,,
2131,100464,negative,high,50.319,10.0,,352.0,352.0,342.0,False,False,True,,,,10.0,,,88.0,88.0,
2132,100464,negative,high,60.361,44.0,,,,,False,False,False,406.0,,44.0,272.0,200.0,567.0,122.0,122.0,179.0
2106,100464,positive,high,3.232,118.0,1605.0,1555.0001220703125,1605.0,1487.0,True,True,True,309.0,118.0,,,,,536.0,536.0,526.0
2107,100464,positive,low,4.829,227.0,2.0,51.999996185302734,2.0,-225.0,True,False,False,314.0,,,,,227.0,227.0,227.0,
2108,100464,positive,high,8.512,10.0,,,,,False,False,False,165.0,,,81.0,44.0,11.0,10.0,10.0,10.0
2109,100464,positive,high,9.409,52.0,,,,,False,False,False,,246.0,52.0,,,,,,
2110,100464,positive,low,10.599,28.0,1322.0,,1322.0,1294.0,False,True,True,,,28.0,,,,,,
2111,100464,positive,high,35.001,66.0,2108.0,356.0,2108.0,2042.0,False,True,True,575.0,,167.0,398.0,66.0,137.0,178.0,178.0,
2112,100464,positive,high,42.225,42.0,,57.5,57.5,15.5,False,False,False,,,,,,,58.0,58.0,42.0
2113,100464,positive,high,47.317,71.0,,,,,False,False,False,71.0,,,,,,,,498.0
2114,100464,positive,high,50.956,131.0,,,,,True,False,False,,,,131.0,,,,,
2115,100464,positive,low,51.046,40.0,,,,,False,False,False,,,,40.0,,,,,
2116,100464,positive,low,51.841,192.0,2902.0,,2902.0,2710.0,True,True,True,412.0,,,443.0,,,,,192.0
2117,100464,positive,high,53.374,260.0,1101.0,,1101.0,841.0,True,True,True,,,,,,,288.0,288.0,260.0
2118,100464,positive,low,54.866,10.0,,,,,False,False,False,10.0,,,88.0,,242.0,166.0,166.0,138.0
2119,100464,positive,low,55.265,,,,,,False,False,False,,,,,,,,,
2120,100464,positive,low,59.01,53.0,403.0,1353.5,403.0,350.0,False,False,True,,250.0,,53.0,,,,,452.0
2121,100464,positive,high,60.133,343.0,302.0,251.50001525878906,302.0,-41.0,True,False,False,,343.0,,,,,,,
2122,100464,positive,low,70.174,17.0,,50.0,50.0,33.0,False,False,False,,,,,,,17.0,17.0,67.0
2123,100464,positive,high,70.805,254.0,,4159.5,4159.5,3905.5,True,True,True,254.0,320.0,,493.0,327.0,298.0,287.0,287.0,284.0
2124,100464,positive,high,75.411,143.0,,54.5,54.5,-88.5,True,False,False,,143.0,,250.0,,,429.0,429.0,193.0
2148,100470,negative,high,4.928,10.0,,459.9999694824219,459.9999694824219,449.9999694824219,False,False,True,425.0,428.0,10.0,189.0,398.0,61.0,428.0,428.0,455.0
2149,100470,negative,high,11.302,10.0,,55.999996185302734,55.999996185302734,45.999996185302734,False,False,False,,10.0,19.0,,109.0,10.0,10.0,10.0,146.0
2150,100470,negative,high,14.963,10.0,4530.0,463.5,4530.0,4520.0,False,True,True,10.0,10.0,,45.0,161.0,,,,
2151,100470,negative,high,18.105,22.0,1415.0,1365.0,1415.0,1393.0,False,True,True,22.0,,,,,,,,
2152,100470,negative,high,27.743,428.0,3305.0,3556.000244140625,3305.0,2877.0,True,True,True,,,,,,,,,428.0
2153,100470,negative,low,29.694,24.0,1404.0,1553.9998779296875,1404.0,1380.0,False,True,True,,82.0,,69.0,65.0,,31.0,31.0,24.0
2154,100470,negative,low,31.859,13.0,1922.0,1871.0,1922.0,1909.0,False,True,True,16.0,,,13.0,,,,,586.0
2155,100470,negative,high,31.999,205.0,1921.0,1666.5001220703125,1921.0,1716.0,True,True,True,554.0,,,,,,,,205.0
2156,100470,negative,high,35.819,39.0,,60.0,60.0,21.0,False,False,False,435.0,,96.0,,,39.0,,,565.0
2157,100470,negative,high,42.394,10.0,1211.0,,1211.0,1201.0,False,True,True,363.0,,,,,,574.0,574.0,10.0
2158,100470,negative,high,49.843,526.0,308.0,,308.0,-218.0,False,False,False,,,,,,,,,526.0
2159,100470,negative,high,59.784,129.0,512.0,,512.0,383.0,True,True,True,,,129.0,,,,,,489.0
2133,100470,positive,low,4.732,,,,,,False,False,False,,,,,,,,,
2134,100470,positive,low,5.071,,,,,,False,False,False,,,,,,,,,
2135,100470,positive,low,8.167,202.0,3904.0,3853.5,3904.0,3702.0,True,True,True,,,,,,,,,202.0
2136,100470,positive,low,10.104,,2004.0,1954.0,2004.0,,False,True,False,,,,,,,,,
2137,100470,positive,low,11.897,30.0,203.0,153.0,203.0,173.0,False,False,True,35.0,30.0,,100.0,120.0,,,,290.0
2138,100470,positive,low,20.539,38.0,1800.0,1650.0001220703125,1800.0,1762.0,False,True,True,,,310.0,38.0,489.0,274.0,,,
2139,100470,positive,low,20.562,15.0,1800.0,1650.0001220703125,1800.0,1785.0,False,True,True,,,287.0,15.0,195.0,251.0,,,
2140,100470,positive,high,24.449,44.0,2801.0,2551.499755859375,2801.0,2757.0,False,True,True,,,,,,,44.0,44.0,
2141,100470,positive,low,33.928,145.0,4307.0,4156.99951171875,4307.0,4162.0,True,True,True,,,,,,,145.0,145.0,
2142,100470,positive,high,35.217,,2906.0,2856.0,2906.0,,False,True,False,,,,,,,,,
2143,100470,positive,low,37.259,58.0,805.0,755.0,805.0,747.0,False,True,True,,212.0,,256.0,58.0,,,,
2144,100470,positive,high,60.346,255.0,3111.0,3060.999755859375,3111.0,2856.0,True,True,True,,,,,,,,,255.0
2145,100470,positive,high,69.757,,,367.5,367.5,,False,False,False,,,,,,,,,
2146,100470,positive,low,70.391,156.0,,,,,True,False,False,,,,,,,156.0,156.0,
2147,100470,positive,high,83.132,10.0,,,,,False,False,False,10.0,,28.0,,577.0,,362.0,362.0,52.0
2178,100473,negative,high,5.684,10.0,308.0,258.0000305175781,308.0,298.0,False,False,True,10.0,21.0,,125.0,11.0,145.0,,,
2179,100473,negative,high,8.772,80.0,,58.000003814697266,58.000003814697266,-21.999996185302734,False,False,False,,,,,,80.0,,,
2180,100473,negative,high,12.932,29.0,1211.0,359.0000305175781,1211.0,1182.0,False,True,True,,,29.0,,,478.0,,,
2181,100473,negative,high,15.428,70.0,708.0,55.999996185302734,708.0,638.0,False,True,True,,329.0,,567.0,315.0,70.0,486.0,486.0,
2182,100473,negative,high,15.518,225.0,,1967.0,1967.0,1742.0,True,True,True,,239.0,,478.0,225.0,,402.0,402.0,
2183,100473,negative,high,23.362,10.0,,65.0,65.0,55.0,False,False,False,,87.0,,254.0,10.0,114.0,86.0,86.0,397.0
2184,100473,negative,low,30.232,90.0,1314.0,1264.0,1314.0,1224.0,False,True,True,,,195.0,,,460.0,90.0,90.0,
2185,100473,negative,high,30.277,45.0,1312.0,1262.0001220703125,1312.0,1267.0,False,True,True,,,151.0,,,415.0,45.0,45.0,
2186,100473,negative,high,33.871,10.0,606.0,556.0,606.0,596.0,False,True,True,58.0,,10.0,543.0,,,448.0,448.0,
2187,100473,negative,high,36.333,10.0,,,,,False,False,False,10.0,10.0,10.0,91.0,,12.0,10.0,10.0,10.0
2188,100473,negative,high,40.598,,13.0,3677.0,13.0,,False,False,False,,,,,,,,,
2189,100473,negative,high,50.303,210.0,,,,,True,False,False,,,,461.0,455.0,223.0,210.0,210.0,
2160,100473,positive,high,1.511,10.0,190.0,40.000003814697266,190.0,180.0,False,False,True,,,,,,,,,10.0
2161,100473,positive,low,3.886,42.0,,4654.00048828125,4654.00048828125,4612.00048828125,False,True,True,,,506.0,42.0,43.0,,,,
2162,100473,positive,low,5.059,,4905.0,3453.0,4905.0,,False,True,False,,,,,,,,,
2163,100473,positive,low,6.209,438.0,1802.0,2251.999755859375,1802.0,1364.0,True,True,True,,,,,,,,,438.0
2164,100473,positive,high,8.531,540.0,1.0,51.000003814697266,1.0,-539.0,False,False,False,,,,,540.0,,,,
2165,100473,positive,low,10.079,10.0,,,,,False,False,False,10.0,,175.0,10.0,254.0,303.0,305.0,305.0,179.0
2166,100473,positive,high,12.649,11.0,1100.0,,1100.0,1089.0,False,True,True,12.0,,11.0,,,31.0,13.0,13.0,27.0
2167,100473,positive,low,13.333,298.0,2802.0,,2802.0,2504.0,True,True,True,,407.0,,,505.0,,298.0,298.0,
2168,100473,positive,low,13.356,275.0,2802.0,,2802.0,2527.0,True,True,True,,384.0,,,482.0,,275.0,275.0,
2169,100473,positive,low,22.443,,601.0,,601.0,,False,True,False,,,,,,,,,
2170,100473,positive,low,23.578,22.0,,,,,False,False,False,,,568.0,,78.0,96.0,245.0,245.0,22.0
2171,100473,positive,high,23.945,76.0,,,,,False,False,False,379.0,311.0,201.0,,,76.0,130.0,130.0,232.0
2172,100473,positive,high,34.33,388.0,2508.0,2358.0,2508.0,2120.0,True,True,True,,,,388.0,,591.0,,,
2173,100473,positive,high,38.561,207.0,,54.5,54.5,-152.5,True,False,False,,207.0,379.0,313.0,215.0,498.0,,,
2174,100473,positive,low,42.83,54.0,,250.0,250.0,196.0,False,False,True,,,,,,,,,54.0
2175,100473,positive,low,45.498,,,3855.0,3855.0,,False,True,False,,,,,,,,,
2176,100473,positive,high,53.263,147.0,,,,,True,False,False,,,,,,147.0,,,
2177,100473,positive,high,57.197,,3807.0,4057.000244140625,3807.0,,False,True,False,,,,,,,,,
2213,100593,negative,high,5.136,97.0,1606.0,1355.0,1606.0,1509.0,False,True,True,,,217.0,,,97.0,,,
2214,100593,negative,high,8.232,159.0,204.0,154.0,204.0,45.0,True,False,False,473.0,183.0,167.0,506.0,218.0,159.0,,,
2215,100593,negative,high,14.321,,2813.0,3165.0,2813.0,,False,True,False,,,,,,,,,
2216,100593,negative,high,14.954,335.0,2210.0,2562.0,2210.0,1875.0,True,True,True,,,,,,335.0,340.0,340.0,
2217,100593,negative,high,21.636,96.0,112.0,62.000003814697266,112.0,16.0,False,False,False,,,,,96.0,,,,
2218,100593,negative,high,26.152,117.0,1113.0,63.0,1113.0,996.0,True,True,True,,,471.0,,,,530.0,530.0,117.0
2219,100593,negative,high,28.144,542.0,,2266.0,2266.0,1724.0,False,True,True,,,,,,,,,542.0
2220,100593,negative,low,30.015,272.0,1019.0000610351562,366.0,1019.0000610351562,747.0000610351562,True,True,True,,,,,,272.0,,,454.0
2221,100593,negative,high,33.818,60.0,,763.0,763.0,703.0,False,True,True,,,,,81.0,60.0,259.0,259.0,
2222,100593,negative,high,36.027,185.0,,867.4999389648438,867.4999389648438,682.4999389648438,True,True,True,,,,185.0,,,,,
2223,100593,negative,high,50.021,33.0,4534.0,769.0,4534.0,4501.0,False,True,True,33.0,110.0,247.0,342.0,,145.0,296.0,296.0,
2224,100593,negative,low,52.11,,2316.0,2266.0,2316.0,,False,True,False,,,,,,,,,
2225,100593,negative,high,60.092,135.0,207.0,157.0,207.0,72.0,True,False,False,579.0,,135.0,,,161.0,221.0,221.0,
2226,100593,negative,high,83.953,,,664.9999389648438,664.9999389648438,,False,True,False,,,,,,,,,
2190,100593,positive,high,0.676,,1130.0,2680.0,1130.0,,False,True,False,,,,,,,,,
2191,100593,positive,high,3.119,,203.0,252.99998474121094,203.0,,False,False,False,,,,,,,,,
2192,100593,positive,low,5.125,157.0,1.0,51.000003814697266,1.0,-156.0,True,False,False,,157.0,,,,,,,
2193,100593,positive,high,5.152,130.0,1.0,51.000003814697266,1.0,-129.0,True,False,False,,130.0,,,,,,,
2194,100593,positive,high,6.095,,,850.0,850.0,,False,True,False,,,,,,,,,
2195,100593,positive,low,7.711,,2300.0,350.0000305175781,2300.0,,False,True,False,,,,,,,,,
2196,100593,positive,low,10.161,587.0,1103.0,51.5,1103.0,516.0,False,True,True,,,,,,587.0,,,
2197,100593,positive,low,10.193,554.0,1103.0,52.0,1103.0,549.0,False,True,True,,,,,,554.0,,,
2198,100593,positive,low,12.664,208.0,1.0,51.000003814697266,1.0,-207.0,True,False,False,,,337.0,,,208.0,,,598.0
2199,100593,positive,low,13.258,32.0,801.0,51.000003814697266,801.0,769.0,False,True,True,,343.0,32.0,,396.0,243.0,,,
2200,100593,positive,high,18.309,269.0,,50.5,50.5,-218.5,True,False,False,,,269.0,,,,,,357.0
2201,100593,positive,low,19.128,418.0,3605.0,51.000003814697266,3605.0,3187.0,True,True,True,,,,,,418.0,,,
2202,100593,positive,low,19.136,410.0,3605.0,51.000003814697266,3605.0,3195.0,True,True,True,,,,,,410.0,,,
2203,100593,positive,high,21.826,206.0,904.0,154.0,904.0,698.0,True,True,True,,,206.0,,,491.0,,,
2204,100593,positive,high,35.212,413.0,101.0,51.000003814697266,101.0,-312.0,True,False,False,,,,,,,,,413.0
2205,100593,positive,high,42.788,386.0,3807.0,2955.999755859375,3807.0,3421.0,True,True,True,,,504.0,,,386.0,,,
2206,100593,positive,low,43.766,17.0,2203.0,1753.0,2203.0,2186.0,False,True,True,,,,,266.0,17.0,,,37.0
2207,100593,positive,high,51.432,356.0,2202.0,1052.0,2202.0,1846.0,True,True,True,,,394.0,,,356.0,,,516.0
2208,100593,positive,high,57.549,,3.0,53.5,3.0,,False,False,False,,,,,,,,,
2209,100593,positive,high,60.286,62.0,303.0,252.99998474121094,303.0,241.0,False,False,True,,,,,,62.0,,,589.0
2210,100593,positive,high,67.223,114.0,8.0,58.000003814697266,8.0,-106.0,True,False,False,417.0,,,,,114.0,,,
2211,100593,positive,low,70.305,,1407.0,857.0,1407.0,,False,True,False,,,,,,,,,
2212,100593,positive,high,78.933,28.0,4904.0,2454.0,4904.0,4876.0,False,True,True,,,228.0,,,30.0,28.0,28.0,
2256,100595,negative,high,5.329,87.0,209.0,159.00001525878906,209.0,122.0,False,False,True,,,87.0,409.0,,88.0,374.0,374.0,
2257,100595,negative,high,9.538,,,252.0,252.0,,False,False,False,,,,,,,,,
2258,100595,negative,low,11.033,,,,,,False,False,False,,,,,,,,,
2259,100595,negative,high,15.347,92.0,1305.0,1255.0,1305.0,1213.0,False,True,True,,,92.0,,,,103.0,103.0,
2260,100595,negative,high,16.121,445.0,604.0,554.0,604.0,159.0,True,True,True,,,,,,,445.0,445.0,
2261,100595,negative,high,22.555,,104.0,54.0,104.0,,False,False,False,,,,,,,,,
2262,100595,negative,low,30.28,251.0,713.0,2577.000244140625,713.0,462.0,True,True,True,,401.0,,251.0,,,,,
2263,100595,negative,high,30.904,60.0,3326.0,1973.0,3326.0,3266.0,False,True,True,,,65.0,,,60.0,64.0,64.0,
2264,100595,negative,high,36.383,76.0,,,,,False,False,False,,,76.0,,,,515.0,515.0,
2265,100595,negative,high,37.924,15.0,,,,,False,False,False,,,,,,,,,15.0
2266,100595,negative,high,50.408,388.0,510.9999694824219,461.0,510.9999694824219,122.99996948242188,True,True,True,,,388.0,,,,,,596.0
2267,100595,negative,high,55.307,10.0,912.0,,912.0,902.0,False,True,True,,,,,,,174.0,174.0,10.0
2268,100595,negative,high,60.419,184.0,4927.0,,4927.0,4743.0,True,True,True,,,,,,,184.0,184.0,290.0
2227,100595,positive,high,1.752,,,3.000000476837158,3.000000476837158,,False,False,False,,,,,,,,,
2228,100595,positive,high,4.968,414.0,,4252.0,4252.0,3838.0,True,True,True,,,414.0,,,,,,
2229,100595,positive,low,4.998,384.0,,4152.00048828125,4152.00048828125,3768.00048828125,True,True,True,,,384.0,,,,,,
2230,100595,positive,low,7.49,508.0,1701.0,1651.0,1701.0,1193.0,False,True,True,,,,,,,,,508.0
2231,100595,positive,low,10.011,42.0,2105.0,2055.0,2105.0,2063.0,False,True,True,81.0,293.0,42.0,165.0,397.0,290.0,272.0,272.0,179.0
2232,100595,positive,high,15.166,10.0,,,,,False,False,False,143.0,247.0,,10.0,,,52.0,52.0,101.0
2233,100595,positive,high,20.419,205.0,200.0,150.0,200.0,-5.0,True,False,False,205.0,,,,,,,,
2234,100595,positive,low,27.746,274.0,501.9999694824219,3655.0,501.9999694824219,227.99996948242188,True,True,True,,580.0,,376.0,507.0,,,,274.0
2235,100595,positive,low,28.423,489.0,2.0,2955.0,2.0,-487.0,True,False,False,,,,489.0,,,,,
2236,100595,positive,high,28.55,362.0,1805.0,2855.0,1805.0,1443.0,True,True,True,,,,362.0,,,,,
2237,100595,positive,low,29.726,173.0,1703.0,1653.0,1703.0,1530.0,True,True,True,,,339.0,,,,,,173.0
2238,100595,positive,low,31.518,273.0,100.0,50.0,100.0,-173.0,True,False,False,,,273.0,,,,502.0,502.0,
2239,100595,positive,low,31.617,174.0,100.0,150.0,100.0,-74.0,True,False,False,,,174.0,,,,403.0,403.0,
2240,100595,positive,high,32.947,10.0,4310.0,3759.5,4310.0,4300.0,False,True,True,,10.0,312.0,490.0,498.0,296.0,114.0,114.0,489.0
2241,100595,positive,high,35.066,65.0,1709.0,1658.5,1709.0,1644.0,False,True,True,,,89.0,,,,65.0,65.0,
2242,100595,positive,high,35.081,50.0,1709.0,1658.5,1709.0,1659.0,False,True,True,,,74.0,,,,50.0,50.0,
2243,100595,positive,low,43.355,536.0,,651.0,651.0,115.0,False,True,True,545.0,536.0,,,,,,,
2244,100595,positive,low,43.359,532.0,,651.0,651.0,119.0,False,True,True,541.0,532.0,,,,,,,
2245,100595,positive,high,48.022,,313.0,2566.0,313.0,,False,False,False,,,,,,,,,
2246,100595,positive,high,53.373,181.0,,,,,True,False,False,214.0,,181.0,,,,191.0,191.0,422.0
2247,100595,positive,low,54.042,281.0,,,,,True,False,False,,,,,,,281.0,281.0,
2248,100595,positive,high,60.121,416.0,4916.0,4866.0,4916.0,4500.0,True,True,True,,,416.0,,,,,,
2249,100595,positive,low,61.873,123.0,3107.0,3157.5,3107.0,2984.0,True,True,True,,,,,,,123.0,123.0,
2250,100595,positive,low,63.376,,1602.0,1652.4998779296875,1602.0,,False,True,False,,,,,,,,,
2251,100595,positive,low,63.676,,1202.0,1352.5,1202.0,,False,True,False,,,,,,,,,
2252,100595,positive,low,64.581,286.0,301.0,451.5,301.0,15.0,True,False,False,511.0,286.0,,392.0,472.0,,456.0,456.0,
2253,100595,positive,high,69.614,36.0,,457.0000305175781,457.0000305175781,421.0000305175781,False,False,True,,,118.0,,,36.0,90.0,90.0,477.0
2254,100595,positive,low,70.147,369.0,,57.0,57.0,-312.0,True,False,False,,369.0,,,,,,,
2255,100595,positive,high,80.766,91.0,2602.0,,2602.0,2511.0,False,True,True,,,,,,,529.0,529.0,91.0
2291,100601,negative,high,5.148,164.0,4107.0,1451.9998779296875,4107.0,3943.0,True,True,True,211.0,301.0,526.0,239.0,164.0,,410.0,410.0,
2292,100601,negative,high,8.137,49.0,603.0,53.0,603.0,554.0,False,True,True,,,,,,219.0,,,49.0
2293,100601,negative,low,10.347,160.0,17.0,68.5,17.0,-143.0,True,False,False,,,,,160.0,,,,
2294,100601,negative,high,15.125,239.0,1904.0,53.0,1904.0,1665.0,True,True,True,,,,,,,,,239.0
2295,100601,negative,high,16.861,,201.0,50.5,201.0,,False,False,False,,,,,,,,,
2296,100601,negative,high,22.203,30.0,3.0,53.999996185302734,3.0,-27.0,False,False,False,,,39.0,,,30.0,164.0,164.0,
2297,100601,negative,high,23.586,,,760.0,760.0,,False,True,False,,,,,,,,,
2298,100601,negative,low,30.175,21.0,309.0,259.0,309.0,288.0,False,False,True,,421.0,21.0,,,535.0,125.0,125.0,563.0
2299,100601,negative,high,31.273,204.0,1817.0,156.5,1817.0,1613.0,True,True,True,,,,,,,,,204.0
2300,100601,negative,high,36.186,100.0,,,,,True,False,False,,,100.0,,,,,,412.0
2301,100601,negative,high,50.199,91.0,3020.0,4675.99951171875,3020.0,2929.0,False,True,True,,251.0,217.0,,421.0,132.0,,,91.0
2302,100601,negative,high,60.237,107.0,,,,,True,False,False,,,,,532.0,,,,107.0
2269,100601,positive,high,1.616,,497.0,247.0,497.0,,False,False,False,,,,,,,,,
2270,100601,positive,high,2.811,69.0,4902.0,4652.00048828125,4902.0,4833.0,False,True,True,,,,,69.0,,,,
2271,100601,positive,low,4.797,406.0,2300.0,2651.0,2300.0,1894.0,True,True,True,,,406.0,,,,,,
2272,100601,positive,low,5.052,152.0,2000.0,2451.0,2000.0,1848.0,True,True,True,,,152.0,412.0,,,,,
2273,100601,positive,low,5.901,85.0,1200.0,1551.0,1200.0,1115.0,False,True,True,159.0,,,160.0,,512.0,,,85.0
2274,100601,positive,high,11.274,374.0,3015.0,2965.000244140625,3015.0,2641.0,True,True,True,,374.0,,,,,,,515.0
2275,100601,positive,low,12.574,73.0,1713.0,1663.0001220703125,1713.0,1640.0,False,True,True,,73.0,,,,,,,
2276,100601,positive,low,13.851,24.0,213.0,362.9999694824219,213.0,189.0,False,False,True,,55.0,,24.0,278.0,,,,
2277,100601,positive,high,25.197,382.0,,4873.99951171875,4873.99951171875,4491.99951171875,True,True,True,,,,,,,,,382.0
2278,100601,positive,high,35.098,,1003.9999389648438,954.0,1003.9999389648438,,False,True,False,,,,,,,,,
2279,100601,positive,low,39.557,,,,,,False,False,False,,,,,,,,,
2280,100601,positive,low,42.637,248.0,4203.0,,4203.0,3955.0,True,True,True,,248.0,,,,,,,438.0
2281,100601,positive,low,45.958,80.0,1002.0,4854.0,1002.0,922.0,False,True,True,,80.0,,,214.0,,,,
2282,100601,positive,low,45.97,68.0,1002.0,4854.0,1002.0,934.0,False,True,True,,68.0,,,202.0,,,,
2283,100601,positive,high,51.586,10.0,203.0,53.0,203.0,193.0,False,False,True,,,,10.0,,,,,
2284,100601,positive,high,56.268,160.0,104.0,52.500003814697266,104.0,-56.0,True,False,False,,160.0,,,,,,,
2285,100601,positive,high,60.171,77.0,4017.000244140625,3767.0,4017.000244140625,3940.000244140625,False,True,True,77.0,440.0,186.0,322.0,144.0,186.0,,,
2286,100601,positive,low,68.966,,,,,,False,False,False,,,,,,,,,
2287,100601,positive,high,69.973,,,,,,False,False,False,,,,,,,,,
2288,100601,positive,low,70.199,,1701.0,,1701.0,,False,True,False,,,,,,,,,
2289,100601,positive,low,71.965,93.0,,,,,False,False,False,373.0,93.0,,308.0,,,,,
2290,100601,positive,low,76.06,495.0,4702.0,,4702.0,4207.0,True,True,True,,,,,,,,,495.0
2330,100603,negative,high,5.629,325.0,3608.0,3558.0,3608.0,3283.0,True,True,True,,339.0,344.0,,599.0,325.0,,,
2331,100603,negative,high,8.636,254.0,605.0,555.0,605.0,351.0,True,True,True,,,,,,,,,254.0
2332,100603,negative,high,14.957,40.0,103.0,53.0,103.0,63.0,False,False,False,,,,,40.0,,,,124.0
2333,100603,negative,high,15.648,,2817.0,2767.0,2817.0,,False,True,False,,,,,,,,,
2334,100603,negative,high,21.293,234.0,,57.5,57.5,-176.5,True,False,False,,,,285.0,403.0,,,,234.0
2335,100603,negative,high,29.583,228.0,,,,,True,False,False,,,,228.0,,,,,
2336,100603,negative,low,30.68,225.0,4825.0,4875.0,4825.0,4600.0,True,True,True,,,,225.0,,,,,
2337,100603,negative,high,35.475,14.0,4.0,54.0,4.0,-10.0,False,False,False,144.0,19.0,142.0,134.0,101.0,14.0,424.0,424.0,
2338,100603,negative,high,36.693,97.0,,1071.5001220703125,1071.5001220703125,974.5001220703125,False,True,True,,,97.0,,,,,,
2339,100603,negative,high,46.855,82.0,15.0,65.0,15.0,-67.0,False,False,False,82.0,,,,,,,,
2340,100603,negative,high,50.718,,3113.0,3363.0,3113.0,,False,True,False,,,,,,,,,
2341,100603,negative,high,60.677,,1726.0,1776.0,1726.0,,False,True,False,,,,,,,,,
2342,100603,negative,high,62.3,140.0,219.0,68.5,219.0,79.0,True,False,False,,,140.0,,,,,,
2303,100603,positive,high,2.962,33.0,1202.0,2251.999755859375,1202.0,1169.0,False,True,True,433.0,,,241.0,33.0,104.0,,,
2304,100603,positive,high,4.322,16.0,1002.0,852.0,1002.0,986.0,False,True,True,,16.0,,,,,19.0,19.0,
2305,100603,positive,low,5.036,,202.0,152.00001525878906,202.0,,False,False,False,,,,,,,,,
2306,100603,positive,high,5.833,,702.0,252.0,702.0,,False,True,False,,,,,,,,,
2307,100603,positive,low,10.063,106.0,,,,,True,False,False,,,,,,,,,106.0
2308,100603,positive,high,13.462,352.0,603.0,,603.0,251.0,True,True,True,,,373.0,,,352.0,,,
2309,100603,positive,high,16.326,,410.0,3666.0,410.0,,False,False,False,,,,,,,,,
2310,100603,positive,low,22.691,,,,,,False,False,False,,,,,,,,,
2311,100603,positive,low,25.728,10.0,,,,,False,False,False,44.0,,355.0,10.0,31.0,,,,
2312,100603,positive,low,28.432,,3205.0,3155.0,3205.0,,False,True,False,,,,,,,,,
2313,100603,positive,low,28.433,,3205.0,3155.0,3205.0,,False,True,False,,,,,,,,,
2314,100603,positive,high,35.119,,1403.0,,1403.0,,False,True,False,,,,,,,,,
2315,100603,positive,high,40.985,556.0,,,,,False,False,False,,,,,,,,,556.0
2316,100603,positive,low,46.179,130.0,202.0,,202.0,72.0,True,False,False,,,,,,130.0,,,
2317,100603,positive,low,46.194,115.0,202.0,,202.0,87.0,True,False,False,,,,,,115.0,,,
2318,100603,positive,high,47.892,468.0,,,,,True,False,False,,,468.0,,,,,,
2319,100603,positive,high,57.25,,603.0,,603.0,,False,True,False,,,,,,,,,
2320,100603,positive,high,60.181,223.0,2613.0,3164.0,2613.0,2390.0,True,True,True,,,,,,,,,223.0
2321,100603,positive,low,70.215,,,,,,False,False,False,,,,,,,,,
2322,100603,positive,low,78.069,41.0,,,,,False,False,False,,,,,,,,,41.0
2323,100603,positive,low,85.239,510.0,,,,,False,False,False,,,,,,,,,510.0
2324,100603,positive,high,87.585,,,,,,False,False,False,,,,,,,,,
2325,100603,positive,low,88.719,10.0,,,,,False,False,False,93.0,10.0,229.0,144.0,101.0,31.0,10.0,10.0,
2326,100603,positive,low,93.342,570.0,,,,,False,False,False,,,,,,,,,570.0
2327,100603,positive,high,100.107,37.0,,,,,False,False,False,80.0,41.0,62.0,111.0,37.0,45.0,39.0,39.0,
2328,100603,positive,high,101.479,233.0,,,,,True,False,False,,233.0,,,,,,,
2329,100603,positive,high,108.036,,,,,,False,False,False,,,,,,,,,
2365,100656,negative,high,5.527,254.0,3909.0,50.0,3909.0,3655.0,True,True,True,,289.0,,297.0,,,256.0,256.0,254.0
2366,100656,negative,high,8.524,17.0,907.0,553.0,907.0,890.0,False,True,True,18.0,17.0,17.0,17.0,17.0,17.0,18.0,18.0,141.0
2367,100656,negative,high,14.871,32.0,3316.0,757.0,3316.0,3284.0,False,True,True,,,,32.0,,,479.0,479.0,473.0
2368,100656,negative,high,15.552,153.0,,55.0,55.0,-98.0,True,False,False,257.0,,,153.0,,,207.0,207.0,205.0
2369,100656,negative,high,21.608,23.0,,1760.0,1760.0,1737.0,False,True,True,,,23.0,,,,,,
2370,100656,negative,high,27.948,,4617.0,,4617.0,,False,True,False,,,,,,,,,
2371,100656,negative,low,30.613,10.0,505.9999694824219,2563.0,505.9999694824219,495.9999694824219,False,True,True,10.0,,417.0,,238.0,585.0,233.0,233.0,227.0
2372,100656,negative,high,34.302,69.0,,54.0,54.0,-15.0,False,False,False,,,,,,,,,69.0
2373,100656,negative,high,36.637,87.0,,1160.0001220703125,1160.0001220703125,1073.0001220703125,False,True,True,,376.0,,87.0,,,,,
2374,100656,negative,high,42.961,373.0,1016.0000610351562,1066.0,1016.0000610351562,643.0000610351562,True,True,True,,,,,,,375.0,375.0,373.0
2375,100656,negative,high,50.679,165.0,1823.0,466.5,1823.0,1658.0,True,True,True,165.0,,,,,,415.0,415.0,413.0
2376,100656,negative,high,57.634,10.0,1510.0,2564.000244140625,1510.0,1500.0,False,True,True,,323.0,370.0,380.0,92.0,291.0,10.0,10.0,10.0
2377,100656,negative,high,60.714,136.0,,,,,True,False,False,,,,,,,,,136.0
2378,100656,negative,high,89.924,14.0,920.0,1777.4998779296875,920.0,906.0,False,True,True,130.0,,,14.0,,,,,
2343,100656,positive,low,5.059,327.0,1701.0,2551.0,1701.0,1374.0,True,True,True,327.0,,,,,,,,
2344,100656,positive,low,6.203,487.0,500.0,1349.9998779296875,500.0,13.0,True,True,False,,,,,,,496.0,496.0,487.0
2345,100656,positive,low,10.081,198.0,,,,,True,False,False,,297.0,576.0,,,,199.0,199.0,198.0
2346,100656,positive,low,14.974,77.0,,,,,False,False,False,454.0,92.0,,,81.0,,83.0,83.0,77.0
2347,100656,positive,low,19.281,,800.0,,800.0,,False,True,False,,,,,,,,,
2348,100656,positive,low,23.685,,3611.0,,3611.0,,False,True,False,,,,,,,,,
2349,100656,positive,low,24.19,10.0,1708.0,,1708.0,1698.0,False,True,True,,,,,,,,,10.0
2350,100656,positive,high,25.131,63.0,1909.0,,1909.0,1846.0,False,True,True,63.0,473.0,,208.0,470.0,,119.0,119.0,112.0
2351,100656,positive,low,28.18,372.0,3201.0,3051.0,3201.0,2829.0,True,True,True,,,,372.0,,,,,
2352,100656,positive,high,35.181,10.0,,4659.5,4659.5,4649.5,False,True,True,,138.0,10.0,189.0,,59.0,,,
2353,100656,positive,high,41.483,,,,,,False,False,False,,,,,,,,,
2354,100656,positive,low,52.882,,,,,,False,False,False,,,,,,,,,
2355,100656,positive,low,52.889,,,,,,False,False,False,,,,,,,,,
2356,100656,positive,high,60.287,,3603.0,,3603.0,,False,True,False,,,,,,,,,
2357,100656,positive,high,62.36,61.0,1502.0,2452.000244140625,1502.0,1441.0,False,True,True,,,,322.0,,,,,61.0
2358,100656,positive,low,70.326,19.0,4902.0,,4902.0,4883.0,False,True,True,,,19.0,276.0,,,,,
2359,100656,positive,low,75.837,,4205.0,,4205.0,,False,True,False,,,,,,,,,
2360,100656,positive,low,79.855,83.0,302.0,,302.0,219.0,False,False,True,,432.0,,,,,405.0,405.0,83.0
2361,100656,positive,low,90.315,,2105.0,2055.0,2105.0,,False,True,False,,,,,,,,,
2362,100656,positive,low,92.754,,203.0,153.0,203.0,,False,False,False,,,,,,,,,
2363,100656,positive,high,94.689,29.0,4708.0,4658.0,4708.0,4679.0,False,True,True,,,,171.0,,218.0,29.0,29.0,
2364,100656,positive,high,110.755,30.0,,,,,False,False,False,,531.0,,30.0,,,215.0,215.0,212.0
2414,100658,negative,high,2.616,10.0,,59.0,59.0,49.0,False,False,False,130.0,10.0,,242.0,390.0,81.0,411.0,411.0,
2415,100658,negative,high,4.894,49.0,2719.0,,2719.0,2670.0,False,True,True,94.0,,92.0,166.0,153.0,49.0,104.0,104.0,
2416,100658,negative,high,9.72,369.0,3031.0,2980.5,3031.0,2662.0,True,True,True,,,,,,,,,369.0
2417,100658,negative,high,14.908,14.0,,2370.0,2370.0,2356.0,False,True,True,112.0,62.0,206.0,14.0,35.0,,178.0,178.0,
2418,100658,negative,high,23.088,,,658.0,658.0,,False,True,False,,,,,,,,,
2419,100658,negative,low,23.298,,,57.0,57.0,,False,False,False,,,,,,,,,
2420,100658,negative,low,29.673,85.0,302.0,653.4999389648438,302.0,217.0,False,False,True,,,142.0,,,85.0,324.0,324.0,
2421,100658,negative,high,35.702,128.0,1506.0,1456.0001220703125,1506.0,1378.0,True,True,True,,,286.0,501.0,,128.0,556.0,556.0,345.0
2422,100658,negative,high,41.446,546.0,,,,,False,False,False,,,,,,,,,546.0
2423,100658,negative,high,49.745,245.0,2517.0,2267.0,2517.0,2272.0,True,True,True,,,,500.0,,245.0,,,500.0
2424,100658,negative,high,58.022,,1517.0,,1517.0,,False,True,False,,,,,,,,,
2425,100658,negative,high,59.766,346.0,308.0,4682.99951171875,308.0,-38.0,True,False,False,,,,,,,,,346.0
2379,100658,positive,high,1.263,,,,,,False,False,False,,,,,,,,,
2380,100658,positive,low,3.338,22.0,,,,,False,False,False,,,44.0,22.0,,273.0,,,
2381,100658,positive,low,4.917,10.0,,,,,False,False,False,26.0,28.0,,10.0,,,,,
2382,100658,positive,low,7.308,,,,,,False,False,False,,,,,,,,,
2383,100658,positive,high,9.074,10.0,,,,,False,False,False,442.0,205.0,,,79.0,359.0,203.0,203.0,10.0
2384,100658,positive,low,10.059,203.0,4112.0,4062.000244140625,4112.0,3909.0,True,True,True,525.0,362.0,274.0,203.0,258.0,584.0,228.0,228.0,231.0
2385,100658,positive,high,10.134,135.0,4112.0,4062.000244140625,4112.0,3977.0,True,True,True,450.0,287.0,199.0,135.0,183.0,509.0,153.0,153.0,156.0
2386,100658,positive,low,10.946,21.0,3212.0,3162.0,3212.0,3191.0,False,True,True,481.0,,483.0,36.0,478.0,,21.0,21.0,69.0
2387,100658,positive,low,10.961,10.0,3212.0,3162.0,3212.0,3202.0,False,True,True,466.0,,468.0,21.0,463.0,,10.0,10.0,54.0
2388,100658,positive,low,19.29,,503.0000305175781,453.0,503.0000305175781,,False,True,False,,,,,,,,,
2389,100658,positive,high,19.598,,203.0,153.0,203.0,,False,False,False,,,,,,,,,
2390,100658,positive,high,21.726,456.0,3408.0,53.0,3408.0,2952.0,True,True,True,,,,,,456.0,,,
2391,100658,positive,low,22.477,111.0,2607.0,953.0,2607.0,2496.0,True,True,True,553.0,,,401.0,507.0,111.0,130.0,130.0,530.0
2392,100658,positive,low,22.952,55.0,,450.9999694824219,450.9999694824219,395.9999694824219,False,False,True,,,,478.0,484.0,411.0,418.0,418.0,55.0
2393,100658,positive,low,27.845,,,3455.999755859375,3455.999755859375,,False,True,False,,,,,,,,,
2394,100658,positive,high,31.784,91.0,3001.0,2451.0,3001.0,2910.0,False,True,True,,,,,,,,,91.0
2395,100658,positive,low,33.528,,1100.0,850.0,1100.0,,False,True,False,,,,,,,,,
2396,100658,positive,high,35.077,218.0,,,,,True,False,False,218.0,383.0,,,,,,,377.0
2397,100658,positive,high,45.594,,300.0,1151.0,300.0,,False,False,False,,,,,,,,,
2398,100658,positive,low,47.654,555.0,2.0,154.0,2.0,-553.0,False,False,False,,,,,,555.0,,,
2399,100658,positive,low,50.704,10.0,109.0,58.0,109.0,99.0,False,False,False,142.0,10.0,,48.0,19.0,306.0,,,
2400,100658,positive,low,52.435,,,454.0,454.0,,False,False,False,,,,,,,,,
2401,100658,positive,low,54.721,118.0,,550.0,550.0,432.0,True,True,True,,,,,,,,,118.0
2402,100658,positive,high,55.811,,,,,,False,False,False,,,,,,,,,
2403,100658,positive,high,58.509,36.0,402.0,,402.0,366.0,False,False,True,,,,,,,,,36.0
2404,100658,positive,high,59.585,120.0,,,,,True,False,False,120.0,,,,,,,,
2405,100658,positive,high,60.186,10.0,,,,,False,False,False,,,114.0,62.0,81.0,10.0,,,
2406,100658,positive,high,65.674,,816.0,4675.99951171875,816.0,,False,True,False,,,,,,,,,
2407,100658,positive,low,70.2,,204.0,154.0,204.0,,False,False,False,,,,,,,,,
2408,100658,positive,high,72.019,38.0,,,,,False,False,False,,,266.0,,,,,,38.0
2409,100658,positive,high,82.724,,101.0,51.000003814697266,101.0,,False,False,False,,,,,,,,,
2410,100658,positive,high,84.766,308.0,,,,,True,False,False,,582.0,,,308.0,,,,531.0
2411,100658,positive,low,104.158,215.0,,51.000003814697266,51.000003814697266,-163.99999618530273,True,False,False,,,,,,215.0,,,
2412,100658,positive,low,106.766,10.0,504.0,2955.999755859375,504.0,494.0,False,True,True,,595.0,276.0,,,,,,10.0
2413,100658,positive,high,107.512,372.0,706.0,2156.000244140625,706.0,334.0,True,True,True,372.0,,,,,,526.0,526.0,
2445,100660,negative,high,4.931,199.0,505.9999694824219,455.9999694824219,505.9999694824219,306.9999694824219,True,True,True,,,,425.0,,199.0,,,
2446,100660,negative,high,7.923,,610.0,360.0,610.0,,False,True,False,,,,,,,,,
2447,100660,negative,low,9.996,374.0,2223.0,66.0,2223.0,1849.0,True,True,True,374.0,,,,,,,,
2448,100660,negative,high,14.929,,4713.0,1752.0001220703125,4713.0,,False,True,False,,,,,,,,,
2449,100660,negative,high,16.673,194.0,202.0,51.999996185302734,202.0,8.0,True,False,False,,,,,,,194.0,194.0,
2450,100660,negative,high,23.017,291.0,503.0000305175781,53.0,503.0000305175781,212.00003051757812,True,True,True,,,,,,506.0,291.0,291.0,
2451,100660,negative,high,29.355,126.0,,672.5,672.5,546.5,True,True,True,,,126.0,,,255.0,,,
2452,100660,negative,low,29.964,176.0,,68.5,68.5,-107.5,True,False,False,,,176.0,,,,226.0,226.0,
2453,100660,negative,high,35.97,,4919.0,1158.0,4919.0,,False,True,False,,,,,,,,,
2454,100660,negative,high,40.01,81.0,1612.0,755.0,1612.0,1531.0,False,True,True,81.0,,118.0,,,,,,
2455,100660,negative,high,50.02,286.0,813.0,1667.0,813.0,527.0,True,True,True,,,,,,,,,286.0
2456,100660,negative,high,59.7,88.0,,1359.4998779296875,1359.4998779296875,1271.4998779296875,False,True,True,,168.0,,88.0,88.0,426.0,,,149.0
2457,100660,negative,high,65.25,533.0,1315.0,1162.0,1315.0,782.0,False,True,True,,,,,,,,,533.0
2426,100660,positive,high,1.383,,3334.0,3284.0,3334.0,,False,True,False,,,,,,,,,
2427,100660,positive,low,5.059,303.0,2409.0,2359.0,2409.0,2106.0,True,True,True,441.0,,,323.0,,303.0,,,379.0
2428,100660,positive,low,10.076,,1506.0,1456.0001220703125,1506.0,,False,True,False,,,,,,,,,
2429,100660,positive,low,11.494,,104.0,54.0,104.0,,False,False,False,,,,,,,,,
2430,100660,positive,high,11.854,,7.0,257.0,7.0,,False,False,False,,,,,,,,,
2431,100660,positive,low,12.584,207.0,705.0,55.0,705.0,498.0,True,True,True,,,207.0,,,,592.0,592.0,221.0
2432,100660,positive,low,14.042,539.0,800.0,650.0,800.0,261.0,False,True,True,,,,,,,539.0,539.0,
2433,100660,positive,low,19.86,142.0,2501.0,50.0,2501.0,2359.0,True,True,True,,142.0,,235.0,,,,,
2434,100660,positive,low,21.281,159.0,901.0,651.0,901.0,742.0,True,True,True,,,,,,,,,159.0
2435,100660,positive,high,22.101,234.0,101.0,51.000003814697266,101.0,-133.0,True,False,False,,234.0,,,,,,,
2436,100660,positive,high,35.106,579.0,503.0000305175781,53.0,503.0000305175781,-75.99996948242188,False,True,False,,,,,,,,,579.0
2437,100660,positive,high,36.008,385.0,,259.0,259.0,-126.0,True,False,False,,,385.0,,,,,,419.0
2438,100660,positive,high,45.569,,1906.0,1856.0,1906.0,,False,True,False,,,,,,,,,
2439,100660,positive,low,46.434,72.0,1105.0,955.0,1105.0,1033.0,False,True,True,,,,,,72.0,,,
2440,100660,positive,low,46.441,65.0,1105.0,955.0,1105.0,1040.0,False,True,True,,,,,,65.0,,,
2441,100660,positive,high,46.771,212.0,703.0,653.0,703.0,491.0,True,True,True,,,212.0,,,,,,
2442,100660,positive,high,53.672,462.0,705.0,2660.5,705.0,243.0,True,True,True,462.0,,,,,,,,
2443,100660,positive,high,59.87,86.0,1108.0,54.5,1108.0,1022.0,False,True,True,,,86.0,,,,95.0,95.0,
2444,100660,positive,high,61.054,,,58.0,58.0,,False,False,False,,,,,,,,,
2471,100663,negative,high,5.133,546.0,,61.0,61.0,-485.0,False,False,False,,,,546.0,,,,,
2472,100663,negative,high,15.15,100.0,13.0,2467.0,13.0,-87.0,True,False,False,,243.0,,,,,,,100.0
2473,100663,negative,high,15.325,68.0,2417.0,2267.0,2417.0,2349.0,False,True,True,,68.0,,,,,,,95.0
2474,100663,negative,low,30.165,247.0,815.0,1976.0001220703125,815.0,568.0,True,True,True,557.0,,367.0,,426.0,247.0,436.0,436.0,396.0
2475,100663,negative,high,30.721,41.0,210.0,1370.5001220703125,210.0,169.0,False,False,True,,,,,41.0,,595.0,595.0,
2476,100663,negative,high,36.183,26.0,,,,,False,False,False,,492.0,,,26.0,,,,538.0
2477,100663,negative,high,43.647,177.0,,,,,True,False,False,,343.0,,,,,,,177.0
2478,100663,negative,high,50.2,156.0,,,,,True,False,False,,156.0,,,,,,,
2458,100663,positive,low,5.142,10.0,500.0,450.0,500.0,490.0,False,True,True,,121.0,111.0,135.0,56.0,,,,10.0
2459,100663,positive,low,10.096,130.0,,2553.0,2553.0,2423.0,True,True,True,,,,,130.0,,520.0,520.0,
2460,100663,positive,low,10.139,88.0,,2553.0,2553.0,2465.0,False,True,True,,,,,88.0,,337.0,337.0,
2461,100663,positive,low,15.3,118.0,,852.0,852.0,734.0,True,True,True,388.0,,119.0,,,,118.0,118.0,
2462,100663,positive,low,16.231,50.0,,51.999996185302734,51.999996185302734,1.9999961853027344,False,False,False,,,,,,,,,50.0
2463,100663,positive,low,18.568,435.0,1003.0,2153.0,1003.0,568.0,True,True,True,,,,,,588.0,435.0,435.0,
2464,100663,positive,low,21.591,,1101.0,50.0,1101.0,,False,True,False,,,,,,,,,
2465,100663,positive,high,26.041,12.0,3623.0,3273.0,3623.0,3611.0,False,True,True,,,,,,12.0,,,
2466,100663,positive,low,28.656,10.0,505.9999694824219,656.0,505.9999694824219,495.9999694824219,False,True,True,,535.0,,,582.0,,,,10.0
2467,100663,positive,high,35.119,10.0,601.0,51.000003814697266,601.0,591.0,False,True,True,46.0,10.0,,,10.0,42.0,,,
2468,100663,positive,high,41.785,108.0,613.0,663.0,613.0,505.0,True,True,True,,,,,,,108.0,108.0,
2469,100663,positive,high,53.524,67.0,4318.0,4267.99951171875,4318.0,4251.0,False,True,True,,67.0,,,,,588.0,588.0,
2470,100663,positive,high,60.183,46.0,,54.0,54.0,8.0,False,False,False,,46.0,,,,,,,
2479,100667,positive,high,1.046,,,,,,False,False,False,,,,,,,,,
2480,100667,positive,low,2.963,,,,,,False,False,False,,,,,,,,,
2481,100667,positive,low,4.894,10.0,,,,,False,False,False,563.0,,,,,,10.0,10.0,159.0
2482,100667,positive,high,6.118,75.0,,,,,False,False,False,600.0,,75.0,,,,,,
2483,100667,positive,low,6.863,10.0,,,,,False,False,False,585.0,,10.0,,,,,,
2484,100667,positive,low,6.885,563.0,,,,,False,False,False,563.0,,,,,,,,
2485,100667,positive,high,8.449,10.0,,,,,False,False,False,,,,10.0,,,,,37.0
2486,100667,positive,low,9.907,,,,,,False,False,False,,,,,,,,,
2487,100667,positive,high,11.83,411.0,,,,,True,False,False,,,,415.0,411.0,,,,
2488,100667,positive,high,12.898,168.0,,,,,True,False,False,,,,168.0,,,,,
2489,100667,positive,high,23.921,83.0,,,,,False,False,False,,593.0,83.0,,,,,,474.0
2490,100667,positive,low,27.266,234.0,,,,,True,False,False,234.0,,,244.0,,,,,
2491,100667,positive,low,28.732,153.0,,,,,True,False,False,,,,153.0,,,,,
2492,100667,positive,high,34.924,62.0,,,,,False,False,False,,,62.0,,,,,,
2493,100667,positive,low,40.944,38.0,,,,,False,False,False,275.0,529.0,,,,,,,38.0
2494,100667,positive,low,42.251,52.0,,,,,False,False,False,,,,,,,472.0,472.0,52.0
2495,100667,positive,low,42.702,120.0,,,,,True,False,False,278.0,,,,410.0,,120.0,120.0,
2496,100667,positive,high,47.775,110.0,,,,,True,False,False,,,128.0,198.0,140.0,330.0,,,110.0
2497,100667,positive,low,54.147,432.0,,,,,True,False,False,,,,,,,432.0,432.0,
2498,100667,positive,high,55.259,46.0,,,,,False,False,False,94.0,372.0,246.0,,96.0,46.0,,,
2499,100667,positive,high,60.016,583.0,,,,,False,False,False,,583.0,,,,,,,
2500,100667,positive,high,61.955,,,,,,False,False,False,,,,,,,,,
2501,100667,positive,high,66.561,36.0,,,,,False,False,False,,,268.0,60.0,62.0,330.0,36.0,36.0,
2502,100667,positive,low,70.033,361.0,,,,,True,False,False,492.0,518.0,,,,366.0,361.0,361.0,
2503,100667,positive,high,74.106,,,,,,False,False,False,,,,,,,,,
2504,100667,positive,low,87.422,161.0,,,,,True,False,False,,,341.0,,,,,,161.0
2505,100667,positive,low,89.195,115.0,,,,,True,False,False,124.0,190.0,249.0,115.0,333.0,,,,
2506,100667,positive,low,92.329,32.0,,,,,False,False,False,41.0,32.0,,,,,,,
2507,100667,positive,low,100.407,78.0,,,,,False,False,False,,,,,,,78.0,78.0,
2508,100667,positive,high,100.986,237.0,,,,,True,False,False,,,,274.0,,,237.0,237.0,
2509,100667,positive,low,104.404,90.0,,,,,False,False,False,334.0,,231.0,,90.0,,,,
2510,100667,positive,low,119.426,103.0,,,,,True,False,False,,,103.0,,,,,,
2528,100670,negative,high,4.887,63.0,,1454.9998779296875,1454.9998779296875,1391.9998779296875,False,True,True,521.0,137.0,81.0,63.0,92.0,,66.0,66.0,
2529,100670,negative,high,7.887,490.0,2611.0,2261.000244140625,2611.0,2121.0,True,True,True,535.0,,,490.0,,,,,
2530,100670,negative,high,9.466,76.0,308.0,659.9999389648438,308.0,232.0,False,False,True,76.0,315.0,472.0,,294.0,,,,
2531,100670,negative,high,14.209,,2740.0,2488.999755859375,2740.0,,False,True,False,,,,,,,,,
2532,100670,negative,high,14.901,,1934.0,1783.0,1934.0,,False,True,False,,,,,,,,,
2533,100670,negative,low,15.307,,1534.0,1383.0,1534.0,,False,True,False,,,,,,,,,
2534,100670,negative,high,23.037,182.0,404.0,154.0,404.0,222.0,True,False,True,,208.0,600.0,276.0,182.0,,,,
2535,100670,negative,high,25.316,10.0,2211.0,458.0,2211.0,2201.0,False,True,True,10.0,,,154.0,,201.0,,,37.0
2536,100670,negative,low,29.389,,,1456.0001220703125,1456.0001220703125,,False,True,False,,,,,,,,,
2537,100670,negative,high,35.59,554.0,509.0,158.5,509.0,-45.0,False,True,False,,,,,,,,,554.0
2538,100670,negative,high,49.687,42.0,4032.0,3981.999755859375,4032.0,3990.0,False,True,True,,,,,42.0,,430.0,430.0,
2539,100670,negative,high,59.183,21.0,611.0,3672.999755859375,611.0,590.0,False,True,True,231.0,,,,,21.0,195.0,195.0,
2511,100670,positive,high,1.473,,3329.0,3279.0,3329.0,,False,True,False,,,,,,,,,
2512,100670,positive,low,5.157,10.0,,51.000003814697266,51.000003814697266,41.000003814697266,False,False,False,576.0,10.0,,12.0,,368.0,,,
2513,100670,positive,low,6.163,114.0,,550.0,550.0,436.0,True,True,True,114.0,,,194.0,,,,,
2514,100670,positive,low,6.179,98.0,,550.0,550.0,452.0,False,True,True,98.0,,586.0,178.0,,,,,
2515,100670,positive,high,7.946,10.0,,1161.0,1161.0,1151.0,False,True,True,,,10.0,,,,,,
2516,100670,positive,low,10.156,,,,,,False,False,False,,,,,,,,,
2517,100670,positive,low,17.14,232.0,2901.0,2851.0,2901.0,2669.0,True,True,True,,,284.0,,,,,,232.0
2518,100670,positive,high,34.906,57.0,201.0,552.0,201.0,144.0,False,False,True,581.0,,57.0,,130.0,128.0,81.0,81.0,
2519,100670,positive,high,49.934,251.0,2401.0,3051.0,2401.0,2150.0,True,True,True,,,,,,,,,251.0
2520,100670,positive,high,51.084,102.0,1301.0,1951.0,1301.0,1199.0,True,True,True,,345.0,,,102.0,,,,
2521,100670,positive,low,51.496,,901.0,1551.0,901.0,,False,True,False,,,,,,,,,
2522,100670,positive,high,57.436,81.0,1702.0,1552.0,1702.0,1621.0,False,True,True,,,577.0,,81.0,,,,514.0
2523,100670,positive,high,59.978,400.0,,851.5000610351562,851.5000610351562,451.50006103515625,True,True,True,,,400.0,,,,,,531.0
2524,100670,positive,low,70.006,220.0,3313.0,1662.0,3313.0,3093.0,True,True,True,,417.0,,220.0,277.0,586.0,,,
2525,100670,positive,high,81.974,95.0,1405.0,1255.0,1405.0,1310.0,False,True,True,95.0,,,,,542.0,214.0,214.0,565.0
2526,100670,positive,low,105.128,,,1250.9998779296875,1250.9998779296875,,False,True,False,,,,,,,,,
2527,100670,positive,low,116.687,80.0,1303.0,1153.0,1303.0,1223.0,False,True,True,,,,,,80.0,,,
2558,100676,negative,high,5.321,,1117.0,1066.9998779296875,1117.0,,False,True,False,,,,,,,,,
2559,100676,negative,high,8.787,27.0,3410.0,51.000003814697266,3410.0,3383.0,False,True,True,77.0,155.0,440.0,77.0,,,,,27.0
2560,100676,negative,high,14.311,21.0,2017.9998779296875,161.0,2017.9998779296875,1996.9998779296875,False,True,True,,21.0,,189.0,464.0,,125.0,125.0,464.0
2561,100676,negative,high,15.356,116.0,,64.0,64.0,-52.0,True,False,False,,,130.0,,,116.0,,,
2562,100676,negative,high,19.46,65.0,3234.0,3184.0,3234.0,3169.0,False,True,True,,,,,,,65.0,65.0,
2563,100676,negative,low,30.249,10.0,2728.0,2475.0,2728.0,2718.0,False,True,True,178.0,,10.0,317.0,229.0,517.0,519.0,519.0,
2564,100676,negative,high,31.406,62.0,1422.0,1372.0,1422.0,1360.0,False,True,True,,,62.0,,,452.0,425.0,425.0,
2565,100676,negative,high,36.352,37.0,4430.0,4279.00048828125,4430.0,4393.0,False,True,True,,37.0,,185.0,,328.0,,,
2566,100676,negative,high,41.027,16.0,6.0,4465.99951171875,6.0,-10.0,False,False,False,,589.0,,,,,,,16.0
2567,100676,negative,high,50.249,88.0,,,,,False,False,False,,88.0,,122.0,,,,,259.0
2568,100676,negative,high,51.114,10.0,,,,,False,False,False,,,138.0,13.0,,10.0,10.0,10.0,415.0
2569,100676,negative,high,60.397,14.0,,64.0,64.0,50.0,False,False,False,,131.0,119.0,14.0,226.0,,,,
2540,100676,positive,high,3.506,10.0,1801.0,1750.9998779296875,1801.0,1791.0,False,True,True,,,,,,,,,10.0
2541,100676,positive,low,4.79,95.0,500.0,450.0,500.0,405.0,False,True,True,,95.0,218.0,,,,,,
2542,100676,positive,low,5.212,226.0,100.0,50.0,100.0,-126.0,True,False,False,,226.0,,,,,,,
2543,100676,positive,high,9.489,61.0,2205.0,50.0,2205.0,2144.0,False,True,True,,,306.0,242.0,,,61.0,61.0,
2544,100676,positive,low,9.819,135.0,2405.0,753.0,2405.0,2270.0,True,True,True,,,,135.0,,280.0,254.0,254.0,
2545,100676,positive,low,10.165,169.0,2005.0001220703125,353.0,2005.0001220703125,1836.0001220703125,True,True,True,,337.0,,169.0,,,568.0,568.0,
2546,100676,positive,low,22.604,57.0,1202.0,1052.0,1202.0,1145.0,False,True,True,,,,57.0,362.0,,,,358.0
2547,100676,positive,high,28.339,246.0,,52.5,52.5,-193.5,True,False,False,,,,,,,,,246.0
2548,100676,positive,high,34.577,190.0,2.0,51.999996185302734,2.0,-188.0,True,False,False,,,353.0,,,426.0,,,190.0
2549,100676,positive,high,38.585,,4002.999755859375,50.0,4002.999755859375,,False,True,False,,,,,,,,,
2550,100676,positive,high,41.795,33.0,802.0,752.0,802.0,769.0,False,True,True,97.0,,109.0,,110.0,104.0,100.0,100.0,33.0
2551,100676,positive,low,45.312,220.0,404.0,354.0,404.0,184.0,True,False,True,587.0,220.0,,,,,,,
2552,100676,positive,low,45.32,212.0,404.0,354.0,404.0,192.0,True,False,True,579.0,212.0,,,,,,,
2553,100676,positive,high,49.815,10.0,1205.0,754.0,1205.0,1195.0,False,True,True,10.0,,23.0,,128.0,23.0,42.0,42.0,
2554,100676,positive,high,58.782,220.0,3.0,153.0,3.0,-217.0,True,False,False,,220.0,292.0,,,,,,
2555,100676,positive,low,58.977,26.0,3.0,153.0,3.0,-23.0,False,False,False,,26.0,98.0,,,,,,
2556,100676,positive,low,62.792,148.0,204.0,54.0,204.0,56.0,True,False,False,,,,439.0,,,,,148.0
2557,100676,positive,high,64.987,501.0,102.0,51.999996185302734,102.0,-399.0,False,False,False,501.0,,541.0,,,597.0,505.0,505.0,
2589,100678,negative,high,5.511,37.0,2301.0,1351.0001220703125,2301.0,2264.0,False,True,True,,153.0,37.0,,,,,,
2590,100678,negative,high,8.503,48.0,,50.0,50.0,2.0,False,False,False,,,48.0,,160.0,279.0,,,
2591,100678,negative,high,14.787,93.0,1706.0,1255.5001220703125,1706.0,1613.0,False,True,True,93.0,128.0,221.0,542.0,201.0,,,,
2592,100678,negative,high,15.524,33.0,604.0,453.0,604.0,571.0,False,True,True,,,,33.0,,,,,
2593,100678,negative,high,21.11,122.0,701.0,651.0,701.0,579.0,True,True,True,,,276.0,,,,,,122.0
2594,100678,negative,low,30.543,204.0,411.0,,411.0,207.0,True,False,True,,,,,,,,,204.0
2595,100678,negative,high,31.414,583.0,,,,,False,False,False,,,,,,,,,583.0
2596,100678,negative,high,34.744,,10.0,,10.0,,False,False,False,,,,,,,,,
2597,100678,negative,high,36.571,10.0,,,,,False,False,False,109.0,,10.0,204.0,,10.0,10.0,10.0,
2598,100678,negative,high,45.749,16.0,3920.0,2068.5,3920.0,3904.0,False,True,True,133.0,,16.0,,,27.0,413.0,413.0,
2599,100678,negative,high,50.599,197.0,,,,,True,False,False,,197.0,,487.0,517.0,,,,
2600,100678,negative,high,60.622,,,751.0,751.0,,False,True,False,,,,,,,,,
2601,100678,negative,high,69.96,210.0,1108.0,3863.999755859375,1108.0,898.0,True,True,True,,,,,,,,,210.0
2570,100678,positive,high,1.331,,1769.0,1619.0,1769.0,,False,True,False,,,,,,,,,
2571,100678,positive,low,5.044,407.0,200.0,850.0,200.0,-207.0,True,False,False,,,,,407.0,,,,
2572,100678,positive,low,5.802,454.0,900.0,250.0,900.0,446.0,True,True,True,,,,,,,,,454.0
2573,100678,positive,low,8.599,32.0,,,,,False,False,False,,564.0,,,111.0,,,,32.0
2574,100678,positive,low,10.064,175.0,1400.0,4450.0,1400.0,1225.0,True,True,True,450.0,,175.0,341.0,,,,,
2575,100678,positive,low,10.11,129.0,1300.0,4450.0,1300.0,1171.0,True,True,True,404.0,,129.0,,,,,,
2576,100678,positive,low,12.124,217.0,2200.0,2450.0,2200.0,1983.0,True,True,True,,,217.0,,,,,,
2577,100678,positive,high,20.227,78.0,913.0,1566.9998779296875,913.0,835.0,False,True,True,502.0,,,,78.0,,,,
2578,100678,positive,high,22.165,,11.0,361.0,11.0,,False,False,False,,,,,,,,,
2579,100678,positive,low,34.402,13.0,,,,,False,False,False,,167.0,352.0,,13.0,,,,
2580,100678,positive,high,35.116,209.0,,,,,True,False,False,,,209.0,,,,,,
2581,100678,positive,high,43.271,271.0,,,,,True,False,False,271.0,,,,,,,,
2582,100678,positive,high,57.74,223.0,3704.0,3654.0,3704.0,3481.0,True,True,True,,,223.0,,,,,,
2583,100678,positive,high,60.182,148.0,1302.0,1252.0001220703125,1302.0,1154.0,True,True,True,,459.0,,,,,,,148.0
2584,100678,positive,high,69.472,10.0,100.0,50.0,100.0,90.0,False,False,False,,10.0,,,,,,,423.0
2585,100678,positive,low,70.216,178.0,,,,,True,False,False,,396.0,,,,,,,178.0
2586,100678,positive,high,73.148,145.0,3412.0,3262.0,3412.0,3267.0,True,True,True,,145.0,,,,,,,
2587,100678,positive,low,77.041,90.0,2904.0,2854.0,2904.0,2814.0,False,True,True,,485.0,502.0,90.0,,,,,
2588,100678,positive,low,77.049,82.0,2904.0,2854.0,2904.0,2822.0,False,True,True,,477.0,494.0,82.0,,,,,
2613,100683,negative,high,4.894,374.0,,,,,True,False,False,,,,,,,374.0,374.0,
2614,100683,negative,high,7.902,275.0,,,,,True,False,False,,,,,,,,,275.0
2615,100683,negative,high,14.917,22.0,,,,,False,False,False,,,,22.0,,,,,74.0
2616,100683,negative,high,24.894,115.0,,,,,True,False,False,,,,460.0,,,115.0,115.0,
2617,100683,negative,low,29.938,,,,,,False,False,False,,,,,,,,,
2618,100683,negative,high,33.348,228.0,,,,,True,False,False,,,,,,,228.0,228.0,
2619,100683,negative,high,35.961,16.0,4817.0,4767.0,4817.0,4801.0,False,True,True,,,,180.0,16.0,,,,381.0
2620,100683,negative,high,42.955,23.0,1515.0,3474.0,1515.0,1492.0,False,True,True,54.0,,23.0,,,315.0,,,
2621,100683,negative,high,50.002,,,158.0,158.0,,False,False,False,,,,,,,,,
2622,100683,negative,high,52.584,184.0,,58.000003814697266,58.000003814697266,-125.99999618530273,True,False,False,,,207.0,410.0,,184.0,,,
2623,100683,negative,high,59.974,128.0,,,,,True,False,False,,283.0,128.0,,,,,,
2624,100683,negative,low,60.974,,,,,,False,False,False,,,,,,,,,
2602,100683,positive,low,5.137,26.0,1502.0,3452.000244140625,1502.0,1476.0,False,True,True,,,,,,,26.0,26.0,
2603,100683,positive,low,10.147,156.0,,,,,True,False,False,,,162.0,156.0,,333.0,517.0,517.0,
2604,100683,positive,high,14.027,519.0,102.0,3352.0,102.0,-417.0,False,False,False,,,,,,,519.0,519.0,
2605,100683,positive,high,15.395,,1700.0,1950.0,1700.0,,False,True,False,,,,,,,,,
2606,100683,positive,low,16.222,282.0,800.0,350.0000305175781,800.0,518.0,True,True,True,,,,282.0,309.0,,,,
2607,100683,positive,low,21.201,176.0,500.0,3754.0,500.0,324.0,True,True,True,,,,,,,,,176.0
2608,100683,positive,high,35.224,256.0,,3358.0,3358.0,3102.0,True,True,True,,,578.0,,,,256.0,256.0,
2609,100683,positive,high,35.759,43.0,,2758.0,2758.0,2715.0,False,True,True,,373.0,43.0,,503.0,246.0,,,
2610,100683,positive,high,37.933,95.0,706.0,556.0,706.0,611.0,False,True,True,,,,,,,95.0,95.0,
2611,100683,positive,high,46.22,10.0,,752.0,752.0,742.0,False,True,True,,,200.0,,,,10.0,10.0,
2612,100683,positive,high,60.305,,3203.0,2552.0,3203.0,,False,True,False,,,,,,,,,
2648,100686,negative,high,5.022,188.0,307.0,57.0,307.0,119.0,True,False,True,249.0,,451.0,,,442.0,,,188.0
2649,100686,negative,high,8.0,67.0,,53.0,53.0,-14.0,False,False,False,,,,,,,76.0,76.0,67.0
2650,100686,negative,low,12.671,133.0,105.0,155.0,105.0,-28.0,True,False,False,,,,,,,133.0,133.0,
2651,100686,negative,high,14.265,141.0,308.0,156.0,308.0,167.0,True,False,True,576.0,,,,,,,,141.0
2652,100686,negative,high,14.96,77.0,,64.50000762939453,64.50000762939453,-12.499992370605469,False,False,False,,,174.0,,,,,,77.0
2653,100686,negative,high,23.504,121.0,710.0,659.9999389648438,710.0,589.0,True,True,True,,,334.0,,,,121.0,121.0,312.0
2654,100686,negative,high,29.867,10.0,2320.0,2170.0,2320.0,2310.0,False,True,True,,,333.0,,,,,,10.0
2655,100686,negative,low,29.992,208.0,2220.0,2070.0,2220.0,2012.0,True,True,True,,,208.0,,,,,,
2656,100686,negative,high,35.984,,,55.999996185302734,55.999996185302734,,False,False,False,,,,,,,,,
2657,100686,negative,high,46.087,224.0,208.0,1569.9998779296875,208.0,-16.0,True,False,False,,,,,238.0,,225.0,225.0,224.0
2658,100686,negative,high,50.035,310.0,,869.0,869.0,559.0,True,True,True,,,,,,,581.0,581.0,310.0
2659,100686,negative,high,55.275,131.0,116.0,66.0,116.0,-15.0,True,False,False,,,,,,,131.0,131.0,
2660,100686,negative,high,60.056,10.0,,852.0,852.0,842.0,False,True,True,10.0,,,,,57.0,,,
2661,100686,negative,high,75.588,112.0,213.0,362.9999694824219,213.0,101.0,True,False,True,,,516.0,,,,112.0,112.0,
2625,100686,positive,high,2.842,443.0,,2253.0,2253.0,1810.0,True,True,True,,,,,443.0,,,,
2626,100686,positive,low,4.854,26.0,301.0,250.99998474121094,301.0,275.0,False,False,True,49.0,26.0,32.0,,285.0,575.0,569.0,569.0,574.0
2627,100686,positive,high,6.947,,,50.0,50.0,,False,False,False,,,,,,,,,
2628,100686,positive,low,9.676,236.0,800.0,,800.0,564.0,True,True,True,,,236.0,,,,,,
2629,100686,positive,low,10.362,360.0,200.0,,200.0,-160.0,True,False,False,,,360.0,,,,,,
2630,100686,positive,low,10.375,348.0,200.0,,200.0,-148.0,True,False,False,,,348.0,,,,,,
2631,100686,positive,high,22.629,34.0,3707.0,51.000003814697266,3707.0,3673.0,False,True,True,,,,,,36.0,34.0,34.0,
2632,100686,positive,high,34.929,102.0,3727.0,3477.0,3727.0,3625.0,True,True,True,,338.0,,,,188.0,102.0,102.0,412.0
2633,100686,positive,high,37.613,49.0,821.0,871.0,821.0,772.0,False,True,True,49.0,87.0,,,,73.0,382.0,382.0,378.0
2634,100686,positive,low,54.077,225.0,3006.0,150.0,3006.0,2781.0,True,True,True,588.0,594.0,428.0,,,,225.0,225.0,
2635,100686,positive,high,60.002,18.0,3402.0,3552.0,3402.0,3384.0,False,True,True,,,,,,,18.0,18.0,
2636,100686,positive,low,61.874,359.0,1501.0,1651.0,1501.0,1142.0,True,True,True,558.0,,,,,,359.0,359.0,519.0
2637,100686,positive,high,65.375,203.0,4217.0,960.0000610351562,4217.0,4014.0,True,True,True,267.0,,203.0,562.0,546.0,,249.0,249.0,247.0
2638,100686,positive,low,65.768,147.0,711.0,560.0,711.0,564.0,True,True,True,479.0,,,169.0,153.0,,149.0,149.0,147.0
2639,100686,positive,low,70.016,248.0,,253.49998474121094,253.49998474121094,5.4999847412109375,True,False,False,,,248.0,,,,507.0,507.0,
2640,100686,positive,high,76.241,352.0,4.0,54.0,4.0,-348.0,True,False,False,,,,,,,352.0,352.0,
2641,100686,positive,low,83.374,303.0,3715.0,3665.0,3715.0,3412.0,True,True,True,448.0,,303.0,,,,,,
2642,100686,positive,low,85.219,328.0,1811.0,1760.5,1811.0,1483.0,True,True,True,,,,,,,328.0,328.0,
2643,100686,positive,low,91.874,188.0,202.0,,202.0,14.0,True,False,False,,,188.0,,,,495.0,495.0,
2644,100686,positive,high,92.281,88.0,501.9999694824219,,501.9999694824219,413.9999694824219,False,True,True,,,,,,,88.0,88.0,
2645,100686,positive,low,92.754,235.0,,,,,True,False,False,,,,,,,235.0,235.0,
2646,100686,positive,low,95.001,10.0,2817.0,3368.0,2817.0,2807.0,False,True,True,,,,,,,,,10.0
2647,100686,positive,high,98.317,,4.0,54.0,4.0,,False,False,False,,,,,,,,,
2682,100688,negative,high,4.817,270.0,,452.0,452.0,182.0,True,False,True,,,,,,270.0,,,
2683,100688,negative,high,9.756,10.0,2422.0,53.0,2422.0,2412.0,False,True,True,,,,,117.0,61.0,,,10.0
2684,100688,negative,high,14.934,204.0,100.0,,100.0,-104.0,True,False,False,,,501.0,,,245.0,204.0,204.0,
2685,100688,negative,high,26.486,419.0,2.0,354.5,2.0,-417.0,True,False,False,,419.0,,,,,,,
2686,100688,negative,low,29.974,368.0,,759.0,759.0,391.0,True,True,True,,,449.0,442.0,,407.0,368.0,368.0,
2687,100688,negative,high,35.979,138.0,,4258.00048828125,4258.00048828125,4120.00048828125,True,True,True,,,382.0,,,,138.0,138.0,
2688,100688,negative,low,42.337,36.0,2532.0,2481.999755859375,2532.0,2496.0,False,True,True,,,,,,,,,36.0
2689,100688,negative,high,49.987,,,562.0000610351562,562.0000610351562,,False,True,False,,,,,,,,,
2690,100688,negative,high,54.624,274.0,607.0,,607.0,333.0,True,True,True,,,,,,,,,274.0
2691,100688,negative,high,60.028,10.0,3121.0,2968.999755859375,3121.0,3111.0,False,True,True,10.0,10.0,,14.0,,,,,10.0
2692,100688,negative,high,69.897,,,159.00001525878906,159.00001525878906,,False,False,False,,,,,,,,,
2662,100688,positive,high,3.05,10.0,,54.0,54.0,44.0,False,False,False,,498.0,13.0,,,10.0,10.0,10.0,
2663,100688,positive,low,4.995,216.0,,554.0,554.0,338.0,True,True,True,216.0,,,,,,,,
2664,100688,positive,high,7.611,54.0,5.0,157.0,5.0,-49.0,False,False,False,,,,54.0,,248.0,261.0,261.0,
2665,100688,positive,low,10.084,114.0,,457.0000305175781,457.0000305175781,343.0000305175781,True,False,True,527.0,,452.0,,114.0,,563.0,563.0,
2666,100688,positive,low,11.325,10.0,1406.0,1255.5001220703125,1406.0,1396.0,False,True,True,275.0,,,559.0,,,10.0,10.0,
2667,100688,positive,high,28.98,85.0,,2353.000244140625,2353.000244140625,2268.000244140625,False,True,True,85.0,,,,,,,,
2668,100688,positive,high,35.151,445.0,,50.0,50.0,-395.0,True,False,False,,,,,499.0,445.0,,,
2669,100688,positive,high,38.939,60.0,504.0,855.0,504.0,444.0,False,True,True,,534.0,110.0,,,156.0,60.0,60.0,137.0
2670,100688,positive,low,58.367,62.0,1905.0,152.00001525878906,1905.0,1843.0,False,True,True,,62.0,,,,154.0,247.0,247.0,
2671,100688,positive,high,60.073,325.0,203.0,53.0,203.0,-122.0,True,False,False,,,325.0,,347.0,,,,
2672,100688,positive,high,63.335,,1806.0,1556.0,1806.0,,False,True,False,,,,,,,,,
2673,100688,positive,low,66.073,13.0,1808.0,54.5,1808.0,1795.0,False,True,True,231.0,,209.0,549.0,551.0,170.0,13.0,13.0,386.0
2674,100688,positive,low,69.202,92.0,,,,,False,False,False,,,,92.0,256.0,,,,
2675,100688,positive,low,72.27,434.0,,,,,True,False,False,,,434.0,477.0,,,,,
2676,100688,positive,low,74.485,110.0,,,,,True,False,False,,,,110.0,,,,,
2677,100688,positive,low,74.997,283.0,,,,,True,False,False,283.0,,,511.0,,,,,
2678,100688,positive,high,75.184,96.0,,,,,False,False,False,96.0,,,326.0,,,,,
2679,100688,positive,high,76.44,56.0,,,,,False,False,False,,56.0,,,,,,,
2680,100688,positive,high,80.754,46.0,,,,,False,False,False,431.0,,346.0,86.0,,46.0,,,258.0
2681,100688,positive,high,82.475,,,,,,False,False,False,,,,,,,,,
2714,100691,negative,high,4.885,98.0,1504.0,1553.9998779296875,1504.0,1406.0,False,True,True,116.0,,125.0,569.0,,98.0,170.0,170.0,516.0
2715,100691,negative,high,8.439,169.0,1107.0,252.0,1107.0,938.0,True,True,True,,,,,,,,,169.0
2716,100691,negative,low,9.882,574.0,11.0,61.0,11.0,-563.0,False,False,False,,574.0,,,,,,,
2717,100691,negative,high,11.814,271.0,,462.0,462.0,191.0,True,False,True,273.0,271.0,,,,,,,
2718,100691,negative,high,14.895,21.0,2618.0,356.5,2618.0,2597.0,False,True,True,98.0,,,292.0,59.0,,,,21.0
2719,100691,negative,high,19.426,,,557.0000610351562,557.0000610351562,,False,True,False,,,,,,,,,
2720,100691,negative,low,29.924,186.0,3.0,360.0,3.0,-183.0,True,False,False,,305.0,186.0,,,,,,
2721,100691,negative,high,35.929,418.0,,57.0,57.0,-361.0,True,False,False,,,,,418.0,,527.0,527.0,
2722,100691,negative,high,41.37,19.0,,61.0,61.0,42.0,False,False,False,,532.0,,,,,,,19.0
2723,100691,negative,high,49.959,153.0,,55.999996185302734,55.999996185302734,-97.00000381469727,True,False,False,178.0,,,,153.0,,,,502.0
2693,100691,positive,high,1.917,,84.0,434.0,84.0,,False,False,False,,,,,,,,,
2694,100691,positive,low,5.044,10.0,,1050.0,1050.0,1040.0,False,True,True,77.0,497.0,10.0,129.0,481.0,24.0,38.0,38.0,10.0
2695,100691,positive,low,10.391,26.0,1304.0,1254.0,1304.0,1278.0,False,True,True,26.0,,,,214.0,,,,155.0
2696,100691,positive,low,13.934,58.0,1501.0,351.0,1501.0,1443.0,False,True,True,,,235.0,,58.0,,,,
2697,100691,positive,low,14.43,121.0,901.0,151.00001525878906,901.0,780.0,True,True,True,378.0,,436.0,,,,,,121.0
2698,100691,positive,low,18.014,200.0,1.0,51.000003814697266,1.0,-199.0,True,False,False,,200.0,571.0,,201.0,573.0,,,
2699,100691,positive,high,18.66,34.0,102.0,51.0,102.0,68.0,False,False,False,,,34.0,,,,,,
2700,100691,positive,low,30.024,85.0,,450.0,450.0,365.0,False,False,True,,,,,,,,,85.0
2701,100691,positive,low,31.083,327.0,1000.0,50.0,1000.0,673.0,True,True,True,490.0,432.0,,,327.0,,,,580.0
2702,100691,positive,high,35.126,301.0,,51.000003814697266,51.000003814697266,-249.99999618530273,True,False,False,,,,,301.0,,,,
2703,100691,positive,high,41.161,47.0,,155.0,155.0,108.0,False,False,True,47.0,,,,161.0,,,,416.0
2704,100691,positive,high,43.396,20.0,1706.0,2257.0,1706.0,1686.0,False,True,True,,,60.0,20.0,,46.0,22.0,22.0,206.0
2705,100691,positive,high,48.894,30.0,4.0,154.0,4.0,-26.0,False,False,False,,,30.0,,,,,,
2706,100691,positive,high,60.189,83.0,211.0,61.0,211.0,128.0,False,False,True,,,83.0,,,,,,
2707,100691,positive,high,66.231,,4117.0,254.00001525878906,4117.0,,False,True,False,,,,,,,,,
2708,100691,positive,low,66.652,322.0,3716.0,53.5,3716.0,3394.0,True,True,True,435.0,,402.0,,,,,,322.0
2709,100691,positive,high,69.658,16.0,207.0,157.0,207.0,191.0,False,False,True,275.0,,25.0,,,348.0,16.0,16.0,114.0
2710,100691,positive,low,69.68,10.0,207.0,157.0,207.0,197.0,False,False,True,253.0,,10.0,,,326.0,214.0,214.0,92.0
2711,100691,positive,low,70.214,41.0,8.0,58.5,8.0,-33.0,False,False,False,,,41.0,,498.0,424.0,190.0,190.0,
2712,100691,positive,high,71.905,307.0,510.9999694824219,60.5,510.9999694824219,203.99996948242188,True,True,True,,,,,,,,,307.0
2713,100691,positive,low,73.941,218.0,,2352.0,2352.0,2134.0,True,True,True,,,239.0,,,218.0,,,
2747,100695,negative,high,5.471,384.0,102.0,51.999996185302734,102.0,-282.0,True,False,False,,,,,,,,,384.0
2748,100695,negative,high,8.469,10.0,,4571.0,4571.0,4561.0,False,True,True,10.0,252.0,259.0,,278.0,303.0,,,310.0
2749,100695,negative,low,10.468,388.0,2619.0,2569.0,2619.0,2231.0,True,True,True,,,,,,388.0,,,
2750,100695,negative,high,15.481,,,454.9999694824219,454.9999694824219,,False,False,False,,,,,,,,,
2751,100695,negative,high,19.929,47.0,804.0,554.0,804.0,757.0,False,True,True,,,,,,,,,47.0
2752,100695,negative,high,26.931,,413.0,764.0,413.0,,False,False,False,,,,,,,,,
2753,100695,negative,low,30.502,212.0,906.0,55.0,906.0,694.0,True,True,True,,,212.0,,,,,,
2754,100695,negative,high,33.261,340.0,,53.0,53.0,-287.0,True,False,False,,,400.0,,,340.0,,,417.0
2755,100695,negative,high,36.498,87.0,1716.0,459.0,1716.0,1629.0,False,True,True,95.0,,,,,87.0,94.0,94.0,346.0
2756,100695,negative,high,38.497,55.0,715.0,462.5,715.0,660.0,False,True,True,123.0,,375.0,,,,78.0,78.0,55.0
2757,100695,negative,high,50.039,370.0,205.0,3869.0,205.0,-165.0,True,False,False,373.0,,,,370.0,,,,
2758,100695,negative,high,50.535,142.0,710.0,3369.0,710.0,568.0,True,True,True,,142.0,263.0,,147.0,186.0,,,
2759,100695,negative,high,60.559,73.0,3520.0,,3520.0,3447.0,False,True,True,,,,73.0,,490.0,503.0,503.0,
2724,100695,positive,high,1.753,,1092.0,339.9999694824219,1092.0,,False,True,False,,,,,,,,,
2725,100695,positive,high,4.057,394.0,,,,,True,False,False,,,416.0,,,394.0,,,
2726,100695,positive,low,4.824,,,,,,False,False,False,,,,,,,,,
2727,100695,positive,high,5.598,,,,,,False,False,False,,,,,,,,,
2728,100695,positive,low,8.311,277.0,1102.0,2453.0,1102.0,825.0,True,True,True,,277.0,,,,,,,
2729,100695,positive,low,9.82,168.0,902.0,852.0,902.0,734.0,True,True,True,320.0,,,494.0,270.0,,168.0,168.0,
2730,100695,positive,high,23.685,341.0,2600.0,650.0,2600.0,2259.0,True,True,True,,,,341.0,,,,,
2731,100695,positive,high,26.337,,100.0,50.0,100.0,,False,False,False,,,,,,,,,
2732,100695,positive,high,33.19,112.0,1202.0,,1202.0,1090.0,True,True,True,,229.0,451.0,112.0,323.0,,364.0,364.0,
2733,100695,positive,high,34.114,328.0,301.0,,301.0,-27.0,True,False,False,,,,328.0,,,,,
2734,100695,positive,high,34.888,211.0,,,,,True,False,False,,,,459.0,,,211.0,211.0,
2735,100695,positive,low,38.48,32.0,1407.0,,1407.0,1375.0,False,True,True,32.0,353.0,128.0,34.0,557.0,,500.0,500.0,201.0
2736,100695,positive,low,42.485,,1804.0,,1804.0,,False,True,False,,,,,,,,,
2737,100695,positive,low,42.5,,2104.0,,2104.0,,False,True,False,,,,,,,,,
2738,100695,positive,low,46.775,10.0,,,,,False,False,False,316.0,84.0,71.0,,34.0,10.0,10.0,10.0,
2739,100695,positive,high,46.79,10.0,,,,,False,False,False,301.0,69.0,56.0,,19.0,10.0,10.0,10.0,
2740,100695,positive,high,56.296,303.0,2912.0,2962.0,2912.0,2609.0,True,True,True,,325.0,,,,402.0,303.0,303.0,
2741,100695,positive,high,59.686,10.0,208.0,158.0,208.0,198.0,False,False,True,,,,328.0,10.0,,,,321.0
2742,100695,positive,high,59.925,82.0,109.0,59.0,109.0,27.0,False,False,False,,,,,127.0,,,,82.0
2743,100695,positive,low,69.971,181.0,204.0,,204.0,23.0,True,False,False,,,,,,,,,181.0
2744,100695,positive,high,85.833,,901.0,651.0,901.0,,False,True,False,,,,,,,,,
2745,100695,positive,low,91.807,269.0,,1250.0,1250.0,981.0,True,True,True,,,,269.0,,,,,
2746,100695,positive,high,92.243,,,850.0,850.0,,False,True,False,,,,,,,,,
2784,100701,negative,high,4.797,,,57.0,57.0,,False,False,False,,,,,,,,,
2785,100701,negative,high,14.912,582.0,,1982.0001220703125,1982.0001220703125,1400.0001220703125,False,True,True,,,,,,582.0,,,
2786,100701,negative,high,18.376,168.0,,656.5,656.5,488.5,True,True,True,,,328.0,168.0,,,,,196.0
2787,100701,negative,low,29.945,,100.0,50.0,100.0,,False,False,False,,,,,,,,,
2788,100701,negative,high,35.949,31.0,705.0,1155.9998779296875,705.0,674.0,False,True,True,,,238.0,,,352.0,31.0,31.0,
2789,100701,negative,low,38.857,52.0,303.0,153.0,303.0,251.0,False,False,True,,,,,,,52.0,52.0,
2790,100701,negative,high,49.988,298.0,3112.0,1859.9998779296875,3112.0,2814.0,True,True,True,318.0,,337.0,298.0,488.0,,,,
2791,100701,negative,high,59.037,,2621.0,2570.5,2621.0,,False,True,False,,,,,,,,,
2792,100701,negative,high,60.007,65.0,1620.0,1569.5,1620.0,1555.0,False,True,True,,,,,,437.0,65.0,65.0,
2793,100701,negative,high,97.045,343.0,,257.0,257.0,-86.0,True,False,False,,,,,,,343.0,343.0,
2760,100701,positive,high,2.984,,120.0,62.0,120.0,,False,False,False,,,,,,,,,
2761,100701,positive,low,5.051,248.0,,858.9999389648438,858.9999389648438,610.9999389648438,True,True,True,,,331.0,,,248.0,287.0,287.0,568.0
2762,100701,positive,low,10.058,17.0,,,,,False,False,False,,143.0,,,,17.0,,,
2763,100701,positive,low,10.297,,,,,,False,False,False,,,,,,,,,
2764,100701,positive,low,10.313,,,,,,False,False,False,,,,,,,,,
2765,100701,positive,high,32.8,,2808.0,2858.0,2808.0,,False,True,False,,,,,,,,,
2766,100701,positive,high,35.122,97.0,504.0,1053.9998779296875,504.0,407.0,False,True,True,,,107.0,,273.0,97.0,,,
2767,100701,positive,high,36.475,318.0,,,,,True,False,False,,,,559.0,,318.0,,,
2768,100701,positive,high,60.188,,,2162.0,2162.0,,False,True,False,,,,,,,,,
2769,100701,positive,low,70.214,344.0,,,,,True,False,False,,599.0,,,344.0,,436.0,436.0,
2770,100701,positive,high,79.933,,4406.0,1553.0,4406.0,,False,True,False,,,,,,,,,
2771,100701,positive,low,80.346,536.0,4006.0,1153.0,4006.0,3470.0,False,True,True,536.0,589.0,,,,,,,
2772,100701,positive,low,81.286,,303.0,252.99998474121094,303.0,,False,False,False,,,,,,,,,
2773,100701,positive,high,82.834,178.0,1606.0,1255.5001220703125,1606.0,1428.0,True,True,True,,,,178.0,,237.0,,,328.0
2774,100701,positive,low,83.225,171.0,1205.0,854.5,1205.0,1034.0,True,True,True,,,,171.0,,,,,
2775,100701,positive,high,84.074,24.0,303.0,52.5,303.0,279.0,False,False,True,,,84.0,,,24.0,,,44.0
2776,100701,positive,low,84.322,,103.0,53.0,103.0,,False,False,False,,,,,,,,,
2777,100701,positive,low,90.063,10.0,901.0,,901.0,891.0,False,True,True,,10.0,,86.0,,,91.0,91.0,78.0
2778,100701,positive,high,94.552,199.0,1203.0,,1203.0,1004.0,True,True,True,513.0,199.0,,,,,572.0,572.0,454.0
2779,100701,positive,low,95.747,152.0,1.0,,1.0,-151.0,True,False,False,,297.0,172.0,152.0,,330.0,,,
2780,100701,positive,low,100.061,71.0,1809.0,,1809.0,1738.0,False,True,True,,,,71.0,,,,,
2781,100701,positive,low,116.604,50.0,1606.0,,1606.0,1556.0,False,True,True,,,94.0,,,50.0,,,527.0
2782,100701,positive,low,125.428,16.0,,,,,False,False,False,,,16.0,,,423.0,190.0,190.0,
2783,100701,positive,high,133.787,41.0,4413.0,,4413.0,4372.0,False,True,True,,,,,,,41.0,41.0,
2794,100805,positive,high,3.23,223.0,2102.0,2052.0,2102.0,1879.0,True,True,True,318.0,321.0,,322.0,312.0,,317.0,317.0,223.0
2795,100805,positive,low,5.055,,301.0,250.99998474121094,301.0,,False,False,False,,,,,,,,,
2796,100805,positive,high,8.916,139.0,,51.0,51.0,-88.0,True,False,False,139.0,,,143.0,,,,,
2797,100805,positive,low,10.073,10.0,1113.0,1063.0,1113.0,1103.0,False,True,True,,111.0,38.0,,319.0,,10.0,10.0,
2798,100805,positive,low,10.69,54.0,513.0,463.0,513.0,459.0,False,True,True,,,54.0,,,,,,
2799,100805,positive,low,13.904,15.0,402.0,352.0,402.0,387.0,False,False,True,,,,,,,,,15.0
2800,100805,positive,high,14.49,,2.0,252.0,2.0,,False,False,False,,,,,,,,,
2801,100805,positive,low,16.773,449.0,,154.5,154.5,-294.5,True,False,False,,449.0,,,,463.0,,,
2802,100805,positive,low,17.156,65.0,,54.0,54.0,-11.0,False,False,False,,65.0,,,,80.0,,,478.0
2803,100805,positive,low,20.83,114.0,,,,,True,False,False,,114.0,530.0,,317.0,,,,
2804,100805,positive,low,28.536,,3409.0,,3409.0,,False,True,False,,,,,,,,,
2805,100805,positive,low,34.456,288.0,,,,,True,False,False,,,,,,,,,288.0
2806,100805,positive,high,35.077,238.0,3708.0,,3708.0,3470.0,True,True,True,238.0,,,311.0,,,,,
2807,100805,positive,low,38.001,10.0,1303.0,,1303.0,1293.0,False,True,True,,,124.0,,,10.0,,,
2808,100805,positive,high,43.673,50.0,4329.0,4279.00048828125,4329.0,4279.0,False,True,True,,50.0,,,,146.0,,,
2809,100805,positive,low,47.681,,311.0,260.9999694824219,311.0,,False,False,False,,,,,,,,,
2810,100805,positive,low,47.684,,311.0,260.9999694824219,311.0,,False,False,False,,,,,,,,,
2811,100805,positive,low,56.232,24.0,2003.0,1451.9998779296875,2003.0,1979.0,False,True,True,,93.0,24.0,485.0,,243.0,,,
2812,100805,positive,high,60.16,483.0,,2851.0,2851.0,2368.0,True,True,True,,,,,,,,,483.0
2813,100805,positive,low,70.158,115.0,100.0,50.0,100.0,-15.0,True,False,False,,,,,,115.0,,,
2814,100805,positive,low,87.656,42.0,2308.0,1357.0,2308.0,2266.0,False,True,True,42.0,494.0,,243.0,267.0,,,,
2815,100805,positive,high,88.057,10.0,1807.0,956.0,1807.0,1797.0,False,True,True,10.0,93.0,286.0,57.0,342.0,208.0,173.0,173.0,
2816,100805,positive,low,88.981,462.0,2.0,51.999996185302734,2.0,-460.0,True,False,False,,,,,,,,,462.0
2843,100808,negative,high,4.854,233.0,1408.0,1357.0,1408.0,1175.0,True,True,True,,233.0,290.0,,284.0,,239.0,239.0,298.0
2844,100808,negative,high,9.422,70.0,205.0,154.0,205.0,135.0,False,False,True,70.0,,,,,308.0,,,
2845,100808,negative,high,14.899,216.0,,862.0,862.0,646.0,True,True,True,,,216.0,,,,,,
2846,100808,negative,high,20.57,25.0,,269.0,269.0,244.0,False,False,True,,,,52.0,25.0,,,,
2847,100808,negative,low,25.281,44.0,,265.0000305175781,265.0000305175781,221.00003051757812,False,False,True,315.0,,,146.0,65.0,44.0,,,317.0
2848,100808,negative,low,29.925,253.0,,,,,True,False,False,,,253.0,,,,,,
2849,100808,negative,high,35.77,77.0,,,,,False,False,False,,125.0,,,,77.0,,,
2850,100808,negative,high,35.943,139.0,,,,,True,False,False,,,,,,139.0,,,
2851,100808,negative,high,49.961,159.0,916.0,,916.0,757.0,True,True,True,,,,,,159.0,,,
2852,100808,negative,high,59.969,10.0,,54.0,54.0,44.0,False,False,False,181.0,179.0,345.0,,,,59.0,59.0,10.0
2853,100808,negative,high,81.787,172.0,,,,,True,False,False,172.0,,,,,,294.0,294.0,287.0
2817,100808,positive,high,3.886,387.0,2503.0,2453.0,2503.0,2116.0,True,True,True,,387.0,,,,,,,
2818,100808,positive,low,5.111,462.0,1201.0,1151.0,1201.0,739.0,True,True,True,,462.0,,,,,,,
2819,100808,positive,high,5.516,55.0,800.0,750.0,800.0,745.0,False,True,True,,55.0,,,,,,,
2820,100808,positive,low,10.144,42.0,,2062.0,2062.0,2020.0,False,True,True,,45.0,,,58.0,,,,42.0
2821,100808,positive,low,10.294,206.0,,1962.0,1962.0,1756.0,True,True,True,,,,,273.0,,,,206.0
2822,100808,positive,high,10.738,,,1561.0,1561.0,,False,True,False,,,,,,,,,
2823,100808,positive,low,12.601,51.0,,,,,False,False,False,51.0,57.0,,,,,164.0,164.0,
2824,100808,positive,high,12.766,241.0,,,,,True,False,False,,,,,,,241.0,241.0,
2825,100808,positive,low,17.665,,,,,,False,False,False,,,,,,,,,
2826,100808,positive,high,35.088,20.0,304.0,54.0,304.0,284.0,False,False,True,,,,570.0,,,,,20.0
2827,100808,positive,high,35.554,10.0,,3677.0,3677.0,3667.0,False,True,True,286.0,,,103.0,526.0,,,,10.0
2828,100808,positive,high,38.852,101.0,411.0,361.0,411.0,310.0,True,False,True,,,,,,139.0,101.0,101.0,
2829,100808,positive,low,39.317,87.0,11.0,61.0,11.0,-76.0,False,False,False,,,158.0,,,87.0,,,148.0
2830,100808,positive,low,41.97,133.0,,160.0,160.0,27.0,True,False,False,,,,,274.0,133.0,,,161.0
2831,100808,positive,low,47.522,147.0,801.0,,801.0,654.0,True,True,True,306.0,316.0,,,215.0,,341.0,341.0,147.0
2832,100808,positive,low,50.362,10.0,2407.0,2457.5,2407.0,2397.0,False,True,True,131.0,10.0,,563.0,,,,,
2833,100808,positive,low,54.118,53.0,3404.0,2453.0,3404.0,3351.0,False,True,True,,,,53.0,,,,,186.0
2834,100808,positive,high,55.223,149.0,1501.0,851.0,1501.0,1352.0,True,True,True,162.0,149.0,,,,,,,
2835,100808,positive,high,60.253,187.0,4506.0,4456.00048828125,4506.0,4319.0,True,True,True,187.0,,,,,,,,
2836,100808,positive,high,68.813,10.0,102.0,51.999996185302734,102.0,92.0,False,False,False,35.0,250.0,,477.0,,,,,10.0
2837,100808,positive,low,69.354,73.0,,3656.000244140625,3656.000244140625,3583.000244140625,False,True,True,73.0,188.0,,335.0,115.0,,,,424.0
2838,100808,positive,low,70.271,10.0,,2756.0,2756.0,2746.0,False,True,True,10.0,,,58.0,10.0,,,,318.0
2839,100808,positive,low,71.052,264.0,,1955.0,1955.0,1691.0,True,True,True,,,,,,,264.0,264.0,293.0
2840,100808,positive,low,73.254,,4.0,,4.0,,False,False,False,,,,,,,,,
2841,100808,positive,low,75.444,92.0,4514.0,4364.00048828125,4514.0,4422.0,False,True,True,,,416.0,414.0,395.0,419.0,426.0,426.0,92.0
2842,100808,positive,high,75.877,77.0,4114.0,3964.0,4114.0,4037.0,False,True,True,218.0,262.0,,536.0,77.0,,235.0,235.0,344.0
2878,100811,negative,high,4.861,592.0,2207.0,2157.0,2207.0,1615.0,False,True,True,,,592.0,,,,,,
2879,100811,negative,high,11.96,69.0,,55.999996185302734,55.999996185302734,-13.000003814697266,False,False,False,,,69.0,,,,,,
2880,100811,negative,high,14.898,111.0,,,,,True,False,False,,356.0,121.0,111.0,,119.0,140.0,140.0,
2881,100811,negative,high,24.303,14.0,,,,,False,False,False,,,,,,,,,14.0
2882,100811,negative,low,29.922,25.0,508.0000305175781,,508.0000305175781,483.0000305175781,False,True,True,,,,,,,,,25.0
2883,100811,negative,high,35.932,168.0,12.0,,12.0,-156.0,True,False,False,,,,,,,,,168.0
2884,100811,negative,low,37.262,252.0,3123.0,,3123.0,2871.0,True,True,True,,,,,252.0,,,,
2885,100811,negative,high,49.951,148.0,2115.0,,2115.0,1967.0,True,True,True,,,,,,,,,148.0
2886,100811,negative,high,59.957,153.0,508.0000305175781,,508.0000305175781,355.0000305175781,True,True,True,,,153.0,,,343.0,182.0,182.0,
2854,100811,positive,high,1.789,,2118.0,2067.999755859375,2118.0,,False,True,False,,,,,,,,,
2855,100811,positive,high,2.811,156.0,1107.0,1056.9998779296875,1107.0,951.0,True,True,True,169.0,,,156.0,,,,,
2856,100811,positive,low,5.027,108.0,,1950.0,1950.0,1842.0,True,True,True,,,,,,,,,108.0
2857,100811,positive,low,10.068,,,55.0,55.0,,False,False,False,,,,,,,,,
2858,100811,positive,low,13.268,128.0,3311.0,3261.000244140625,3311.0,3183.0,True,True,True,128.0,478.0,,,,,,,
2859,100811,positive,low,13.757,,2811.0,2861.0,2811.0,,False,True,False,,,,,,,,,
2860,100811,positive,high,22.262,219.0,1808.0,2459.0,1808.0,1589.0,True,True,True,,,,219.0,,298.0,,,
2861,100811,positive,low,24.945,15.0,5.0,55.0,5.0,-10.0,False,False,False,133.0,58.0,,279.0,15.0,,23.0,23.0,33.0
2862,100811,positive,low,29.835,429.0,,,,,True,False,False,,,,,,,,,429.0
2863,100811,positive,high,33.847,162.0,,,,,True,False,False,286.0,,459.0,585.0,162.0,,,,
2864,100811,positive,high,35.109,,1103.0,,1103.0,,False,True,False,,,,,,,,,
2865,100811,positive,low,37.548,345.0,908.0,,908.0,563.0,True,True,True,,,345.0,,,465.0,,,
2866,100811,positive,high,41.623,10.0,3315.0,3264.500244140625,3315.0,3305.0,False,True,True,,,,,44.0,10.0,,,
2867,100811,positive,high,42.877,213.0,2013.0,1962.5,2013.0,1800.0,True,True,True,,,,,213.0,,,,
2868,100811,positive,high,43.869,,1010.0,959.4999389648438,1010.0,,False,True,False,,,,,,,,,
2869,100811,positive,low,48.106,,1209.0,659.0000610351562,1209.0,,False,True,False,,,,,,,,,
2870,100811,positive,high,60.164,215.0,1202.0,1152.0,1202.0,987.0,True,True,True,215.0,243.0,,,,,,,
2871,100811,positive,low,70.187,55.0,3106.0,3056.0,3106.0,3051.0,False,True,True,,,,,,,,,55.0
2872,100811,positive,high,71.862,74.0,1405.0,1355.5,1405.0,1331.0,False,True,True,74.0,,,,130.0,,,,
2873,100811,positive,high,85.295,310.0,1718.0,1668.0,1718.0,1408.0,True,True,True,313.0,377.0,,310.0,,,,,
2874,100811,positive,high,88.713,417.0,,260.9999694824219,260.9999694824219,-156.00003051757812,True,False,False,,417.0,,,,,,,
2875,100811,positive,high,96.0,13.0,203.0,53.0,203.0,190.0,False,False,True,,,,13.0,,,,,
2876,100811,positive,high,99.771,330.0,,4269.0,4269.0,3939.0,True,True,True,330.0,550.0,,,,,354.0,354.0,494.0
2877,100811,positive,low,125.585,198.0,,,,,True,False,False,,,,288.0,,219.0,198.0,198.0,
2911,100817,negative,high,4.882,480.0,1612.0,1562.0,1612.0,1132.0,True,True,True,,,,,,,,,480.0
2912,100817,negative,high,14.842,,101.0,51.000003814697266,101.0,,False,False,False,,,,,,,,,
2913,100817,negative,high,18.756,10.0,2631.0,2580.500244140625,2631.0,2621.0,False,True,True,529.0,245.0,,217.0,97.0,10.0,140.0,140.0,50.0
2914,100817,negative,high,25.806,434.0,,,,,True,False,False,,,,,,,523.0,523.0,434.0
2915,100817,negative,low,28.258,62.0,,,,,False,False,False,62.0,203.0,,,,,,,
2916,100817,negative,low,29.91,209.0,,,,,True,False,False,209.0,,,,,,,,
2917,100817,negative,high,32.419,10.0,,,,,False,False,False,333.0,17.0,10.0,,272.0,312.0,10.0,10.0,319.0
2918,100817,negative,high,35.92,24.0,2327.0,2277.0,2327.0,2303.0,False,True,True,,,176.0,525.0,,202.0,24.0,24.0,154.0
2919,100817,negative,high,42.815,237.0,,,,,True,False,False,,,,,,,,,237.0
2920,100817,negative,high,49.903,324.0,,,,,True,False,False,,,,,,,324.0,324.0,
2921,100817,negative,high,59.948,,3553.0,3503.0,3553.0,,False,True,False,,,,,,,,,
2887,100817,positive,low,4.36,265.0,,4852.99951171875,4852.99951171875,4587.99951171875,True,True,True,,,,,,,,,265.0
2888,100817,positive,low,5.126,304.0,,4052.0,4052.0,3748.0,True,True,True,,,,,423.0,,,,304.0
2889,100817,positive,high,10.142,10.0,723.0,65.5,723.0,713.0,False,True,True,,,10.0,,,10.0,,,51.0
2890,100817,positive,high,11.12,17.0,,72.0,72.0,55.0,False,False,False,256.0,17.0,,,,,544.0,544.0,
2891,100817,positive,high,16.146,171.0,3.0,53.0,3.0,-168.0,True,False,False,,,,375.0,,,,,171.0
2892,100817,positive,low,21.081,244.0,,,,,True,False,False,259.0,291.0,,244.0,,,,,
2893,100817,positive,low,26.241,20.0,1602.0,1552.0,1602.0,1582.0,False,True,True,,,,,,,,,20.0
2894,100817,positive,low,29.967,49.0,,51.000003814697266,51.000003814697266,2.0000038146972656,False,False,False,,49.0,,,,,,,
2895,100817,positive,low,34.467,104.0,,152.5,152.5,48.5,True,False,False,,,,,133.0,,,,104.0
2896,100817,positive,high,35.188,207.0,,53.0,53.0,-154.0,True,False,False,,,305.0,224.0,,235.0,507.0,507.0,207.0
2897,100817,positive,low,42.948,25.0,,1155.0,1155.0,1130.0,False,True,True,,,,,,,,,25.0
2898,100817,positive,low,49.186,88.0,710.0,659.9999389648438,710.0,622.0,False,True,True,,,,,,,,,88.0
2899,100817,positive,low,49.686,,209.0,159.00001525878906,209.0,,False,False,False,,,,,,,,,
2900,100817,positive,low,54.562,527.0,,51.000003814697266,51.000003814697266,-475.99999618530273,False,False,False,,,,,527.0,,,,
2901,100817,positive,high,60.247,324.0,,1854.0001220703125,1854.0001220703125,1530.0001220703125,True,True,True,,,343.0,,360.0,335.0,412.0,412.0,324.0
2902,100817,positive,low,70.238,32.0,2.0,,2.0,-30.0,False,False,False,32.0,,,,,,,,
2903,100817,positive,low,70.261,10.0,2.0,,2.0,-8.0,False,False,False,10.0,,,,,,,,586.0
2904,100817,positive,low,98.273,,101.0,50.5,101.0,,False,False,False,,,,,,,,,
2905,100817,positive,high,98.288,,101.0,50.5,101.0,,False,False,False,,,,,,,,,
2906,100817,positive,low,100.444,96.0,,852.0,852.0,756.0,False,True,True,,,299.0,378.0,387.0,257.0,,,96.0
2907,100817,positive,low,110.458,25.0,1003.9999389648438,954.0,1003.9999389648438,978.9999389648438,False,True,True,25.0,466.0,,97.0,,,,,
2908,100817,positive,low,110.473,10.0,1003.9999389648438,954.0,1003.9999389648438,993.9999389648438,False,True,True,10.0,451.0,,82.0,,,,,
2909,100817,positive,high,116.505,315.0,1408.0,255.99998474121094,1408.0,1093.0,True,True,True,504.0,,,,,412.0,555.0,555.0,315.0
2910,100817,positive,low,120.058,565.0,103.0,53.0,103.0,-462.0,False,False,False,,,,,,,,,565.0
2949,100818,negative,high,4.875,502.0,,54.0,54.0,-448.0,False,False,False,,,,502.0,,,,,
2950,100818,negative,high,7.869,179.0,,157.0,157.0,-22.0,True,False,False,,,,,,179.0,,,296.0
2951,100818,negative,low,10.055,39.0,306.0,156.0,306.0,267.0,False,False,True,312.0,39.0,,,435.0,,,,408.0
2952,100818,negative,high,12.037,354.0,611.0,59.5,611.0,257.0,True,True,True,,,,,,354.0,,,
2953,100818,negative,high,14.883,,,,,,False,False,False,,,,,,,,,
2954,100818,negative,high,23.038,472.0,2918.0,,2918.0,2446.0,True,True,True,,,,,,,,,472.0
2955,100818,negative,low,29.879,252.0,,,,,True,False,False,557.0,,252.0,,436.0,,,,
2956,100818,negative,high,35.908,89.0,,,,,False,False,False,,,89.0,,,561.0,,,163.0
2957,100818,negative,high,49.875,15.0,1010.0,,1010.0,995.0,False,True,True,91.0,212.0,497.0,53.0,419.0,192.0,15.0,15.0,
2958,100818,negative,high,59.93,,,,,,False,False,False,,,,,,,,,
2959,100818,negative,high,115.061,279.0,3020.0,,3020.0,2741.0,True,True,True,,,,,,,,,279.0
2922,100818,positive,low,2.778,11.0,105.0,55.0,105.0,94.0,False,False,False,,11.0,175.0,30.0,68.0,,,,277.0
2923,100818,positive,low,5.053,133.0,,,,,True,False,False,,,,,,,,,133.0
2924,100818,positive,high,6.248,13.0,,,,,False,False,False,,69.0,238.0,,13.0,31.0,,,
2925,100818,positive,high,8.584,,,,,,False,False,False,,,,,,,,,
2926,100818,positive,low,10.063,,,,,,False,False,False,,,,,,,,,
2927,100818,positive,low,11.115,,,,,,False,False,False,,,,,,,,,
2928,100818,positive,low,14.87,275.0,2000.9998779296875,1951.0,2000.9998779296875,1725.9998779296875,True,True,True,,275.0,,343.0,,,,,
2929,100818,positive,high,17.581,90.0,100.0,50.0,100.0,10.0,False,False,False,,,139.0,,90.0,198.0,,,
2930,100818,positive,low,19.18,207.0,,554.0,554.0,347.0,True,True,True,207.0,,,,,,,,
2931,100818,positive,high,35.094,,102.0,453.0,102.0,,False,False,False,,,,,,,,,
2932,100818,positive,high,48.868,206.0,,364.0000305175781,364.0000305175781,158.00003051757812,True,False,True,,,,,,,,,206.0
2933,100818,positive,high,55.967,202.0,4201.0,,4201.0,3999.0,True,True,True,,,,,,572.0,,,202.0
2934,100818,positive,high,57.354,239.0,2801.0,,2801.0,2562.0,True,True,True,,,,,,239.0,,,
2935,100818,positive,high,60.14,138.0,1.0,4359.0,1.0,-137.0,True,False,False,247.0,247.0,,554.0,263.0,,253.0,253.0,138.0
2936,100818,positive,low,63.284,135.0,103.0,655.0,103.0,-32.0,True,False,False,,,161.0,211.0,,,135.0,135.0,
2937,100818,positive,low,70.159,129.0,1802.0,1852.0,1802.0,1673.0,True,True,True,,290.0,,,129.0,,,,
2938,100818,positive,low,71.849,151.0,201.0,151.00001525878906,201.0,50.0,True,False,False,,,,,,,,,151.0
2939,100818,positive,high,73.989,10.0,,,,,False,False,False,280.0,,67.0,10.0,10.0,67.0,,,
2940,100818,positive,high,75.041,368.0,,,,,True,False,False,,,379.0,,,368.0,,,
2941,100818,positive,low,75.506,130.0,,,,,True,False,False,,,130.0,,,,,,267.0
2942,100818,positive,low,76.002,,101.0,,101.0,,False,False,False,,,,,,,,,
2943,100818,positive,low,79.246,581.0,4408.0,4557.99951171875,4408.0,3827.0,False,True,True,,,,581.0,,,,,
2944,100818,positive,low,90.992,156.0,,,,,True,False,False,,482.0,156.0,168.0,533.0,200.0,,,195.0
2945,100818,positive,low,92.096,,,,,,False,False,False,,,,,,,,,
2946,100818,positive,low,104.923,60.0,300.0,,300.0,240.0,False,False,True,206.0,,252.0,,,60.0,154.0,154.0,
2947,100818,positive,high,115.181,508.0,,,,,False,False,False,,,,,508.0,,,,
2948,100818,positive,high,119.807,,,,,,False,False,False,,,,,,,,,
2980,100827,negative,high,5.584,19.0,101.0,51.000003814697266,101.0,82.0,False,False,False,,,,,,,19.0,19.0,
2981,100827,negative,high,11.18,10.0,10.0,1263.0,10.0,0.0,False,False,False,,,10.0,,,10.0,478.0,478.0,569.0
2982,100827,negative,high,15.604,233.0,,2861.0,2861.0,2628.0,True,True,True,,,,,303.0,,233.0,233.0,
2983,100827,negative,high,17.363,395.0,602.0,1157.0001220703125,602.0,207.0,True,True,True,,,,,,,,,395.0
2984,100827,negative,high,23.707,38.0,,54.0,54.0,16.0,False,False,False,443.0,,,,,,,,38.0
2985,100827,negative,low,30.63,10.0,,,,,False,False,False,,,10.0,26.0,,,,,
2986,100827,negative,high,33.682,45.0,309.0,,309.0,264.0,False,False,True,325.0,,,,,45.0,,,281.0
2987,100827,negative,high,36.643,,4111.0,4060.500244140625,4111.0,,False,True,False,,,,,,,,,
2988,100827,negative,high,50.684,,3937.0,3687.0,3937.0,,False,True,False,,,,,,,,,
2989,100827,negative,high,52.669,340.0,1923.0,1673.0001220703125,1923.0,1583.0,True,True,True,,,,,,340.0,,,
2990,100827,negative,high,60.704,146.0,,55.999996185302734,55.999996185302734,-90.00000381469727,True,False,False,434.0,,,,,146.0,,,
2960,100827,positive,high,1.656,,,,,,False,False,False,,,,,,,,,
2961,100827,positive,high,2.608,,,,,,False,False,False,,,,,,,,,
2962,100827,positive,low,4.802,64.0,,,,,False,False,False,335.0,64.0,350.0,,,,384.0,384.0,292.0
2963,100827,positive,low,5.719,44.0,,,,,False,False,False,,,,,,,44.0,44.0,181.0
2964,100827,positive,low,9.808,86.0,,,,,False,False,False,,205.0,399.0,,,404.0,,,86.0
2965,100827,positive,low,9.838,56.0,,,,,False,False,False,,175.0,369.0,,,373.0,,,56.0
2966,100827,positive,high,15.235,90.0,,,,,False,False,False,,,,,,,,,90.0
2967,100827,positive,low,18.033,,3004.0,2954.0,3004.0,,False,True,False,,,,,,,,,
2968,100827,positive,low,18.046,,3004.0,2954.0,3004.0,,False,True,False,,,,,,,,,
2969,100827,positive,high,31.937,103.0,4210.0,752.0,4210.0,4107.0,True,True,True,,103.0,,,,151.0,,,
2970,100827,positive,high,34.868,38.0,408.0,357.9999694824219,408.0,370.0,False,False,True,38.0,,,316.0,,,326.0,326.0,444.0
2971,100827,positive,high,36.326,59.0,5.0,57.0,5.0,-54.0,False,False,False,,,,,,,,,59.0
2972,100827,positive,high,52.411,,504.0,,504.0,,False,True,False,,,,,,,,,
2973,100827,positive,low,56.102,348.0,2407.0,3757.0,2407.0,2059.0,True,True,True,,,,,,348.0,,,
2974,100827,positive,high,59.906,98.0,1.0,51.000003814697266,1.0,-97.0,False,False,False,129.0,98.0,338.0,345.0,178.0,,,,
2975,100827,positive,low,60.184,62.0,1.0,51.000003814697266,1.0,-61.0,False,False,False,69.0,195.0,62.0,67.0,494.0,,,,266.0
2976,100827,positive,low,61.289,,,53.0,53.0,,False,False,False,,,,,,,,,
2977,100827,positive,low,62.446,458.0,,154.0,154.0,-304.0,True,False,False,,,459.0,,,458.0,,,
2978,100827,positive,low,69.962,30.0,1701.0,1550.4998779296875,1701.0,1671.0,False,True,True,,,,,,,,,30.0
2979,100827,positive,low,82.192,,1804.0,,1804.0,,False,True,False,,,,,,,,,
3013,100830,negative,high,4.911,10.0,906.0,55.999996185302734,906.0,896.0,False,True,True,,,,65.0,,,10.0,10.0,10.0
3014,100830,negative,high,12.397,187.0,1824.0,1773.9998779296875,1824.0,1637.0,True,True,True,,,,,,187.0,,,
3015,100830,negative,high,14.943,354.0,15.0,4177.5,15.0,-339.0,True,False,False,,354.0,,,,,,,
3016,100830,negative,low,30.007,43.0,102.0,,102.0,59.0,False,False,False,,,192.0,,,202.0,43.0,43.0,45.0
3017,100830,negative,high,30.489,285.0,501.9999694824219,,501.9999694824219,216.99996948242188,True,True,True,,,285.0,,445.0,344.0,479.0,479.0,445.0
3018,100830,negative,high,36.003,578.0,,,,,False,False,False,,,,,,578.0,,,
3019,100830,negative,high,50.093,,,,,,False,False,False,,,,,,,,,
3020,100830,negative,high,60.128,13.0,,1977.0,1977.0,1964.0,False,True,True,,,,,19.0,,115.0,115.0,13.0
3021,100830,negative,high,82.19,270.0,320.0,,320.0,50.0,True,False,False,,,,,,,270.0,270.0,
2991,100830,positive,low,4.625,39.0,1302.0,,1302.0,1263.0,False,True,True,,53.0,124.0,39.0,,,255.0,255.0,240.0
2992,100830,positive,low,4.994,95.0,902.0,,902.0,807.0,False,True,True,,,400.0,,,,96.0,96.0,95.0
2993,100830,positive,low,9.627,361.0,3010.0,,3010.0,2649.0,True,True,True,,,,,,,,,361.0
2994,100830,positive,low,10.071,224.0,2310.0,,2310.0,2086.0,True,True,True,,,,,,,576.0,576.0,224.0
2995,100830,positive,low,14.244,,800.0,,800.0,,False,True,False,,,,,,,,,
2996,100830,positive,low,14.259,,800.0,,800.0,,False,True,False,,,,,,,,,
2997,100830,positive,low,17.506,77.0,101.0,,101.0,24.0,False,False,False,83.0,263.0,216.0,151.0,,77.0,112.0,112.0,210.0
2998,100830,positive,low,18.018,100.0,3803.0,,3803.0,3703.0,True,True,True,,,215.0,,,334.0,100.0,100.0,
2999,100830,positive,low,18.513,,,,,,False,False,False,,,,,,,,,
3000,100830,positive,high,18.862,388.0,,,,,True,False,False,,388.0,,,,,,,
3001,100830,positive,high,24.225,,2404.0,,2404.0,,False,True,False,,,,,,,,,
3002,100830,positive,high,35.21,402.0,3310.0,,3310.0,2908.0,True,True,True,,,,,,,421.0,421.0,402.0
3003,100830,positive,high,45.64,,,,,,False,False,False,,,,,,,,,
3004,100830,positive,high,50.355,259.0,505.0,861.0,505.0,246.0,True,True,True,,,,310.0,342.0,,,,259.0
3005,100830,positive,high,57.399,,501.0,351.0,501.0,,False,True,False,,,,,,,,,
3006,100830,positive,high,60.298,32.0,,,,,False,False,False,,,32.0,,,32.0,,,
3007,100830,positive,high,63.402,130.0,2315.0,,2315.0,2185.0,True,True,True,,,,,,130.0,,,
3008,100830,positive,high,66.203,266.0,306.0,,306.0,40.0,True,False,False,372.0,266.0,,,370.0,,307.0,307.0,306.0
3009,100830,positive,low,70.391,405.0,,,,,True,False,False,,,,,,405.0,,,
3010,100830,positive,low,77.262,193.0,,,,,True,False,False,,,,,,,193.0,193.0,195.0
3011,100830,positive,low,82.353,244.0,402.0,452.0,402.0,158.0,True,False,True,,309.0,254.0,575.0,244.0,,,,
3012,100830,positive,low,85.607,357.0,2114.0,1964.0,2114.0,1757.0,True,True,True,,357.0,,,357.0,,375.0,375.0,
3046,100831,negative,high,5.159,317.0,1414.0,1363.0,1414.0,1097.0,True,True,True,,,,494.0,,,,,317.0
3047,100831,negative,high,8.157,10.0,,53.0,53.0,43.0,False,False,False,,,,524.0,,,,,10.0
3048,100831,negative,low,10.175,32.0,,1365.0,1365.0,1333.0,False,True,True,,,32.0,145.0,,257.0,,,
3049,100831,negative,high,15.191,129.0,2.0,1756.0,2.0,-127.0,True,False,False,,,,,,,,,129.0
3050,100831,negative,high,22.391,179.0,309.0,58.000003814697266,309.0,130.0,True,False,True,179.0,,,,,,,,
3051,100831,negative,high,25.501,212.0,2716.0,562.0000610351562,2716.0,2504.0,True,True,True,,,,,,,,,212.0
3052,100831,negative,low,30.254,31.0,1924.0,166.00001525878906,1924.0,1893.0,False,True,True,31.0,211.0,,50.0,,530.0,,,166.0
3053,100831,negative,high,35.932,146.0,2213.0,1461.9998779296875,2213.0,2067.0,True,True,True,146.0,,,,,,,,280.0
3054,100831,negative,high,36.264,,1613.0,1061.5001220703125,1613.0,,False,True,False,,,,,,,,,
3055,100831,negative,high,50.332,461.0,,163.0,163.0,-298.0,True,False,False,,,505.0,,,,,,461.0
3056,100831,negative,high,60.364,338.0,310.0,259.5,310.0,-28.0,True,False,False,,338.0,,,453.0,,,,
3057,100831,negative,high,63.633,239.0,226.0,72.5,226.0,-13.0,True,False,False,499.0,,239.0,,,276.0,,,
3022,100831,positive,high,1.195,96.0,2111.0,,2111.0,2015.0,False,True,True,,,,,,,,,96.0
3023,100831,positive,low,4.285,34.0,1200.0,4352.0,1200.0,1166.0,False,True,True,,255.0,470.0,,284.0,540.0,231.0,231.0,34.0
3024,100831,positive,low,4.73,25.0,700.0,3852.0,700.0,675.0,False,True,True,,,25.0,,,43.0,,,
3025,100831,positive,low,9.731,387.0,,1553.9998779296875,1553.9998779296875,1166.9998779296875,True,True,True,,,461.0,,,,387.0,387.0,
3026,100831,positive,low,10.392,460.0,,854.0,854.0,394.0,True,True,True,,,,,,,,,460.0
3027,100831,positive,high,11.041,17.0,402.0,252.0,402.0,385.0,False,False,True,,,,,374.0,,,,17.0
3028,100831,positive,high,15.304,184.0,501.9999694824219,2753.0,501.9999694824219,317.9999694824219,True,True,True,265.0,,184.0,,,,,,285.0
3029,100831,positive,low,16.811,10.0,1001.0000610351562,1151.0,1001.0000610351562,991.0000610351562,False,True,True,,10.0,,65.0,72.0,92.0,250.0,250.0,10.0
3030,100831,positive,low,16.825,51.0,1001.0000610351562,1250.9998779296875,1001.0000610351562,950.0000610351562,False,True,True,,167.0,,51.0,58.0,78.0,236.0,236.0,240.0
3031,100831,positive,high,26.632,297.0,1106.0,953.0,1106.0,809.0,True,True,True,486.0,,,381.0,297.0,528.0,,,391.0
3032,100831,positive,high,34.864,187.0,4307.0,1053.9998779296875,4307.0,4120.0,True,True,True,,,,,,,,,187.0
3033,100831,positive,low,38.418,10.0,903.0,,903.0,893.0,False,True,True,47.0,11.0,395.0,196.0,173.0,10.0,104.0,104.0,44.0
3034,100831,positive,low,42.651,57.0,702.0,2352.0,702.0,645.0,False,True,True,341.0,,,182.0,349.0,,,,57.0
3035,100831,positive,high,45.242,227.0,1.0,,1.0,-226.0,True,False,False,,468.0,,,256.0,227.0,,,250.0
3036,100831,positive,high,51.508,543.0,603.0,,603.0,60.0,False,True,False,,,545.0,,,,574.0,574.0,543.0
3037,100831,positive,low,56.253,171.0,2913.0,2763.0,2913.0,2742.0,True,True,True,271.0,236.0,249.0,198.0,171.0,350.0,348.0,348.0,
3038,100831,positive,low,56.75,10.0,2413.0,2263.0,2413.0,2403.0,False,True,True,30.0,31.0,279.0,42.0,10.0,29.0,117.0,117.0,343.0
3039,100831,positive,high,57.108,10.0,2013.0,1862.5,2013.0,2003.0,False,True,True,23.0,52.0,398.0,38.0,44.0,24.0,10.0,10.0,10.0
3040,100831,positive,high,59.981,422.0,,55.5,55.5,-366.5,True,False,False,495.0,450.0,,422.0,,514.0,,,
3041,100831,positive,low,62.662,30.0,,,,,False,False,False,,,,,,,30.0,30.0,
3042,100831,positive,low,65.78,47.0,202.0,,202.0,155.0,False,False,True,,,,47.0,,,219.0,219.0,
3043,100831,positive,high,69.23,,,950.0,950.0,,False,True,False,,,,,,,,,
3044,100831,positive,low,70.028,54.0,,150.0,150.0,96.0,False,False,False,,,346.0,,,,,,54.0
3045,100831,positive,high,75.026,10.0,1205.0,,1205.0,1195.0,False,True,True,,,,,,,,,10.0
3080,100834,negative,high,5.044,422.0,3.0,53.0,3.0,-419.0,True,False,False,,,506.0,,,458.0,422.0,422.0,
3081,100834,negative,high,8.036,530.0,,357.9999694824219,357.9999694824219,-172.00003051757812,False,False,False,,,,,,,,,530.0
3082,100834,negative,high,15.057,10.0,2408.0,2559.5,2408.0,2398.0,False,True,True,595.0,154.0,,366.0,95.0,266.0,592.0,592.0,10.0
3083,100834,negative,low,23.649,,2.0,51.999996185302734,2.0,,False,False,False,,,,,,,,,
3084,100834,negative,low,30.091,551.0,1504.0,4357.00048828125,1504.0,953.0,False,True,True,,,,,551.0,,,,
3085,100834,negative,high,36.085,337.0,907.0,1362.9998779296875,907.0,570.0,True,True,True,,,,,,337.0,375.0,375.0,
3086,100834,negative,high,46.637,276.0,,2764.0,2764.0,2488.0,True,True,True,276.0,,428.0,,,,429.0,429.0,
3087,100834,negative,high,50.125,50.0,,,,,False,False,False,50.0,152.0,276.0,,561.0,,,,
3088,100834,negative,high,60.153,181.0,908.0,,908.0,727.0,True,True,True,,,,,263.0,242.0,181.0,181.0,
3058,100834,positive,high,1.548,,1557.0,,1557.0,,False,True,False,,,,,,,,,
3059,100834,positive,high,3.541,,203.0,,203.0,,False,False,False,,,,,,,,,
3060,100834,positive,low,5.075,42.0,3703.0,3553.0,3703.0,3661.0,False,True,True,,,,,463.0,42.0,,,
3061,100834,positive,low,6.872,173.0,1801.0,1750.9998779296875,1801.0,1628.0,True,True,True,,,,,,332.0,,,173.0
3062,100834,positive,low,11.601,,4809.0,,4809.0,,False,True,False,,,,,,,,,
3063,100834,positive,low,12.435,39.0,3508.0,,3508.0,3469.0,False,True,True,,39.0,,,,,276.0,276.0,178.0
3064,100834,positive,low,13.292,400.0,604.0,,604.0,204.0,True,True,True,,,,,,,,,400.0
3065,100834,positive,low,14.51,380.0,2.0,4562.00048828125,2.0,-378.0,True,False,False,,,,,,,,,380.0
3066,100834,positive,high,14.652,145.0,103.0,4462.0,103.0,-42.0,True,False,False,,,,,,,145.0,145.0,238.0
3067,100834,positive,high,21.615,40.0,2701.0,4451.99951171875,2701.0,2661.0,False,True,True,595.0,40.0,,76.0,,,,,157.0
3068,100834,positive,low,22.246,,801.0,3852.0,801.0,,False,True,False,,,,,,,,,
3069,100834,positive,high,23.442,,1101.0,2652.0,1101.0,,False,True,False,,,,,,,,,
3070,100834,positive,high,29.088,10.0,,,,,False,False,False,102.0,,485.0,485.0,,47.0,10.0,10.0,457.0
3071,100834,positive,high,31.749,,613.0,,613.0,,False,True,False,,,,,,,,,
3072,100834,positive,high,35.124,,901.0,3453.0,901.0,,False,True,False,,,,,,,,,
3073,100834,positive,high,59.422,157.0,2604.0,2854.0,2604.0,2447.0,True,True,True,,,,,157.0,,,,
3074,100834,positive,high,60.182,40.0,1904.0,,1904.0,1864.0,False,True,True,,,386.0,,,133.0,40.0,40.0,322.0
3075,100834,positive,low,70.221,140.0,,,,,True,False,False,,,,,140.0,391.0,,,
3076,100834,positive,high,76.067,23.0,1802.0,,1802.0,1779.0,False,True,True,,575.0,244.0,,234.0,,141.0,141.0,23.0
3077,100834,positive,low,80.894,35.0,2203.0,,2203.0,2168.0,False,True,True,194.0,,,,,42.0,35.0,35.0,
3078,100834,positive,high,110.026,386.0,2503.0,,2503.0,2117.0,True,True,True,,,450.0,,393.0,386.0,394.0,394.0,
3079,100834,positive,high,111.237,322.0,,,,,True,False,False,,,,,,,,,322.0
3120,100839,negative,high,5.089,32.0,,,,,False,False,False,,,,,,464.0,32.0,32.0,
3121,100839,negative,high,12.778,115.0,2722.0,3075.0,2722.0,2607.0,True,True,True,,,115.0,,,,,,
3122,100839,negative,high,15.168,13.0,310.0,663.0,310.0,297.0,False,False,True,140.0,42.0,,83.0,13.0,,,,
3123,100839,negative,high,19.122,200.0,,59.0,59.0,-141.0,True,False,False,,200.0,,,,,,,
3124,100839,negative,high,28.292,133.0,810.0,760.0,810.0,677.0,True,True,True,226.0,,133.0,,,,,,417.0
3125,100839,negative,low,30.164,438.0,,,,,True,False,False,,,,,,,,,438.0
3126,100839,negative,high,36.207,43.0,811.0,1971.4998779296875,811.0,768.0,False,True,True,43.0,,,106.0,,,,,
3127,100839,negative,low,43.43,144.0,1312.0,1262.0001220703125,1312.0,1168.0,True,True,True,,187.0,144.0,,564.0,,,,
3128,100839,negative,high,50.248,32.0,3317.0,,3317.0,3285.0,False,True,True,,,32.0,,147.0,112.0,91.0,91.0,
3129,100839,negative,high,60.253,,516.0,265.0,516.0,,False,True,False,,,,,,,,,
3130,100839,negative,high,62.553,448.0,1932.0,64.0,1932.0,1484.0,True,True,True,,,,,,520.0,,,448.0
3089,100839,positive,high,2.961,,2104.0,2054.0,2104.0,,False,True,False,,,,,,,,,
3090,100839,positive,low,4.983,38.0,102.0,51.999996185302734,102.0,64.0,False,False,False,212.0,,,,,,38.0,38.0,
3091,100839,positive,low,10.004,211.0,,,,,True,False,False,568.0,,,459.0,211.0,,359.0,359.0,
3092,100839,positive,low,10.033,182.0,,,,,True,False,False,539.0,,,430.0,182.0,,330.0,330.0,
3093,100839,positive,low,12.5,36.0,,,,,False,False,False,,36.0,496.0,257.0,136.0,,,,498.0
3094,100839,positive,low,13.056,272.0,,,,,True,False,False,,272.0,461.0,,,294.0,,,
3095,100839,positive,high,17.483,301.0,2809.0,2759.0,2809.0,2508.0,True,True,True,,,568.0,,,,,,301.0
3096,100839,positive,low,24.157,198.0,1400.0,,1400.0,1202.0,True,True,True,,,198.0,,,,,,
3097,100839,positive,low,26.599,10.0,,,,,False,False,False,265.0,10.0,,10.0,10.0,,,,
3098,100839,positive,low,27.81,126.0,,,,,True,False,False,,,,,126.0,,,,
3099,100839,positive,high,30.303,,3614.0,,3614.0,,False,True,False,,,,,,,,,
3100,100839,positive,high,34.59,343.0,2306.0,2256.0,2306.0,1963.0,True,True,True,,,343.0,,,479.0,,,
3101,100839,positive,high,34.77,336.0,2104.0,2054.0,2104.0,1768.0,True,True,True,,,336.0,,,,,,
3102,100839,positive,low,35.269,,1604.0,1553.9998779296875,1604.0,,False,True,False,,,,,,,,,
3103,100839,positive,low,35.278,,1604.0,1553.9998779296875,1604.0,,False,True,False,,,,,,,,,
3104,100839,positive,high,38.262,,,1253.0,1253.0,,False,True,False,,,,,,,,,
3105,100839,positive,low,45.301,13.0,2905.0,,2905.0,2892.0,False,True,True,266.0,,288.0,216.0,,88.0,13.0,13.0,
3106,100839,positive,high,51.577,388.0,,,,,True,False,False,538.0,,390.0,,,580.0,388.0,388.0,
3107,100839,positive,high,55.328,,2713.0,3263.0,2713.0,,False,True,False,,,,,,,,,
3108,100839,positive,high,59.919,95.0,3.0,252.99998474121094,3.0,-92.0,False,False,False,,,95.0,,155.0,337.0,,,172.0
3109,100839,positive,low,69.939,359.0,4.0,,4.0,-355.0,True,False,False,,,,,,,,,359.0
3110,100839,positive,high,82.987,59.0,601.0,551.0,601.0,542.0,False,True,True,343.0,,59.0,,565.0,94.0,69.0,69.0,
3111,100839,positive,high,85.01,101.0,,,,,True,False,False,,,,,,101.0,,,269.0
3112,100839,positive,low,85.069,42.0,,,,,False,False,False,,,,,,42.0,,,210.0
3113,100839,positive,low,87.159,392.0,2.0,,2.0,-390.0,True,False,False,,,543.0,,,,392.0,392.0,452.0
3114,100839,positive,low,90.091,244.0,,,,,True,False,False,,,,,468.0,,,,244.0
3115,100839,positive,low,94.104,210.0,400.0,,400.0,190.0,True,False,True,,,,,210.0,,242.0,242.0,280.0
3116,100839,positive,high,96.487,327.0,,,,,True,False,False,,,471.0,,,,327.0,327.0,
3117,100839,positive,high,102.868,143.0,2204.0,2254.0,2204.0,2061.0,True,True,True,,,,,143.0,,164.0,164.0,407.0
3118,100839,positive,low,105.221,472.0,1.0,51.5,1.0,-471.0,True,False,False,,,,,,,,,472.0
3119,100839,positive,high,114.105,12.0,4212.0,,4212.0,4200.0,False,True,True,,,,,,,12.0,12.0,
3158,100840,negative,high,4.337,32.0,3515.0,1163.0,3515.0,3483.0,False,True,True,,,,,32.0,373.0,146.0,146.0,135.0
3159,100840,negative,high,7.381,415.0,503.0000305175781,51.999996185302734,503.0000305175781,88.00003051757812,True,True,False,,,,,,,,,415.0
3160,100840,negative,high,13.708,,706.0,255.99998474121094,706.0,,False,True,False,,,,,,,,,
3161,100840,negative,high,14.385,17.0,105.0,55.0,105.0,88.0,False,False,False,,,,,,,17.0,17.0,
3162,100840,negative,low,18.436,,5.0,4769.5,5.0,,False,False,False,,,,,,,,,
3163,100840,negative,high,21.959,508.0,1312.0,1260.5,1312.0,804.0,False,True,True,,508.0,,,,,,,
3164,100840,negative,low,29.043,,2317.0,2367.0,2317.0,,False,True,False,,,,,,,,,
3165,100840,negative,high,35.093,224.0,,,,,True,False,False,,,,,224.0,265.0,248.0,248.0,
3166,100840,negative,high,49.117,198.0,3917.0,,3917.0,3719.0,True,True,True,,,,,200.0,514.0,198.0,198.0,440.0
3167,100840,negative,high,59.101,,3320.0,3471.0,3320.0,,False,True,False,,,,,,,,,
3131,100840,positive,high,2.358,12.0,301.0,1351.0001220703125,301.0,289.0,False,False,True,76.0,144.0,83.0,127.0,,12.0,,,50.0
3132,100840,positive,low,5.229,,903.0,750.0,903.0,,False,True,False,,,,,,,,,
3133,100840,positive,high,6.02,,103.0,51.5,103.0,,False,False,False,,,,,,,,,
3134,100840,positive,low,9.883,127.0,505.9999694824219,156.0,505.9999694824219,378.9999694824219,True,True,True,127.0,127.0,192.0,127.0,193.0,127.0,127.0,127.0,170.0
3135,100840,positive,high,10.939,,,1657.0001220703125,1657.0001220703125,,False,True,False,,,,,,,,,
3136,100840,positive,high,14.816,,,,,,False,False,False,,,,,,,,,
3137,100840,positive,high,18.351,370.0,3210.0,3360.000244140625,3210.0,2840.0,True,True,True,,,,,,370.0,,,
3138,100840,positive,low,22.174,54.0,100.0,150.0,100.0,46.0,False,False,False,,54.0,256.0,,,256.0,,,
3139,100840,positive,high,22.277,153.0,100.0,50.0,100.0,-53.0,True,False,False,,,158.0,,,153.0,,,347.0
3140,100840,positive,low,27.939,414.0,1505.0,754.0,1505.0,1091.0,True,True,True,,414.0,,,,,,,474.0
3141,100840,positive,high,27.992,361.0,1405.0,754.0,1405.0,1044.0,True,True,True,,361.0,,,,,,,421.0
3142,100840,positive,low,28.127,226.0,1305.0,654.0,1305.0,1079.0,True,True,True,,226.0,,592.0,,,,,286.0
3143,100840,positive,high,31.682,32.0,104.0,854.0,104.0,72.0,False,False,False,,32.0,,,,,211.0,211.0,
3144,100840,positive,low,33.975,356.0,503.0000305175781,252.99998474121094,503.0000305175781,147.00003051757812,True,True,True,,,,,,,356.0,356.0,
3145,100840,positive,high,34.868,180.0,3.0,53.0,3.0,-177.0,True,False,False,,,,,180.0,,,,
3146,100840,positive,high,37.68,228.0,1303.0,551.4999389648438,1303.0,1075.0,True,True,True,,228.0,,,,,,,
3147,100840,positive,low,39.333,279.0,2908.0,2758.0,2908.0,2629.0,True,True,True,,,,,471.0,,,,279.0
3148,100840,positive,low,45.003,179.0,101.0,51.000003814697266,101.0,-78.0,True,False,False,,,,,,179.0,,,
3149,100840,positive,high,45.883,,3114.0,456.0000305175781,3114.0,,False,True,False,,,,,,,,,
3150,100840,positive,high,48.941,,7.0,57.0,7.0,,False,False,False,,,,,,,,,
3151,100840,positive,high,54.594,165.0,2412.0,2262.0,2412.0,2247.0,True,True,True,,,,,,,165.0,165.0,
3152,100840,positive,low,55.489,491.0,1310.0,1359.9998779296875,1310.0,819.0,True,True,True,,,,491.0,,,,,
3153,100840,positive,high,59.127,279.0,4713.0,54.0,4713.0,4434.0,True,True,True,,279.0,,,,,,,
3154,100840,positive,high,59.882,39.0,3712.0,2257.500244140625,3712.0,3673.0,False,True,True,39.0,,,,,,,,
3155,100840,positive,low,69.043,,407.0,156.5,407.0,,False,False,False,,,,,,,,,
3156,100840,positive,low,74.316,77.0,701.0,951.0000610351562,701.0,624.0,False,True,True,,,,,,,214.0,214.0,77.0
3157,100840,positive,high,74.76,322.0,601.0,551.0,601.0,279.0,True,True,True,,,,,,,,,322.0
3185,100843,negative,high,4.9,205.0,103.0,53.0,103.0,-102.0,True,False,False,,,333.0,530.0,368.0,305.0,363.0,363.0,205.0
3186,100843,negative,high,14.903,,1113.0,1465.5,1113.0,,False,True,False,,,,,,,,,
3187,100843,negative,high,16.834,180.0,,,,,True,False,False,,516.0,204.0,348.0,180.0,,240.0,240.0,
3188,100843,negative,low,29.919,357.0,1913.0,,1913.0,1556.0,True,True,True,,,371.0,580.0,422.0,357.0,536.0,536.0,
3189,100843,negative,high,29.941,335.0,1913.0,,1913.0,1578.0,True,True,True,,,349.0,558.0,400.0,335.0,514.0,514.0,
3190,100843,negative,high,33.09,420.0,,,,,True,False,False,,,,420.0,,,532.0,532.0,
3191,100843,negative,high,35.946,474.0,4018.000244140625,,4018.000244140625,3544.000244140625,True,True,True,,,,474.0,,,,,
3192,100843,negative,low,40.974,140.0,2924.0,3176.0,2924.0,2784.0,True,True,True,536.0,,,,313.0,140.0,,,
3193,100843,negative,high,49.99,10.0,,,,,False,False,False,,,54.0,478.0,,53.0,10.0,10.0,
3168,100843,positive,high,1.338,,664.0,613.9999389648438,664.0,,False,True,False,,,,,,,,,
3169,100843,positive,high,3.465,,,,,,False,False,False,,,,,,,,,
3170,100843,positive,low,5.042,116.0,3801.0,3751.0,3801.0,3685.0,True,True,True,,,,,141.0,151.0,,,116.0
3171,100843,positive,high,9.521,129.0,,2264.999755859375,2264.999755859375,2135.999755859375,True,True,True,,,,,129.0,,,,435.0
3172,100843,positive,low,10.064,503.0,,1765.0001220703125,1765.0001220703125,1262.0001220703125,False,True,True,,,,,503.0,,,,
3173,100843,positive,low,11.386,380.0,115.0,464.9999694824219,115.0,-265.0,True,False,False,,,,,380.0,,402.0,402.0,
3174,100843,positive,low,16.505,,105.0,1755.0,105.0,,False,False,False,,,,,,,,,
3175,100843,positive,low,22.271,243.0,,,,,True,False,False,,,,,,,,,243.0
3176,100843,positive,high,35.113,160.0,1501.0,1250.9998779296875,1501.0,1341.0,True,True,True,,,356.0,,348.0,160.0,,,
3177,100843,positive,high,40.273,324.0,,3955.500244140625,3955.500244140625,3631.500244140625,True,True,True,,,,,,519.0,,,324.0
3178,100843,positive,low,40.328,269.0,,3855.5,3855.5,3586.5,True,True,True,,,,,,464.0,,,269.0
3179,100843,positive,low,44.146,437.0,2.0,52.5,2.0,-435.0,True,False,False,,,437.0,,552.0,,,,
3180,100843,positive,high,45.334,,,,,,False,False,False,,,,,,,,,
3181,100843,positive,low,51.88,164.0,307.0,1457.0,307.0,143.0,True,False,True,,,,371.0,,164.0,,,
3182,100843,positive,high,54.953,574.0,,4175.0,4175.0,3601.0,False,True,True,,,,,,,,,574.0
3183,100843,positive,high,60.131,,4305.0,1351.0001220703125,4305.0,,False,True,False,,,,,,,,,
3184,100843,positive,high,62.369,27.0,2504.0,2554.0,2504.0,2477.0,False,True,True,,433.0,78.0,399.0,27.0,48.0,364.0,364.0,92.0
3209,100873,negative,high,5.134,152.0,3316.0,955.0,3316.0,3164.0,True,True,True,152.0,,385.0,207.0,,424.0,156.0,156.0,
3210,100873,negative,high,10.131,165.0,2116.0,1865.9998779296875,2116.0,1951.0,True,True,True,,,,174.0,,,179.0,179.0,165.0
3211,100873,negative,high,15.156,406.0,,260.0,260.0,-146.0,True,False,False,,,,,,,,,406.0
3212,100873,negative,high,18.913,10.0,3318.0,3168.0,3318.0,3308.0,False,True,True,,,,,,,,,10.0
3213,100873,negative,high,24.596,281.0,4.0,4185.0,4.0,-277.0,True,False,False,,,,,,,281.0,281.0,
3214,100873,negative,low,30.196,,32.0,82.0,32.0,,False,False,False,,,,,,,,,
3215,100873,negative,high,36.231,,,,,,False,False,False,,,,,,,,,
3216,100873,negative,low,47.898,73.0,,,,,False,False,False,,239.0,189.0,73.0,,173.0,,,271.0
3217,100873,negative,high,50.276,27.0,2830.0,3181.0,2830.0,2803.0,False,True,True,,445.0,,27.0,,125.0,,,
3218,100873,negative,high,60.308,385.0,306.0,3175.0,306.0,-79.0,True,False,False,,,,,,,,,385.0
3219,100873,negative,high,66.45,34.0,,,,,False,False,False,,,,,,498.0,34.0,34.0,
3194,100873,positive,high,2.176,,1607.0,1556.9998779296875,1607.0,,False,True,False,,,,,,,,,
3195,100873,positive,high,4.584,255.0,2002.0001220703125,350.0000305175781,2002.0001220703125,1747.0001220703125,True,True,True,255.0,,,,,,,,
3196,100873,positive,low,5.202,58.0,1502.0,150.0,1502.0,1444.0,False,True,True,,395.0,100.0,,,,257.0,257.0,58.0
3197,100873,positive,low,7.569,493.0,1702.0,51.999996185302734,1702.0,1209.0,True,True,True,,,,493.0,,,,,
3198,100873,positive,low,10.214,10.0,805.0,552.5,805.0,795.0,False,True,True,,24.0,,,10.0,,,,112.0
3199,100873,positive,low,15.159,544.0,4104.0,2853.000244140625,4104.0,3560.0,False,True,True,,,,544.0,,,,,
3200,100873,positive,high,35.309,66.0,1614.0,,1614.0,1548.0,False,True,True,,,,,66.0,,,,
3201,100873,positive,low,40.683,545.0,3.0,53.0,3.0,-542.0,False,False,False,,545.0,,,,,,,
3202,100873,positive,low,45.515,138.0,,254.00001525878906,254.00001525878906,116.00001525878906,True,False,True,,213.0,,434.0,142.0,,138.0,138.0,351.0
3203,100873,positive,low,45.522,131.0,,254.00001525878906,254.00001525878906,123.00001525878906,True,False,True,,206.0,,427.0,135.0,,131.0,131.0,344.0
3204,100873,positive,high,54.798,,2804.0,51.000003814697266,2804.0,,False,True,False,,,,,,,,,
3205,100873,positive,high,60.403,580.0,2306.0,1956.0001220703125,2306.0,1726.0,False,True,True,,,,,,,580.0,580.0,
3206,100873,positive,low,60.716,266.0,1906.0,1655.9998779296875,1906.0,1640.0,True,True,True,491.0,504.0,580.0,354.0,571.0,394.0,266.0,266.0,
3207,100873,positive,low,70.444,10.0,501.0,351.0,501.0,491.0,False,True,True,57.0,,53.0,10.0,,148.0,39.0,39.0,
3208,100873,positive,low,85.087,13.0,2109.0,1959.0001220703125,2109.0,2096.0,False,True,True,,,,,,,,,13.0
3240,100874,negative,high,5.021,440.0,1524.0,156.0,1524.0,1084.0,True,True,True,491.0,,498.0,478.0,522.0,517.0,440.0,440.0,485.0
3241,100874,negative,high,8.012,85.0,,66.0,66.0,-19.0,False,False,False,,,85.0,,,,,,
3242,100874,negative,high,9.376,133.0,,876.5,876.5,743.5,True,True,True,,,133.0,,,,159.0,159.0,
3243,100874,negative,high,15.033,97.0,907.0,757.0,907.0,810.0,False,True,True,97.0,,128.0,,,,115.0,115.0,
3244,100874,negative,high,15.709,95.0,206.0,55.999996185302734,206.0,111.0,False,False,True,254.0,225.0,521.0,,95.0,536.0,,,381.0
3245,100874,negative,high,22.052,45.0,4940.0,73.0,4940.0,4895.0,False,True,True,,,,,,,,,45.0
3246,100874,negative,low,30.066,54.0,,855.0,855.0,801.0,False,True,True,54.0,,155.0,,,187.0,121.0,121.0,
3247,100874,negative,high,36.041,478.0,1907.0,1757.0,1907.0,1429.0,True,True,True,,,478.0,,,518.0,493.0,493.0,
3248,100874,negative,high,46.716,58.0,,,,,False,False,False,79.0,513.0,,58.0,180.0,,,,
3249,100874,negative,high,49.888,80.0,2321.0,3791.0,2321.0,2241.0,False,True,True,80.0,,,,,,,,
3250,100874,negative,high,54.398,33.0,425.0,273.5,425.0,392.0,False,False,True,326.0,137.0,,163.0,33.0,,,,
3251,100874,negative,high,59.915,,,357.0,357.0,,False,False,False,,,,,,,,,
3220,100874,positive,high,2.076,,905.0,1155.0,905.0,,False,True,False,,,,,,,,,
3221,100874,positive,low,5.12,,,152.00001525878906,152.00001525878906,,False,False,False,,,,,,,,,
3222,100874,positive,low,10.127,43.0,402.0,2760.0,402.0,359.0,False,False,True,164.0,203.0,,,43.0,395.0,,,
3223,100874,positive,low,10.15,20.0,402.0,2860.000244140625,402.0,382.0,False,False,True,142.0,180.0,,,20.0,372.0,,,
3224,100874,positive,high,12.48,10.0,508.0000305175781,458.0,508.0000305175781,498.0000305175781,False,True,True,280.0,513.0,59.0,,102.0,445.0,10.0,10.0,
3225,100874,positive,low,12.638,199.0,304.0,254.00001525878906,304.0,105.0,True,False,True,516.0,355.0,202.0,,,287.0,199.0,199.0,
3226,100874,positive,low,13.186,106.0,3.0,4457.0,3.0,-103.0,True,False,False,166.0,401.0,106.0,158.0,214.0,227.0,109.0,109.0,242.0
3227,100874,positive,high,35.194,83.0,2407.0,1456.0001220703125,2407.0,2324.0,False,True,True,,,105.0,,,134.0,83.0,83.0,
3228,100874,positive,high,46.066,59.0,,52.500003814697266,52.500003814697266,-6.499996185302734,False,False,False,,,59.0,,,,,,234.0
3229,100874,positive,high,55.041,310.0,3919.0,156.0,3919.0,3609.0,True,True,True,310.0,,,,,,,,
3230,100874,positive,high,60.27,309.0,1311.0,59.0,1311.0,1002.0,True,True,True,,538.0,,423.0,,,,,309.0
3231,100874,positive,low,70.068,390.0,,357.9999694824219,357.9999694824219,-32.000030517578125,True,False,False,,390.0,,,,436.0,,,
3232,100874,positive,low,70.24,218.0,,157.0,157.0,-61.0,True,False,False,,218.0,,,,264.0,,,
3233,100874,positive,low,81.228,156.0,,,,,True,False,False,,,156.0,,,,247.0,247.0,
3234,100874,positive,low,84.237,,2503.0,2553.0,2503.0,,False,True,False,,,,,,,,,
3235,100874,positive,low,86.109,406.0,700.0,650.0,700.0,294.0,True,True,True,,,406.0,,,439.0,438.0,438.0,
3236,100874,positive,low,97.896,226.0,406.0,52.5,406.0,180.0,True,False,True,,,,,226.0,,,,
3237,100874,positive,low,104.879,31.0,,,,,False,False,False,,,282.0,,31.0,332.0,292.0,292.0,
3238,100874,positive,high,116.261,54.0,903.0,1852.9998779296875,903.0,849.0,False,True,True,54.0,,278.0,,,456.0,291.0,291.0,
3239,100874,positive,high,133.444,74.0,3521.0,3471.0,3521.0,3447.0,False,True,True,202.0,,74.0,,,,,,
3273,100876,negative,high,4.885,70.0,1111.0,861.0,1111.0,1041.0,False,True,True,82.0,146.0,70.0,149.0,299.0,87.0,133.0,133.0,326.0
3274,100876,negative,high,7.876,90.0,,52.5,52.5,-37.5,False,False,False,,,,,,,,,90.0
3275,100876,negative,high,14.189,152.0,2424.0,,2424.0,2272.0,True,True,True,286.0,,152.0,390.0,523.0,,,,
3276,100876,negative,high,14.895,484.0,2122.0,,2122.0,1638.0,True,True,True,,,,,,,,,484.0
3277,100876,negative,high,16.961,190.0,114.0,,114.0,-76.0,True,False,False,,,,,,244.0,,,190.0
3278,100876,negative,low,29.918,213.0,,,,,True,False,False,427.0,417.0,507.0,379.0,,296.0,452.0,452.0,213.0
3279,100876,negative,high,31.271,83.0,,,,,False,False,False,,,,,,,83.0,83.0,
3280,100876,negative,high,35.923,,2916.0,2866.0,2916.0,,False,True,False,,,,,,,,,
3281,100876,negative,low,36.607,,2209.0,2159.0,2209.0,,False,True,False,,,,,,,,,
3282,100876,negative,high,49.967,504.0,,,,,False,False,False,,,,,,,,,504.0
3283,100876,negative,high,59.965,,514.0,,514.0,,False,True,False,,,,,,,,,
3284,100876,negative,high,60.423,23.0,213.0,,213.0,190.0,False,False,True,,,,,,,,,23.0
3285,100876,negative,high,106.546,332.0,114.0,,114.0,-218.0,True,False,False,332.0,,,359.0,,,,,
3252,100876,positive,high,2.728,97.0,2202.0,2752.5,2202.0,2105.0,False,True,True,97.0,,439.0,,,,559.0,559.0,
3253,100876,positive,low,5.134,,402.0,351.5,402.0,,False,False,False,,,,,,,,,
3254,100876,positive,low,10.131,,302.0,452.0,302.0,,False,False,False,,,,,,,,,
3255,100876,positive,low,11.678,,,,,,False,False,False,,,,,,,,,
3256,100876,positive,high,12.605,159.0,,,,,True,False,False,,,,,,159.0,409.0,409.0,
3257,100876,positive,low,12.642,119.0,,,,,True,False,False,,381.0,,,,119.0,372.0,372.0,
3258,100876,positive,high,14.07,10.0,112.0,,112.0,102.0,False,False,True,10.0,,,,,,,,
3259,100876,positive,low,14.694,,,,,,False,False,False,,,,,,,,,
3260,100876,positive,low,19.098,249.0,2601.0,3751.0,2601.0,2352.0,True,True,True,,,,,310.0,,249.0,249.0,
3261,100876,positive,low,19.106,241.0,2601.0,,2601.0,2360.0,True,True,True,,,,,302.0,,241.0,241.0,
3262,100876,positive,high,23.751,102.0,1904.0,1754.0,1904.0,1802.0,True,True,True,,102.0,,,,,,,
3263,100876,positive,high,31.688,42.0,1413.0,1463.0,1413.0,1371.0,False,True,True,,,42.0,,,92.0,70.0,70.0,
3264,100876,positive,high,35.205,142.0,,,,,True,False,False,,,142.0,,,,207.0,207.0,
3265,100876,positive,high,48.93,152.0,805.0,655.0,805.0,653.0,True,True,True,,,,,,,152.0,152.0,
3266,100876,positive,high,60.28,80.0,,,,,False,False,False,,,,,,,80.0,80.0,
3267,100876,positive,low,70.299,152.0,,,,,True,False,False,,,,,,,,,152.0
3268,100876,positive,low,108.563,552.0,400.0,,400.0,-152.0,False,False,False,,,,,,,,,552.0
3269,100876,positive,high,113.392,10.0,2409.0,,2409.0,2399.0,False,True,True,10.0,80.0,77.0,127.0,410.0,286.0,504.0,504.0,
3270,100876,positive,low,114.422,208.0,1308.0,,1308.0,1100.0,True,True,True,,,,,258.0,305.0,,,208.0
3271,100876,positive,low,120.232,42.0,104.0,1355.0,104.0,62.0,False,False,False,,,,,,42.0,,,
3272,100876,positive,low,124.91,50.0,3212.0,3867.0,3212.0,3162.0,False,True,True,421.0,,,,,,,,50.0
3320,100881,negative,high,5.03,215.0,,,,,True,False,False,,,,,,,250.0,250.0,215.0
3321,100881,negative,high,10.142,,1116.0,1065.0,1116.0,,False,True,False,,,,,,,,,
3322,100881,negative,low,10.315,,1018.0,967.0,1018.0,,False,True,False,,,,,,,,,
3323,100881,negative,high,15.036,22.0,,255.0,255.0,233.0,False,False,True,85.0,,,22.0,,,,,
3324,100881,negative,high,17.427,268.0,,257.0,257.0,-11.0,True,False,False,,292.0,,532.0,281.0,,,,268.0
3325,100881,negative,low,30.087,,2415.0,1461.0,2415.0,,False,True,False,,,,,,,,,
3326,100881,negative,high,33.688,,105.0,55.0,105.0,,False,False,False,,,,,,,,,
3327,100881,negative,high,36.102,17.0,1330.0,4007.0,1330.0,1313.0,False,True,True,,313.0,17.0,,,156.0,24.0,24.0,
3328,100881,negative,high,46.732,19.0,1916.0,2067.999755859375,1916.0,1897.0,False,True,True,,38.0,19.0,,,56.0,328.0,328.0,
3329,100881,negative,high,50.123,,3317.0,357.9999694824219,3317.0,,False,True,False,,,,,,,,,
3330,100881,negative,high,60.151,275.0,2133.0,4203.0,2133.0,1858.0,True,True,True,400.0,,275.0,,,319.0,361.0,361.0,438.0
3331,100881,negative,high,99.096,122.0,505.9999694824219,,505.9999694824219,383.9999694824219,True,True,True,,,122.0,,421.0,129.0,184.0,184.0,
3286,100881,positive,high,1.121,,,,,,False,False,False,,,,,,,,,
3287,100881,positive,low,4.857,,2307.0,2257.0,2307.0,,False,True,False,,,,,,,,,
3288,100881,positive,low,6.465,,701.0,651.0,701.0,,False,True,False,,,,,,,,,
3289,100881,positive,low,9.886,42.0,,,,,False,False,False,45.0,42.0,,,,,,,
3290,100881,positive,low,18.516,124.0,2104.0,3963.5,2104.0,1980.0,True,True,True,567.0,,,,,,124.0,124.0,
3291,100881,positive,low,19.005,319.0,702.0,3461.500244140625,702.0,383.0,True,True,True,,,,,578.0,574.0,319.0,319.0,
3292,100881,positive,high,19.358,10.0,2102.0,3060.999755859375,2102.0,2092.0,False,True,True,,,530.0,,226.0,221.0,10.0,10.0,
3293,100881,positive,high,22.689,,10.0,160.0,10.0,,False,False,False,,,,,,,,,
3294,100881,positive,low,25.515,,,,,,False,False,False,,,,,,,,,
3295,100881,positive,low,28.56,190.0,404.0,,404.0,214.0,True,False,True,,190.0,396.0,,,353.0,,,
3296,100881,positive,high,32.627,39.0,807.0,4859.0,807.0,768.0,False,True,True,,,,,39.0,,,,525.0
3297,100881,positive,high,34.889,,901.0,2953.0,901.0,,False,True,False,,,,,,,,,
3298,100881,positive,high,35.604,,201.0,2253.0,201.0,,False,False,False,,,,,,,,,
3299,100881,positive,low,35.852,,500.0,2052.5,500.0,,False,True,False,,,,,,,,,
3300,100881,positive,high,46.309,,301.0,,301.0,,False,False,False,,,,,,,,,
3301,100881,positive,low,48.076,,1207.0,,1207.0,,False,True,False,,,,,,,,,
3302,100881,positive,high,48.632,,406.0,,406.0,,False,False,False,,,,,,,,,
3303,100881,positive,high,55.795,,713.0,60.000003814697266,713.0,,False,True,False,,,,,,,,,
3304,100881,positive,high,59.946,166.0,,,,,True,False,False,321.0,,,,166.0,,,,
3305,100881,positive,high,63.84,,2427.0,,2427.0,,False,True,False,,,,,,,,,
3306,100881,positive,high,69.102,116.0,2209.0,,2209.0,2093.0,True,True,True,,,116.0,,,,185.0,185.0,
3307,100881,positive,low,69.989,,,,,,False,False,False,,,,,,,,,
3308,100881,positive,high,72.56,105.0,4208.0,,4208.0,4103.0,True,True,True,,,105.0,,548.0,,364.0,364.0,450.0
3309,100881,positive,high,80.476,48.0,3706.0,4156.0,3706.0,3658.0,False,True,True,48.0,,592.0,,,,,,
3310,100881,positive,low,82.746,,1303.0,1854.0001220703125,1303.0,,False,True,False,,,,,,,,,
3311,100881,positive,low,82.765,,1203.0,1854.0001220703125,1203.0,,False,True,False,,,,,,,,,
3312,100881,positive,low,90.685,81.0,601.0,2652.0,601.0,520.0,False,True,True,,,185.0,81.0,136.0,112.0,102.0,102.0,
3313,100881,positive,low,91.858,350.0,1302.0,1451.9998779296875,1302.0,952.0,True,True,True,350.0,,,,,,,,
3314,100881,positive,low,92.798,149.0,701.0,450.9999694824219,701.0,552.0,True,True,True,183.0,,149.0,,,,,,
3315,100881,positive,high,94.346,,,4659.00048828125,4659.00048828125,,False,True,False,,,,,,,,,
3316,100881,positive,low,95.919,184.0,3106.0,3056.0,3106.0,2922.0,True,True,True,184.0,,,309.0,,,,,
3317,100881,positive,high,99.044,81.0,1.0,51.000003814697266,1.0,-80.0,False,False,False,,,,,,,81.0,81.0,
3318,100881,positive,high,109.48,71.0,,,,,False,False,False,97.0,71.0,,,,,514.0,514.0,
3319,100881,positive,high,113.275,30.0,1109.0,,1109.0,1079.0,False,True,True,,,416.0,,443.0,30.0,,,151.0
3353,100882,negative,high,5.149,61.0,,4260.0,4260.0,4199.0,False,True,True,164.0,,61.0,,,397.0,65.0,65.0,
3354,100882,negative,high,8.6,244.0,802.0,752.0,802.0,558.0,True,True,True,480.0,,,,244.0,,,,
3355,100882,negative,high,15.155,17.0,317.0,2468.999755859375,317.0,300.0,False,False,True,441.0,,73.0,,,99.0,80.0,80.0,17.0
3356,100882,negative,high,17.298,110.0,501.9999694824219,352.0,501.9999694824219,391.9999694824219,True,True,True,110.0,208.0,,125.0,209.0,,,,
3357,100882,negative,high,29.115,,1609.0,852.0,1609.0,,False,True,False,,,,,,,,,
3358,100882,negative,low,30.183,,6.0,57.0,6.0,,False,False,False,,,,,,,,,
3359,100882,negative,high,35.438,45.0,,1166.5001220703125,1166.5001220703125,1121.5001220703125,False,True,True,,47.0,48.0,,45.0,69.0,83.0,83.0,
3360,100882,negative,high,36.204,260.0,,364.0000305175781,364.0000305175781,104.00003051757812,True,False,True,260.0,316.0,,,,430.0,272.0,272.0,
3361,100882,negative,high,50.232,535.0,1713.0,1663.0001220703125,1713.0,1178.0,False,True,True,,,,,535.0,,,,
3362,100882,negative,high,55.848,26.0,1607.0,1556.9998779296875,1607.0,1581.0,False,True,True,,148.0,43.0,,26.0,26.0,,,
3363,100882,negative,high,60.261,,2.0,51.999996185302734,2.0,,False,False,False,,,,,,,,,
3332,100882,positive,high,1.491,,1110.0,1060.0,1110.0,,False,True,False,,,,,,,,,
3333,100882,positive,low,4.722,10.0,2400.0,1450.0,2400.0,2390.0,False,True,True,,181.0,,244.0,,10.0,287.0,287.0,
3334,100882,positive,low,5.136,278.0,2100.0,1050.0,2100.0,1822.0,True,True,True,,,,,,,422.0,422.0,278.0
3335,100882,positive,low,10.143,10.0,1600.0,50.0,1600.0,1590.0,False,True,True,,,239.0,322.0,10.0,385.0,362.0,362.0,
3336,100882,positive,high,23.298,,4218.0,2560.999755859375,4218.0,,False,True,False,,,,,,,,,
3337,100882,positive,high,33.628,116.0,2002.0001220703125,1952.0,2002.0001220703125,1886.0001220703125,True,True,True,,,,,,,,,116.0
3338,100882,positive,high,35.206,193.0,501.0,351.0,501.0,308.0,True,True,True,193.0,,,,,,,,
3339,100882,positive,low,42.138,262.0,2003.0,50.0,2003.0,1741.0,True,True,True,265.0,,262.0,,,269.0,,,
3340,100882,positive,low,49.452,295.0,1003.9999389648438,454.0,1003.9999389648438,708.9999389648438,True,True,True,,,295.0,,,,,,
3341,100882,positive,high,55.975,130.0,,53.0,53.0,-77.0,True,False,False,,,130.0,,,363.0,,,
3342,100882,positive,high,60.285,,1003.0,4758.00048828125,1003.0,,False,True,False,,,,,,,,,
3343,100882,positive,low,70.306,411.0,102.0,51.999996185302734,102.0,-309.0,True,False,False,411.0,,,412.0,,,,,
3344,100882,positive,low,89.934,,,,,,False,False,False,,,,,,,,,
3345,100882,positive,low,91.754,10.0,3505.0,3455.0,3505.0,3495.0,False,True,True,12.0,,11.0,,10.0,,,,
3346,100882,positive,low,93.407,,302.0,1754.0,302.0,,False,False,False,,,,,,,,,
3347,100882,positive,high,94.339,,903.0,853.0,903.0,,False,True,False,,,,,,,,,
3348,100882,positive,high,96.279,241.0,408.0,355.4999694824219,408.0,167.0,True,False,True,487.0,,,,,241.0,,,
3349,100882,positive,high,106.413,,407.0,53.0,407.0,,False,False,False,,,,,,,,,
3350,100882,positive,high,114.359,204.0,903.0,953.0,903.0,699.0,True,True,True,,,401.0,,,,204.0,204.0,
3351,100882,positive,low,116.975,568.0,,53.0,53.0,-515.0,False,False,False,,,,,,,,,568.0
3352,100882,positive,low,116.982,561.0,,53.0,53.0,-508.0,False,False,False,,,,,,,,,561.0
3387,100888,negative,high,5.165,263.0,7.0,458.0,7.0,-256.0,True,False,False,,,,,,263.0,402.0,402.0,
3388,100888,negative,high,14.525,133.0,4.0,2367.499755859375,4.0,-129.0,True,False,False,,,,520.0,133.0,,418.0,418.0,308.0
3389,100888,negative,high,15.164,,608.0,1765.5001220703125,608.0,,False,True,False,,,,,,,,,
3390,100888,negative,high,28.63,59.0,2013.0,1661.0,2013.0,1954.0,False,True,True,,,,,59.0,95.0,,,
3391,100888,negative,low,30.216,,103.0,53.0,103.0,,False,False,False,,,,,,,,,
3392,100888,negative,high,36.223,237.0,607.0,55.0,607.0,370.0,True,True,True,,,495.0,,237.0,,415.0,415.0,
3393,100888,negative,low,47.238,420.0,1806.0,353.0,1806.0,1386.0,True,True,True,,,,,,420.0,,,
3394,100888,negative,high,50.252,10.0,4413.0,55.0,4413.0,4403.0,False,True,True,,,,,287.0,,,,10.0
3395,100888,negative,high,60.293,,,58.5,58.5,,False,False,False,,,,,,,,,
3396,100888,negative,high,62.68,,2329.0,1168.0,2329.0,,False,True,False,,,,,,,,,
3397,100888,negative,high,84.928,179.0,2107.0,1957.0,2107.0,1928.0,True,True,True,,,,,,,,,179.0
3364,100888,positive,high,2.676,,,53.0,53.0,,False,False,False,,,,,,,,,
3365,100888,positive,low,4.9,549.0,300.0,250.0,300.0,-249.0,False,False,False,,,,,,549.0,,,
3366,100888,positive,low,9.909,374.0,3901.0,450.0,3901.0,3527.0,True,True,True,,,,,471.0,,,,374.0
3367,100888,positive,low,10.059,224.0,3701.0,350.0000305175781,3701.0,3477.0,True,True,True,,269.0,,,321.0,,,,224.0
3368,100888,positive,high,14.457,579.0,210.0,52.5,210.0,-369.0,False,False,False,,591.0,,,,,579.0,579.0,
3369,100888,positive,high,25.87,,401.0,51.000003814697266,401.0,,False,False,False,,,,,,,,,
3370,100888,positive,high,29.562,,3202.0,851.0,3202.0,,False,True,False,,,,,,,,,
3371,100888,positive,high,31.02,100.0,1802.0,452.0,1802.0,1702.0,True,True,True,,,,,,,,,100.0
3372,100888,positive,high,34.975,10.0,701.0,151.00001525878906,701.0,691.0,False,True,True,95.0,102.0,504.0,,31.0,10.0,,,
3373,100888,positive,low,35.787,119.0,100.0,951.0000610351562,100.0,-19.0,True,False,False,,,,201.0,119.0,,,,322.0
3374,100888,positive,low,35.794,113.0,100.0,951.0000610351562,100.0,-13.0,True,False,False,,,,195.0,113.0,,,,315.0
3375,100888,positive,low,42.327,130.0,402.0,252.0,402.0,272.0,True,False,True,,,365.0,,130.0,,,,363.0
3376,100888,positive,low,46.372,597.0,4410.0,850.0,4410.0,3813.0,False,True,True,,,,,,597.0,,,
3377,100888,positive,low,47.004,372.0,3710.0,250.0,3710.0,3338.0,True,True,True,,,551.0,,,,372.0,372.0,
3378,100888,positive,low,49.485,20.0,608.0,354.5,608.0,588.0,False,True,True,,236.0,238.0,119.0,20.0,167.0,36.0,36.0,
3379,100888,positive,high,49.945,10.0,7.0,57.0,7.0,-3.0,False,False,False,,27.0,10.0,,,29.0,85.0,85.0,
3380,100888,positive,high,60.048,13.0,101.0,853.5,101.0,88.0,False,False,False,,13.0,,252.0,213.0,,,,
3381,100888,positive,low,60.868,573.0,204.0,53.5,204.0,-369.0,False,False,False,,,,,,573.0,,,
3382,100888,positive,low,64.213,13.0,505.0,355.0000305175781,505.0,492.0,False,True,True,,,,,,13.0,,,
3383,100888,positive,low,70.079,407.0,101.0,51.000003814697266,101.0,-306.0,True,False,False,,,,,,,,,407.0
3384,100888,positive,low,70.995,227.0,,3255.0,3255.0,3028.0,True,True,True,,236.0,,,227.0,,313.0,313.0,
3385,100888,positive,high,86.399,,1006.0000610351562,50.5,1006.0000610351562,,False,True,False,,,,,,,,,
3386,100888,positive,high,91.535,424.0,403.0,753.0,403.0,-21.0,True,False,False,424.0,,,,,,,,455.0
3426,100891,negative,high,5.172,331.0,1704.0,51.999996185302734,1704.0,1373.0,True,True,True,363.0,331.0,347.0,358.0,348.0,362.0,362.0,362.0,545.0
3427,100891,negative,high,8.164,66.0,,54.0,54.0,-12.0,False,False,False,66.0,,,,,394.0,,,
3428,100891,negative,low,14.095,146.0,2311.0,2261.000244140625,2311.0,2165.0,True,True,True,,,,,,,146.0,146.0,
3429,100891,negative,high,14.471,460.0,2010.9998779296875,1961.0,2010.9998779296875,1550.9998779296875,True,True,True,,510.0,460.0,,,,,,
3430,100891,negative,high,15.177,537.0,1210.0,1260.0,1210.0,673.0,False,True,True,537.0,,,,,,,,
3431,100891,negative,high,20.815,338.0,1310.0,158.0,1310.0,972.0,True,True,True,,343.0,,,338.0,403.0,,,
3432,100891,negative,high,28.579,346.0,,,,,True,False,False,346.0,,,,,554.0,,,
3433,100891,negative,low,30.204,50.0,,,,,False,False,False,,,50.0,,,,134.0,134.0,477.0
3434,100891,negative,high,36.217,21.0,702.0,,702.0,681.0,False,True,True,21.0,475.0,598.0,72.0,434.0,,,,206.0
3435,100891,negative,high,47.592,238.0,310.0,2572.0,310.0,72.0,True,False,False,,,,,,,,,238.0
3436,100891,negative,high,50.261,10.0,11.0,963.5,11.0,1.0,False,False,False,217.0,,10.0,318.0,,,,,
3437,100891,negative,high,55.733,247.0,,3572.0,3572.0,3325.0,True,True,True,,464.0,286.0,,247.0,,,,
3438,100891,negative,high,60.191,93.0,,,,,False,False,False,,,93.0,,,,,,
3439,100891,negative,high,63.761,130.0,,,,,True,False,False,,,,,,198.0,130.0,130.0,310.0
3398,100891,positive,high,1.474,,1237.0,1287.0,1237.0,,False,True,False,,,,,,,,,
3399,100891,positive,low,5.135,85.0,,950.0,950.0,865.0,False,True,True,,,238.0,,85.0,566.0,,,
3400,100891,positive,low,10.149,83.0,1909.0,1759.0001220703125,1909.0,1826.0,False,True,True,,,83.0,,,,,,
3401,100891,positive,high,18.614,23.0,,151.00001525878906,151.00001525878906,128.00001525878906,False,False,True,,264.0,,,23.0,,,,
3402,100891,positive,high,22.154,93.0,,450.9999694824219,450.9999694824219,357.9999694824219,False,False,True,93.0,,,,,,,,
3403,100891,positive,high,23.109,20.0,,51.000003814697266,51.000003814697266,31.000003814697266,False,False,False,,406.0,,,20.0,,,,154.0
3404,100891,positive,high,30.341,117.0,2702.0,2652.0,2702.0,2585.0,True,True,True,,,,186.0,117.0,,,,
3405,100891,positive,high,33.626,,402.0,352.0,402.0,,False,False,False,,,,,,,,,
3406,100891,positive,low,34.16,284.0,302.0,252.0,302.0,18.0,True,False,False,,284.0,327.0,,,,,,
3407,100891,positive,high,35.212,76.0,101.0,51.000003814697266,101.0,25.0,False,False,False,76.0,,,111.0,428.0,,,,
3408,100891,positive,low,35.333,307.0,101.0,51.000003814697266,101.0,-206.0,True,False,False,,,549.0,,307.0,,,,
3409,100891,positive,low,41.016,26.0,,,,,False,False,False,,507.0,569.0,,129.0,327.0,326.0,326.0,26.0
3410,100891,positive,low,41.512,10.0,,,,,False,False,False,297.0,10.0,72.0,395.0,134.0,169.0,,,
3411,100891,positive,high,41.587,59.0,,,,,False,False,False,222.0,,,318.0,59.0,94.0,528.0,528.0,
3412,100891,positive,low,43.135,574.0,2705.0,,2705.0,2131.0,False,True,True,574.0,,,,,,,,
3413,100891,positive,low,51.923,113.0,,,,,True,False,False,359.0,220.0,223.0,,,113.0,213.0,213.0,196.0
3414,100891,positive,low,53.359,101.0,,,,,True,False,False,449.0,,245.0,101.0,,,265.0,265.0,
3415,100891,positive,high,60.275,297.0,,,,,True,False,False,,,297.0,,,515.0,,,
3416,100891,positive,low,63.523,91.0,3517.0,3667.0,3517.0,3426.0,False,True,True,,,91.0,,,152.0,,,
3417,100891,positive,low,63.538,76.0,3517.0,3667.0,3517.0,3441.0,False,True,True,,,76.0,,,137.0,,,
3418,100891,positive,high,64.327,111.0,2915.0,2865.0,2915.0,2804.0,True,True,True,,,287.0,,179.0,,111.0,111.0,
3419,100891,positive,high,66.109,105.0,1013.0,1063.0,1013.0,908.0,True,True,True,298.0,134.0,134.0,,,163.0,105.0,105.0,328.0
3420,100891,positive,low,70.296,206.0,3013.0,2162.0,3013.0,2807.0,True,True,True,,206.0,,,,,,,
3421,100891,positive,high,93.272,64.0,2609.0,2659.0,2609.0,2545.0,False,True,True,352.0,64.0,,,307.0,,,,
3422,100891,positive,high,99.765,95.0,4722.0,4572.0,4722.0,4627.0,False,True,True,339.0,95.0,,,,,,,
3423,100891,positive,high,103.299,25.0,1108.0,1058.0001220703125,1108.0,1083.0,False,True,True,,,,25.0,,161.0,,,
3424,100891,positive,high,108.771,259.0,3610.0,3560.0,3610.0,3351.0,True,True,True,259.0,,,,,,,,
3425,100891,positive,high,110.959,18.0,1404.0,1354.0001220703125,1404.0,1386.0,False,True,True,,,115.0,18.0,,,150.0,150.0,
3462,100901,negative,high,5.517,222.0,7.0,57.0,7.0,-215.0,True,False,False,,,,,222.0,,,,
3463,100901,negative,high,9.065,194.0,,1556.0,1556.0,1362.0,True,True,True,194.0,,,,519.0,,,,
3464,100901,negative,high,10.32,177.0,811.0,355.4999694824219,811.0,634.0,True,True,True,534.0,,177.0,,,,,,
3465,100901,negative,high,15.523,574.0,,57.5,57.5,-516.5,False,False,False,,,574.0,,,,,,
3466,100901,negative,high,18.775,559.0,,663.0,663.0,104.0,False,True,True,,559.0,,,,,,,
3467,100901,negative,low,18.98,354.0,,462.0,462.0,108.0,True,False,True,,354.0,,,496.0,,,,
3468,100901,negative,high,26.043,,,1662.0,1662.0,,False,True,False,,,,,,,,,
3469,100901,negative,high,28.997,10.0,,,,,False,False,False,515.0,229.0,,10.0,361.0,178.0,,,394.0
3470,100901,negative,low,30.56,171.0,3652.0,4201.99951171875,3652.0,3481.0,True,True,True,,,,171.0,,,,,553.0
3471,100901,negative,high,34.8,537.0,114.0,64.0,114.0,-423.0,False,False,False,537.0,,,,,,,,
3472,100901,negative,high,35.739,21.0,1205.0,352.0,1205.0,1184.0,False,True,True,21.0,269.0,29.0,68.0,438.0,,98.0,98.0,445.0
3473,100901,negative,high,36.543,393.0,303.0,53.0,303.0,-90.0,True,False,False,,,,393.0,,,,,
3474,100901,negative,high,50.599,234.0,3718.0,3567.999755859375,3718.0,3484.0,True,True,True,234.0,,526.0,498.0,349.0,,,,
3475,100901,negative,high,60.632,367.0,7.0,,7.0,-360.0,True,False,False,,,367.0,,,,,,381.0
3440,100901,positive,low,4.23,450.0,2402.0,2352.0,2402.0,1952.0,True,True,True,450.0,,,,,,,,
3441,100901,positive,low,4.801,,1902.0,1852.0,1902.0,,False,True,False,,,,,,,,,
3442,100901,positive,high,12.638,53.0,1112.0,2865.0,1112.0,1059.0,False,True,True,,53.0,261.0,,323.0,,,,
3443,100901,positive,high,20.678,253.0,1002.0,,1002.0,749.0,True,True,True,,253.0,,,,,,,
3444,100901,positive,high,24.586,227.0,100.0,,100.0,-127.0,True,False,False,227.0,,,,,,,,
3445,100901,positive,low,29.973,13.0,301.0,,301.0,288.0,False,False,True,,187.0,219.0,109.0,20.0,98.0,13.0,13.0,
3446,100901,positive,low,29.98,13.0,301.0,,301.0,288.0,False,False,True,,180.0,212.0,,13.0,91.0,13.0,13.0,
3447,100901,positive,low,34.279,,501.9999694824219,1652.0,501.9999694824219,,False,True,False,,,,,,,,,
3448,100901,positive,high,34.869,275.0,102.0,1052.0,102.0,-173.0,True,False,False,275.0,,,,,,,,
3449,100901,positive,low,42.109,362.0,,,,,True,False,False,,,,,,,,,362.0
3450,100901,positive,low,48.323,218.0,,,,,True,False,False,382.0,,,,218.0,,,,235.0
3451,100901,positive,low,50.209,,3415.0,,3415.0,,False,True,False,,,,,,,,,
3452,100901,positive,low,51.785,64.0,2012.0001220703125,,2012.0001220703125,1948.0001220703125,False,True,True,330.0,,64.0,,321.0,,,,
3453,100901,positive,high,52.696,557.0,1313.0,,1313.0,756.0,False,True,True,557.0,,,,,,,,
3454,100901,positive,high,59.699,98.0,,,,,False,False,False,98.0,,,,,,,,
3455,100901,positive,high,59.925,68.0,,,,,False,False,False,68.0,,,,,,,,
3456,100901,positive,low,61.931,,,,,,False,False,False,,,,,,,,,
3457,100901,positive,high,63.254,141.0,,,,,True,False,False,,,141.0,,,,,,349.0
3458,100901,positive,low,65.327,,,,,,False,False,False,,,,,,,,,
3459,100901,positive,low,69.949,197.0,,,,,True,False,False,293.0,378.0,197.0,214.0,364.0,368.0,378.0,378.0,
3460,100901,positive,high,72.0,133.0,,,,,True,False,False,196.0,,,,430.0,,,,133.0
3461,100901,positive,low,96.023,,1805.0,,1805.0,,False,True,False,,,,,,,,,
3502,100907,negative,high,4.863,131.0,2113.0,1459.5001220703125,2113.0,1982.0,True,True,True,248.0,,393.0,131.0,,,,,467.0
3503,100907,negative,high,7.867,10.0,,1167.0,1167.0,1157.0,False,True,True,,,,,,,,,10.0
3504,100907,negative,high,14.213,,,,,,False,False,False,,,,,,,,,
3505,100907,negative,high,14.896,,,,,,False,False,False,,,,,,,,,
3506,100907,negative,high,17.781,22.0,214.0,4692.00048828125,214.0,192.0,False,False,True,277.0,,,,,,,,22.0
3507,100907,negative,low,29.927,69.0,211.0,161.0,211.0,142.0,False,False,True,,,,,,,,,69.0
3508,100907,negative,high,31.115,27.0,3123.0,464.0,3123.0,3096.0,False,True,True,338.0,39.0,27.0,245.0,250.0,,,,
3509,100907,negative,high,35.744,252.0,,3480.5,3480.5,3228.5,True,True,True,421.0,421.0,421.0,421.0,,421.0,421.0,421.0,252.0
3510,100907,negative,high,49.926,,,1059.0,1059.0,,False,True,False,,,,,,,,,
3511,100907,negative,high,59.942,67.0,2524.0,,2524.0,2457.0,False,True,True,409.0,,,,,,,,67.0
3512,100907,negative,high,79.989,98.0,5.0,55.0,5.0,-93.0,False,False,False,357.0,,,357.0,,,,,98.0
3476,100907,positive,low,3.857,542.0,404.0,2855.0,404.0,-138.0,False,False,False,,,,542.0,,,,,
3477,100907,positive,low,3.887,512.0,404.0,2755.0,404.0,-108.0,False,False,False,,,,512.0,,,,,
3478,100907,positive,low,5.037,146.0,1403.0,1653.0,1403.0,1257.0,True,True,True,156.0,,,146.0,235.0,,,,163.0
3479,100907,positive,high,7.074,,1.0,51.000003814697266,1.0,,False,False,False,,,,,,,,,
3480,100907,positive,low,10.073,,3921.0,150.0,3921.0,,False,True,False,,,,,,,,,
3481,100907,positive,high,11.005,,1514.0,362.9999694824219,1514.0,,False,True,False,,,,,,,,,
3482,100907,positive,high,15.041,524.0,7.0,1158.9998779296875,7.0,-517.0,False,False,False,,,,,,,,,524.0
3483,100907,positive,high,35.13,,2907.0,953.0,2907.0,,False,True,False,,,,,,,,,
3484,100907,positive,low,52.199,,,55.5,55.5,,False,False,False,,,,,,,,,
3485,100907,positive,high,58.317,,1104.0,3457.0,1104.0,,False,True,False,,,,,,,,,
3486,100907,positive,low,58.949,,603.0,2856.0,603.0,,False,True,False,,,,,,,,,
3487,100907,positive,high,60.189,209.0,201.0,1654.0,201.0,-8.0,True,False,False,,,,,,,,,209.0
3488,100907,positive,low,61.113,378.0,403.0,653.0,403.0,25.0,True,False,False,378.0,,,,,,,,522.0
3489,100907,positive,low,61.451,40.0,103.0,353.0,103.0,63.0,False,False,False,40.0,,,,,,,,185.0
3490,100907,positive,low,64.991,297.0,,1961.0,1961.0,1664.0,True,True,True,,,,,,,,,297.0
3491,100907,positive,low,65.517,545.0,,1459.0,1459.0,914.0,False,True,True,,,,,,,,,545.0
3492,100907,positive,high,70.109,411.0,,4456.00048828125,4456.00048828125,4045.00048828125,True,True,True,411.0,,,421.0,,,,,
3493,100907,positive,low,70.222,299.0,,4356.0,4356.0,4057.0,True,True,True,299.0,,,308.0,,,,,
3494,100907,positive,low,70.643,356.0,,3856.0,3856.0,3500.0,True,True,True,356.0,,,,,,,,
3495,100907,positive,high,73.312,514.0,703.0,1253.0,703.0,189.0,False,True,True,,,,514.0,,,,,
3496,100907,positive,low,75.356,317.0,905.0,2455.999755859375,905.0,588.0,True,True,True,465.0,,,341.0,317.0,,,,
3497,100907,positive,high,79.579,,,961.0,961.0,,False,True,False,,,,,,,,,
3498,100907,positive,high,86.231,,803.0,1754.0,803.0,,False,True,False,,,,,,,,,
3499,100907,positive,high,92.349,,1015.0,565.0,1015.0,,False,True,False,,,,,,,,,
3500,100907,positive,high,103.953,20.0,501.9999694824219,452.0,501.9999694824219,481.9999694824219,False,True,True,385.0,,,20.0,,,,,
3501,100907,positive,low,106.938,341.0,609.0,,609.0,268.0,True,True,True,341.0,,,,,,,,
3513,100910,negative,high,5.532,38.0,3510.0,3460.0,3510.0,3472.0,False,True,True,,38.0,,,,,,,375.0
3514,100910,negative,high,9.019,,1.0,51.000003814697266,1.0,,False,False,False,,,,,,,,,
3515,100910,negative,high,15.536,79.0,3121.0,2369.0,3121.0,3042.0,False,True,True,79.0,,,412.0,595.0,,,,464.0
3516,100910,negative,high,17.948,10.0,14.0,64.0,14.0,4.0,False,False,False,20.0,143.0,,10.0,221.0,,,,
3517,100910,negative,high,26.442,14.0,4132.0,,4132.0,4118.0,False,True,True,,596.0,,,,14.0,,,
3518,100910,negative,low,30.508,14.0,,,,,False,False,False,14.0,469.0,,211.0,189.0,,,,576.0
3519,100910,negative,high,36.573,111.0,4321.0,4268.0,4321.0,4210.0,True,True,True,,,,111.0,,,,,
3520,100910,negative,low,36.688,361.0,4221.0,4168.0,4221.0,3860.0,True,True,True,,,,361.0,578.0,,,,
3521,100910,negative,high,49.433,,,,,,False,False,False,,,,,,,,,
3522,100910,negative,high,50.613,99.0,2433.0,,2433.0,2334.0,False,True,True,,,,132.0,,,,,99.0
3550,100915,negative,high,5.442,505.0,,51.000003814697266,51.000003814697266,-453.99999618530273,False,False,False,,,518.0,,,536.0,505.0,505.0,
3551,100915,negative,high,13.628,357.0,2517.0,1865.0,2517.0,2160.0,True,True,True,,,,,,,357.0,357.0,
3552,100915,negative,high,15.507,223.0,14.0,64.0,14.0,-209.0,True,False,False,298.0,452.0,,223.0,334.0,,,,
3553,100915,negative,high,26.332,100.0,,250.0,250.0,150.0,True,False,True,,,100.0,,,113.0,,,
3554,100915,negative,low,30.541,,1206.0,656.0,1206.0,,False,True,False,,,,,,,,,
3555,100915,negative,low,30.635,,2410.0,555.0,2410.0,,False,True,False,,,,,,,,,
3556,100915,negative,high,36.118,89.0,2907.0,252.0,2907.0,2818.0,False,True,True,,,268.0,,89.0,,,,
3557,100915,negative,high,36.539,75.0,2305.0,51.999996185302734,2305.0,2230.0,False,True,True,,,75.0,,,,,,
3558,100915,negative,high,50.581,527.0,904.0,154.0,904.0,377.0,False,True,True,,,527.0,,,,,,
3559,100915,negative,high,60.6,10.0,,55.0,55.0,45.0,False,False,False,90.0,10.0,,126.0,10.0,,,,482.0
3560,100915,negative,high,74.244,19.0,1706.0,1655.9998779296875,1706.0,1687.0,False,True,True,,,,,,19.0,122.0,122.0,182.0
3561,100915,negative,high,113.557,445.0,2615.0,2262.0,2615.0,2170.0,True,True,True,,,445.0,461.0,,,,,
3523,100915,positive,high,2.939,,100.0,1450.0,100.0,,False,False,False,,,,,,,,,
3524,100915,positive,low,5.029,158.0,2401.0,350.0000305175781,2401.0,2243.0,True,True,True,,,,,,,364.0,364.0,158.0
3525,100915,positive,low,6.434,49.0,1201.0,,1201.0,1152.0,False,True,True,,,290.0,,49.0,290.0,,,
3526,100915,positive,low,10.063,10.0,,,,,False,False,False,533.0,362.0,66.0,15.0,138.0,10.0,211.0,211.0,
3527,100915,positive,low,10.14,61.0,4910.0,4859.99951171875,4910.0,4849.0,False,True,True,,285.0,142.0,184.0,61.0,171.0,134.0,134.0,
3528,100915,positive,high,11.779,,3210.0,3260.0,3210.0,,False,True,False,,,,,,,,,
3529,100915,positive,low,12.568,155.0,2507.0,2457.0,2507.0,2352.0,True,True,True,,155.0,,,,,,,
3530,100915,positive,low,13.172,50.0,1907.0,1857.0,1907.0,1857.0,False,True,True,,430.0,,,,,,,50.0
3531,100915,positive,high,17.385,,,650.0,650.0,,False,True,False,,,,,,,,,
3532,100915,positive,low,18.603,,4218.0,1551.0,4218.0,,False,True,False,,,,,,,,,
3533,100915,positive,low,18.611,,4218.0,1750.9998779296875,4218.0,,False,True,False,,,,,,,,,
3534,100915,positive,high,20.986,56.0,1818.0,461.0,1818.0,1762.0,False,True,True,56.0,,,,,,,,
3535,100915,positive,high,35.118,10.0,,51.000003814697266,51.000003814697266,41.000003814697266,False,False,False,10.0,55.0,,182.0,578.0,46.0,108.0,108.0,
3536,100915,positive,high,42.048,39.0,3106.0,3056.0,3106.0,3067.0,False,True,True,,,,,,,,,39.0
3537,100915,positive,high,54.443,369.0,1804.0,2454.0,1804.0,1435.0,True,True,True,,,,,,369.0,,,
3538,100915,positive,high,59.889,113.0,,51.5,51.5,-61.5,True,False,False,232.0,,,,113.0,,,,566.0
3539,100915,positive,high,67.022,95.0,404.0,252.99998474121094,404.0,309.0,False,False,True,559.0,364.0,,95.0,95.0,334.0,416.0,416.0,
3540,100915,positive,low,70.074,,1504.0,,1504.0,,False,True,False,,,,,,,,,
3541,100915,positive,low,74.351,122.0,2000.9998779296875,2051.0,2000.9998779296875,1878.9998779296875,True,True,True,,,,,,,122.0,122.0,
3542,100915,positive,high,74.968,485.0,1401.0,1451.0,1401.0,916.0,True,True,True,,,,485.0,,,,,516.0
3543,100915,positive,low,100.314,18.0,1.0,250.99998474121094,1.0,-17.0,False,False,False,,134.0,25.0,153.0,438.0,148.0,18.0,18.0,
3544,100915,positive,low,103.35,,701.0,651.0,701.0,,False,True,False,,,,,,,,,
3545,100915,positive,high,103.538,,501.0,450.9999694824219,501.0,,False,True,False,,,,,,,,,
3546,100915,positive,high,116.639,35.0,2606.0,1356.0,2606.0,2571.0,False,True,True,,,577.0,,,104.0,101.0,101.0,35.0
3547,100915,positive,high,125.735,394.0,,153.0,153.0,-241.0,True,False,False,,,,394.0,405.0,,,,
3548,100915,positive,low,129.836,204.0,3906.0,2356.0,3906.0,3702.0,True,True,True,,,,288.0,,,,,204.0
3549,100915,positive,high,137.609,,2912.0,54.500003814697266,2912.0,,False,True,False,,,,,,,,,
3586,100919,negative,high,5.504,174.0,607.0,1857.0,607.0,433.0,True,True,True,,,550.0,,,537.0,557.0,557.0,174.0
3587,100919,negative,high,12.473,14.0,2006.0,1756.0,2006.0,1992.0,False,True,True,,,14.0,,,,,,14.0
3588,100919,negative,high,15.262,18.0,4014.999755859375,557.9999389648438,4014.999755859375,3996.999755859375,False,True,True,,,295.0,168.0,59.0,,18.0,18.0,288.0
3589,100919,negative,high,19.152,368.0,1.0,51.000003814697266,1.0,-367.0,True,False,False,,,,,368.0,,528.0,528.0,
3590,100919,negative,low,24.174,460.0,1703.0,1153.0,1703.0,1243.0,True,True,True,,,,460.0,,,,,
3591,100919,negative,low,30.429,542.0,2108.0,1957.5,2108.0,1566.0,False,True,True,,,,,,,,,542.0
3592,100919,negative,high,34.413,426.0,1611.0,1360.5,1611.0,1185.0,True,True,True,441.0,426.0,,430.0,,,,,
3593,100919,negative,high,36.022,,8.0,58.000003814697266,8.0,,False,False,False,,,,,,,,,
3594,100919,negative,high,36.435,10.0,1931.0,59.5,1931.0,1921.0,False,True,True,,,,,,,10.0,10.0,
3595,100919,negative,high,47.93,204.0,2613.0,2563.0,2613.0,2409.0,True,True,True,561.0,211.0,394.0,204.0,303.0,,,,
3596,100919,negative,high,50.471,80.0,8.0,58.000003814697266,8.0,-72.0,False,False,False,207.0,231.0,87.0,,,80.0,143.0,143.0,
3597,100919,negative,high,60.489,,2219.0,59.0,2219.0,,False,True,False,,,,,,,,,
3562,100919,positive,high,1.534,,176.0,24.999998092651367,176.0,,False,False,False,,,,,,,,,
3563,100919,positive,low,3.436,72.0,504.0,53.0,504.0,432.0,False,True,True,,505.0,,95.0,72.0,,,,271.0
3564,100919,positive,high,4.225,102.0,1.0,4652.00048828125,1.0,-101.0,True,False,False,344.0,208.0,495.0,,175.0,,,,102.0
3565,100919,positive,low,5.082,383.0,,3852.0,3852.0,3469.0,True,True,True,,,,,,,,,383.0
3566,100919,positive,high,9.157,233.0,2801.0,51.000003814697266,2801.0,2568.0,True,True,True,,,301.0,,,233.0,260.0,260.0,
3567,100919,positive,high,10.115,,,51.000003814697266,51.000003814697266,,False,False,False,,,,,,,,,
3568,100919,positive,low,13.577,,2207.0,2057.000244140625,2207.0,,False,True,False,,,,,,,,,
3569,100919,positive,low,14.066,186.0,1707.0,1556.9998779296875,1707.0,1521.0,True,True,True,,,,186.0,,,,,
3570,100919,positive,high,14.165,88.0,1607.0,1457.0,1607.0,1519.0,False,True,True,,,,88.0,,,,,
3571,100919,positive,high,15.374,,105.0,255.0,105.0,,False,False,False,,,,,,,,,
3572,100919,positive,low,18.186,35.0,1502.0,51.000003814697266,1502.0,1467.0,False,True,True,35.0,107.0,,88.0,60.0,,,,
3573,100919,positive,low,20.276,10.0,,652.0,652.0,642.0,False,True,True,,353.0,,,,10.0,,,
3574,100919,positive,high,35.154,,,,,,False,False,False,,,,,,,,,
3575,100919,positive,low,38.477,270.0,4126.0,4076.000244140625,4126.0,3856.0,True,True,True,,,,,,,,,270.0
3576,100919,positive,high,41.694,48.0,925.0,875.0,925.0,877.0,False,True,True,,,499.0,,538.0,48.0,,,
3577,100919,positive,low,48.559,79.0,,,,,False,False,False,188.0,,181.0,79.0,322.0,213.0,203.0,203.0,
3578,100919,positive,low,50.333,137.0,1000.0,,1000.0,863.0,True,True,True,137.0,,,364.0,448.0,,,,
3579,100919,positive,low,52.032,20.0,1303.0,,1303.0,1283.0,False,True,True,20.0,83.0,,,,,,,
3580,100919,positive,low,57.265,,8.0,58.000003814697266,8.0,,False,False,False,,,,,,,,,
3581,100919,positive,high,60.227,,404.0,252.99998474121094,404.0,,False,False,False,,,,,,,,,
3582,100919,positive,high,61.039,,4.0,54.5,4.0,,False,False,False,,,,,,,,,
3583,100919,positive,high,64.956,,8.0,60.000003814697266,8.0,,False,False,False,,,,,,,,,
3584,100919,positive,high,68.903,95.0,505.0,254.00001525878906,505.0,410.0,False,True,True,121.0,181.0,489.0,172.0,95.0,,,,
3585,100919,positive,low,70.249,322.0,4402.0,51.000003814697266,4402.0,4080.0,True,True,True,,,,,,,,,322.0
3624,100920,negative,high,5.165,23.0,706.0,556.0,706.0,683.0,False,True,True,506.0,23.0,,51.0,,,437.0,437.0,420.0
3625,100920,negative,high,8.192,,3218.0,3168.0,3218.0,,False,True,False,,,,,,,,,
3626,100920,negative,high,9.833,10.0,1515.0,1565.0,1515.0,1505.0,False,True,True,,,,,,,,,10.0
3627,100920,negative,low,12.16,51.0,,,,,False,False,False,79.0,,320.0,51.0,71.0,241.0,,,
3628,100920,negative,high,15.212,172.0,,,,,True,False,False,172.0,,,,,,,,
3629,100920,negative,high,16.699,10.0,,,,,False,False,False,18.0,88.0,43.0,10.0,144.0,168.0,20.0,20.0,
3630,100920,negative,high,27.472,58.0,,,,,False,False,False,,,70.0,,,178.0,95.0,95.0,58.0
3631,100920,negative,low,30.272,75.0,,,,,False,False,False,142.0,,,75.0,198.0,83.0,,,188.0
3632,100920,negative,high,30.296,51.0,,,,,False,False,False,118.0,,,51.0,174.0,59.0,,,164.0
3633,100920,negative,high,36.303,213.0,,,,,True,False,False,481.0,371.0,213.0,274.0,,,,,
3634,100920,negative,high,50.359,102.0,,,,,True,False,False,583.0,102.0,,,,,,,
3635,100920,negative,high,57.305,165.0,3908.0,3858.0,3908.0,3743.0,True,True,True,,,165.0,,,,205.0,205.0,199.0
3636,100920,negative,high,60.394,,804.0,754.0,804.0,,False,True,False,,,,,,,,,
3598,100920,positive,high,1.084,,3318.0,267.0,3318.0,,False,True,False,,,,,,,,,
3599,100920,positive,low,2.424,82.0,2201.0,1150.0001220703125,2201.0,2119.0,False,True,True,82.0,161.0,,96.0,156.0,,,,553.0
3600,100920,positive,low,3.854,41.0,701.0,250.99998474121094,701.0,660.0,False,True,True,,,,41.0,,,,,121.0
3601,100920,positive,low,4.893,257.0,301.0,250.99998474121094,301.0,44.0,True,False,False,,286.0,,,,,275.0,275.0,257.0
3602,100920,positive,low,9.906,121.0,,3457.0,3457.0,3336.0,True,True,True,,,,,,,122.0,122.0,121.0
3603,100920,positive,low,12.21,47.0,1206.0,1155.9998779296875,1206.0,1159.0,False,True,True,,,47.0,,,,,,
3604,100920,positive,low,12.933,432.0,405.0,454.9999694824219,405.0,-27.0,True,False,False,440.0,451.0,432.0,448.0,516.0,,,,
3605,100920,positive,low,14.341,29.0,,3060.0,3060.0,3031.0,False,True,True,39.0,37.0,,29.0,,,574.0,574.0,567.0
3606,100920,positive,high,14.461,17.0,,2960.0,2960.0,2943.0,False,True,True,17.0,,,,,,454.0,454.0,447.0
3607,100920,positive,low,15.447,106.0,,1955.0,1955.0,1849.0,True,True,True,,,106.0,,,,,,
3608,100920,positive,high,16.576,44.0,203.0,853.0,203.0,159.0,False,False,True,303.0,224.0,,44.0,548.0,,64.0,64.0,62.0
3609,100920,positive,high,18.045,109.0,2511.0,,2511.0,2402.0,True,True,True,109.0,,,,485.0,152.0,,,
3610,100920,positive,high,22.569,,1024.0,1074.0,1024.0,,False,True,False,,,,,,,,,
3611,100920,positive,low,25.58,88.0,3.0,53.0,3.0,-85.0,False,False,False,,,88.0,,,,403.0,403.0,399.0
3612,100920,positive,high,28.479,345.0,,51.000003814697266,51.000003814697266,-293.99999618530273,True,False,False,,,345.0,,,358.0,,,484.0
3613,100920,positive,low,30.617,,208.0,58.000003814697266,208.0,,False,False,False,,,,,,,,,
3614,100920,positive,high,35.006,11.0,,1553.0,1553.0,1542.0,False,True,True,11.0,,,,,,,,
3615,100920,positive,low,47.051,26.0,105.0,,105.0,79.0,False,False,False,26.0,,,,,,,,
3616,100920,positive,low,48.67,112.0,3502.0,,3502.0,3390.0,True,True,True,126.0,523.0,421.0,169.0,,,116.0,116.0,112.0
3617,100920,positive,low,52.614,10.0,,,,,False,False,False,,,10.0,,,,,,
3618,100920,positive,low,54.022,35.0,2803.0,,2803.0,2768.0,False,True,True,,,,,,35.0,,,
3619,100920,positive,low,58.351,283.0,1403.0,1352.9998779296875,1403.0,1120.0,True,True,True,,,,283.0,454.0,,,,
3620,100920,positive,high,60.107,15.0,2.0,1451.9998779296875,2.0,-13.0,False,False,False,71.0,32.0,142.0,,25.0,15.0,,,
3621,100920,positive,high,69.154,246.0,,,,,True,False,False,,,,,,,251.0,251.0,246.0
3622,100920,positive,low,70.133,10.0,1201.0,4253.99951171875,1201.0,1191.0,False,True,True,,,,10.0,,,,,
3623,100920,positive,high,78.64,17.0,,,,,False,False,False,269.0,175.0,,17.0,252.0,,,,376.0
3662,100927,negative,high,4.871,,1018.0,,1018.0,,False,True,False,,,,,,,,,
3663,100927,negative,high,7.882,10.0,2509.0,2358.5,2509.0,2499.0,False,True,True,,37.0,,48.0,10.0,,10.0,10.0,
3664,100927,negative,high,14.221,,,856.0,856.0,,False,True,False,,,,,,,,,
3665,100927,negative,high,14.908,28.0,,156.0,156.0,128.0,False,False,True,,43.0,,,28.0,80.0,,,
3666,100927,negative,high,20.567,519.0,711.0,761.0000610351562,711.0,192.0,False,True,True,,,,519.0,,,,,
3667,100927,negative,high,28.479,,1619.0,2468.999755859375,1619.0,,False,True,False,,,,,,,,,
3668,100927,negative,low,29.954,,10.0,960.0000610351562,10.0,,False,False,False,,,,,,,,,
3669,100927,negative,high,34.193,87.0,406.0,,406.0,319.0,False,False,True,513.0,158.0,87.0,121.0,253.0,188.0,424.0,424.0,
3670,100927,negative,high,35.977,,4636.0,,4636.0,,False,True,False,,,,,,,,,
3671,100927,negative,high,48.399,26.0,512.0,,512.0,486.0,False,True,True,,,26.0,,,154.0,,,
3672,100927,negative,high,50.025,,2625.0,,2625.0,,False,True,False,,,,,,,,,
3673,100927,negative,high,60.075,528.0,3516.0,,3516.0,2988.0,False,True,True,,,,,,,528.0,528.0,
3674,100927,negative,high,64.607,,8.0,,8.0,,False,False,False,,,,,,,,,
3637,100927,positive,high,1.725,,,2328.0,2328.0,,False,True,False,,,,,,,,,
3638,100927,positive,high,2.68,10.0,,1451.9998779296875,1451.9998779296875,1441.9998779296875,False,True,True,24.0,10.0,21.0,10.0,10.0,99.0,10.0,10.0,
3639,100927,positive,low,5.068,,,,,,False,False,False,,,,,,,,,
3640,100927,positive,low,10.09,,1206.0,1155.9998779296875,1206.0,,False,True,False,,,,,,,,,
3641,100927,positive,low,14.012,49.0,,1250.9998779296875,1250.9998779296875,1201.9998779296875,False,True,True,98.0,49.0,,224.0,,,,,301.0
3642,100927,positive,high,14.539,337.0,,751.0,751.0,414.0,True,True,True,,,354.0,,,,337.0,337.0,
3643,100927,positive,low,15.39,197.0,1.0,3351.0,1.0,-196.0,True,False,False,,261.0,,,197.0,,,,
3644,100927,positive,low,20.419,67.0,,,,,False,False,False,,116.0,,114.0,,,67.0,67.0,68.0
3645,100927,positive,high,28.062,362.0,,,,,True,False,False,,,,,,,362.0,362.0,
3646,100927,positive,high,35.175,218.0,,,,,True,False,False,,,,,,,,,218.0
3647,100927,positive,low,37.614,,,,,,False,False,False,,,,,,,,,
3648,100927,positive,low,50.557,238.0,,,,,True,False,False,,,,,,,238.0,238.0,
3649,100927,positive,low,53.169,482.0,,,,,True,False,False,,,,,,,,,482.0
3650,100927,positive,low,58.025,279.0,,,,,True,False,False,,279.0,,,,326.0,492.0,492.0,450.0
3651,100927,positive,low,58.037,267.0,,,,,True,False,False,,267.0,,,,314.0,480.0,480.0,438.0
3652,100927,positive,high,60.298,419.0,,,,,True,False,False,,,,,,419.0,,,
3653,100927,positive,high,62.158,,,,,,False,False,False,,,,,,,,,
3654,100927,positive,high,68.934,53.0,,,,,False,False,False,,,,53.0,162.0,,330.0,330.0,
3655,100927,positive,low,70.338,129.0,,,,,True,False,False,,,129.0,,,,,,
3656,100927,positive,low,75.74,146.0,,,,,True,False,False,,,146.0,,,,,,542.0
3657,100927,positive,low,76.561,567.0,,,,,False,False,False,,567.0,,,,,,,
3658,100927,positive,low,82.177,46.0,,,,,False,False,False,,55.0,,,475.0,348.0,46.0,46.0,
3659,100927,positive,high,82.538,114.0,,,,,True,False,False,,,,,114.0,,,,
3660,100927,positive,low,85.204,309.0,,,,,True,False,False,,,,,,309.0,,,
3661,100927,positive,low,85.46,53.0,,,,,False,False,False,,,346.0,,,53.0,,,467.0
3698,100929,negative,high,5.511,233.0,2407.0,2356.999755859375,2407.0,2174.0,True,True,True,,,,,,482.0,276.0,276.0,233.0
3699,100929,negative,high,8.576,,,55.999996185302734,55.999996185302734,,False,False,False,,,,,,,,,
3700,100929,negative,low,11.422,10.0,3032.0,2582.0,3032.0,3022.0,False,True,True,,533.0,10.0,333.0,22.0,16.0,119.0,119.0,162.0
3701,100929,negative,high,15.541,55.0,,1158.0,1158.0,1103.0,False,True,True,319.0,105.0,,,55.0,,,,
3702,100929,negative,low,30.592,91.0,705.0,,705.0,614.0,False,True,True,,91.0,,,,,,,
3703,100929,negative,high,31.94,10.0,3213.0,4465.5,3213.0,3203.0,False,True,True,,,,,,,277.0,277.0,10.0
3704,100929,negative,high,36.6,238.0,4.0,866.0,4.0,-234.0,True,False,False,510.0,458.0,,,238.0,,,,
3705,100929,negative,high,50.665,36.0,,,,,False,False,False,,,,,,,,,36.0
3706,100929,negative,high,60.709,45.0,,,,,False,False,False,496.0,,186.0,,,45.0,,,
3707,100929,negative,high,62.214,384.0,3544.0,3493.0,3544.0,3160.0,True,True,True,,,387.0,,,,384.0,384.0,596.0
3675,100929,positive,high,1.761,,141.0,1094.0,141.0,,False,False,False,,,,,,,,,
3676,100929,positive,high,4.336,211.0,,2455.0,2455.0,2244.0,True,True,True,261.0,,,,286.0,,,,211.0
3677,100929,positive,low,5.058,182.0,4205.0,1750.9998779296875,4205.0,4023.0,True,True,True,,,,,182.0,,,,
3678,100929,positive,high,5.609,480.0,200.0,1150.0001220703125,200.0,-280.0,True,False,False,,,,,,,480.0,480.0,
3679,100929,positive,high,8.304,,102.0,51.999996185302734,102.0,,False,False,False,,,,,,,,,
3680,100929,positive,high,9.124,108.0,103.0,53.0,103.0,-5.0,True,False,False,,,108.0,439.0,,201.0,416.0,416.0,
3681,100929,positive,low,10.08,,905.0,354.0,905.0,,False,True,False,,,,,,,,,
3682,100929,positive,low,10.208,,805.0,53.5,805.0,,False,True,False,,,,,,,,,
3683,100929,positive,high,12.06,163.0,,,,,True,False,False,,,,,163.0,,,,
3684,100929,positive,high,13.242,22.0,1702.0,,1702.0,1680.0,False,True,True,,,492.0,,,,,,22.0
3685,100929,positive,low,13.303,268.0,1602.0,,1602.0,1334.0,True,True,True,,,430.0,,,,,,268.0
3686,100929,positive,high,32.861,10.0,2.0,,2.0,-8.0,False,False,False,593.0,,,,556.0,,,,10.0
3687,100929,positive,high,35.18,21.0,702.0,2653.0,702.0,681.0,False,True,True,,,151.0,,558.0,,21.0,21.0,133.0
3688,100929,positive,high,48.851,15.0,501.9999694824219,,501.9999694824219,486.9999694824219,False,True,True,,94.0,410.0,,,445.0,391.0,391.0,15.0
3689,100929,positive,high,51.856,89.0,100.0,,100.0,11.0,False,False,False,,,89.0,,285.0,,,,
3690,100929,positive,low,55.522,495.0,,,,,True,False,False,,,,,,,,,495.0
3691,100929,positive,high,56.079,575.0,4906.0,,4906.0,4331.0,False,True,True,575.0,,,,,,,,
3692,100929,positive,high,60.28,167.0,2.0,,2.0,-165.0,True,False,False,483.0,,,,167.0,,,,
3693,100929,positive,low,61.146,12.0,1003.9999389648438,,1003.9999389648438,991.9999389648438,False,True,True,,257.0,139.0,12.0,29.0,,270.0,270.0,
3694,100929,positive,low,70.33,103.0,,,,,True,False,False,,,,,,,103.0,103.0,
3695,100929,positive,low,71.52,20.0,,,,,False,False,False,40.0,,20.0,,,,39.0,39.0,
3696,100929,positive,low,79.033,103.0,105.0,,105.0,2.0,True,False,False,,,,,,,107.0,107.0,103.0
3697,100929,positive,low,79.04,96.0,105.0,,105.0,9.0,False,False,False,,,,,,,100.0,100.0,96.0
3726,100933,negative,high,5.521,101.0,,1955.0,1955.0,1854.0,True,True,True,,,101.0,,,,,,
3727,100933,negative,high,8.519,50.0,703.0,553.0,703.0,653.0,False,True,True,,533.0,337.0,66.0,572.0,50.0,562.0,562.0,
3728,100933,negative,high,14.859,269.0,13.0,1773.0,13.0,-256.0,True,False,False,,,,,,486.0,,,269.0
3729,100933,negative,high,15.537,194.0,,1567.5,1567.5,1373.5,True,True,True,,,509.0,,429.0,431.0,,,194.0
3730,100933,negative,high,21.125,10.0,909.0,557.9999389648438,909.0,899.0,False,True,True,,,,10.0,,,476.0,476.0,
3731,100933,negative,low,30.605,,5.0,55.0,5.0,,False,False,False,,,,,,,,,
3732,100933,negative,high,31.306,164.0,109.0,59.0,109.0,-55.0,True,False,False,,,,,,,,,164.0
3733,100933,negative,high,36.63,,1518.0,967.0,1518.0,,False,True,False,,,,,,,,,
3734,100933,negative,high,41.721,381.0,2219.0,962.0,2219.0,1838.0,True,True,True,,,381.0,,,,,,
3735,100933,negative,high,50.674,,,159.00001525878906,159.00001525878906,,False,False,False,,,,,,,,,
3736,100933,negative,high,59.267,63.0,,60.0,60.0,-3.0,False,False,False,,,63.0,,,,,,
3737,100933,negative,high,60.735,137.0,709.0,156.0,709.0,572.0,True,True,True,,,385.0,144.0,137.0,,,,
3708,100933,positive,high,2.003,,,57.0,57.0,,False,False,False,,,,,,,,,
3709,100933,positive,low,4.864,218.0,1002.0,752.0,1002.0,784.0,True,True,True,,,,,,287.0,,,218.0
3710,100933,positive,high,7.048,12.0,,3652.0,3652.0,3640.0,False,True,True,,,352.0,,12.0,,,,
3711,100933,positive,low,9.856,182.0,800.0,850.0,800.0,618.0,True,True,True,,,345.0,,,280.0,,,182.0
3712,100933,positive,low,9.886,152.0,800.0,850.0,800.0,648.0,True,True,True,,,315.0,,,250.0,,,152.0
3713,100933,positive,low,20.017,348.0,1.0,,1.0,-347.0,True,False,False,,,348.0,,,422.0,,,
3714,100933,positive,low,20.021,344.0,1.0,51.000003814697266,1.0,-343.0,True,False,False,,,344.0,,,418.0,,,
3715,100933,positive,high,28.259,310.0,,,,,True,False,False,,,310.0,,,,,,
3716,100933,positive,high,34.982,22.0,1304.0,1254.0,1304.0,1282.0,False,True,True,157.0,,,350.0,,,,,22.0
3717,100933,positive,high,43.664,24.0,501.9999694824219,452.0,501.9999694824219,477.9999694824219,False,True,True,24.0,,,,,,,,
3718,100933,positive,high,60.109,57.0,1010.0,54.0,1010.0,953.0,False,True,True,154.0,,57.0,145.0,384.0,,,,
3719,100933,positive,low,70.146,194.0,2.0,51.999996185302734,2.0,-192.0,True,False,False,,,,469.0,194.0,,,,
3720,100933,positive,high,86.84,242.0,,250.99998474121094,250.99998474121094,8.999984741210938,True,False,False,,,265.0,,242.0,442.0,,,
3721,100933,positive,high,91.252,202.0,,152.00001525878906,152.00001525878906,-49.99998474121094,True,False,False,,,593.0,,,,,,202.0
3722,100933,positive,low,91.621,214.0,,,,,True,False,False,,,224.0,,214.0,,,,
3723,100933,positive,low,95.265,186.0,3409.0,4161.00048828125,3409.0,3223.0,True,True,True,,,,186.0,,432.0,,,
3724,100933,positive,low,100.137,186.0,,1757.9998779296875,1757.9998779296875,1571.9998779296875,True,True,True,,,,279.0,,,,,186.0
3725,100933,positive,low,100.642,27.0,,1257.9998779296875,1257.9998779296875,1230.9998779296875,False,True,True,,,,27.0,,,,,
3757,100936,negative,high,5.512,12.0,104.0,53.5,104.0,92.0,False,False,False,330.0,223.0,,226.0,12.0,337.0,427.0,427.0,426.0
3758,100936,negative,high,8.52,595.0,3028.0,60.0,3028.0,2433.0,False,True,True,,,,,,,597.0,597.0,595.0
3759,100936,negative,high,11.594,15.0,14.0,166.5,14.0,-1.0,False,False,False,15.0,,107.0,378.0,384.0,,135.0,135.0,128.0
3760,100936,negative,high,15.539,10.0,1520.0,867.0,1520.0,1510.0,False,True,True,10.0,441.0,,450.0,40.0,,,,
3761,100936,negative,high,17.308,32.0,,57.0,57.0,25.0,False,False,False,,,385.0,,32.0,550.0,,,
3762,100936,negative,low,24.725,131.0,409.0,2568.999755859375,409.0,278.0,True,False,True,,,418.0,,,417.0,152.0,152.0,131.0
3763,100936,negative,high,26.042,251.0,1110.0,1263.0,1110.0,859.0,True,True,True,,,251.0,,,563.0,,,
3764,100936,negative,low,30.604,139.0,,2167.0,2167.0,2028.0,True,True,True,,185.0,280.0,139.0,,299.0,,,
3765,100936,negative,high,36.62,364.0,1513.0,961.5,1513.0,1149.0,True,True,True,364.0,,,,,,,,
3766,100936,negative,high,45.805,292.0,707.0,556.0,707.0,415.0,True,True,True,429.0,,320.0,,,387.0,300.0,300.0,292.0
3767,100936,negative,high,50.684,114.0,509.0,258.4999694824219,509.0,395.0,True,True,True,191.0,114.0,,,,,207.0,207.0,194.0
3768,100936,negative,high,60.72,,907.0,,907.0,,False,True,False,,,,,,,,,
3738,100936,positive,low,4.884,529.0,,,,,False,False,False,,,,,,,,,529.0
3739,100936,positive,high,4.968,443.0,,,,,True,False,False,,,,,,,,,443.0
3740,100936,positive,low,7.0,,,,,,False,False,False,,,,,,,,,
3741,100936,positive,low,9.898,10.0,,,,,False,False,False,11.0,10.0,,17.0,63.0,,,,
3742,100936,positive,high,11.901,201.0,,,,,True,False,False,201.0,,,,,429.0,,,
3743,100936,positive,low,17.652,,100.0,150.0,100.0,,False,False,False,,,,,,,,,
3744,100936,positive,low,17.659,,100.0,150.0,100.0,,False,False,False,,,,,,,,,
3745,100936,positive,high,21.34,13.0,,,,,False,False,False,,,,,17.0,,13.0,13.0,
3746,100936,positive,low,32.605,453.0,1001.0000610351562,351.0,1001.0000610351562,548.0000610351562,True,True,True,,,,,,,465.0,465.0,453.0
3747,100936,positive,high,34.994,73.0,4606.0,951.0000610351562,4606.0,4533.0,False,True,True,,,,,,,79.0,79.0,73.0
3748,100936,positive,high,45.901,10.0,3622.0,,3622.0,3612.0,False,True,True,183.0,,,,,,311.0,311.0,10.0
3749,100936,positive,high,52.834,127.0,,,,,True,False,False,127.0,292.0,,455.0,,,472.0,472.0,444.0
3750,100936,positive,low,55.69,328.0,402.0,,402.0,74.0,True,False,False,,,328.0,,,,,,
3751,100936,positive,high,60.097,10.0,603.0,553.0,603.0,593.0,False,True,True,,527.0,,,,,15.0,15.0,10.0
3752,100936,positive,low,70.139,579.0,,,,,False,False,False,,,,,,,580.0,580.0,579.0
3753,100936,positive,low,73.428,74.0,,,,,False,False,False,,,,,,,,,74.0
3754,100936,positive,high,73.503,10.0,,,,,False,False,False,479.0,,,,,,,,10.0
3755,100936,positive,high,75.934,,4110.0,4160.0,4110.0,,False,True,False,,,,,,,,,
3756,100936,positive,high,88.805,,2.0,51.999996185302734,2.0,,False,False,False,,,,,,,,,
3785,100941,negative,high,4.879,61.0,3513.0,3263.0,3513.0,3452.0,False,True,True,230.0,72.0,61.0,94.0,338.0,,62.0,62.0,536.0
3786,100941,negative,low,10.526,187.0,208.0,58.000003814697266,208.0,21.0,True,False,False,,,335.0,,,,215.0,215.0,187.0
3787,100941,negative,high,14.915,127.0,203.0,153.0,203.0,76.0,True,False,False,,,127.0,,,,,,
3788,100941,negative,high,15.42,10.0,3.0,,3.0,-7.0,False,False,False,,590.0,10.0,,,,,,
3789,100941,negative,high,21.609,,3418.0,3067.0,3418.0,,False,True,False,,,,,,,,,
3790,100941,negative,low,29.967,,6.0,55.999996185302734,6.0,,False,False,False,,,,,,,,,
3791,100941,negative,high,30.245,344.0,2734.0,2684.0,2734.0,2390.0,True,True,True,344.0,,,,,472.0,,,
3792,100941,negative,high,35.998,211.0,301.0,,301.0,90.0,True,False,False,,211.0,,,,,,,
3793,100941,negative,high,43.083,421.0,,,,,True,False,False,,,,,,,421.0,421.0,
3794,100941,negative,high,50.047,264.0,,62.000003814697266,62.000003814697266,-201.99999618530273,True,False,False,454.0,501.0,,264.0,,271.0,,,424.0
3795,100941,negative,high,60.091,,,,,,False,False,False,,,,,,,,,
3769,100941,positive,high,2.938,,505.0,454.9999694824219,505.0,,False,True,False,,,,,,,,,
3770,100941,positive,low,5.137,31.0,,150.0,150.0,119.0,False,False,True,,,394.0,478.0,588.0,425.0,476.0,476.0,31.0
3771,100941,positive,low,8.255,10.0,,,,,False,False,False,,10.0,,,,,,,
3772,100941,positive,low,8.275,,,,,,False,False,False,,,,,,,,,
3773,100941,positive,low,10.16,79.0,1207.0,,1207.0,1128.0,False,True,True,79.0,,,208.0,222.0,,101.0,101.0,140.0
3774,100941,positive,high,15.063,,113.0,3572.0,113.0,,False,False,False,,,,,,,,,
3775,100941,positive,high,29.529,,1810.0,1560.0,1810.0,,False,True,False,,,,,,,,,
3776,100941,positive,high,35.253,84.0,,50.0,50.0,-34.0,False,False,False,,,,,84.0,,,,
3777,100941,positive,low,47.258,299.0,,,,,True,False,False,,,299.0,,,,,,
3778,100941,positive,high,50.55,10.0,704.0,3054.0,704.0,694.0,False,True,True,,,10.0,426.0,285.0,51.0,,,
3779,100941,positive,high,58.442,248.0,1005.0,,1005.0,757.0,True,True,True,,,,,248.0,,,,
3780,100941,positive,high,60.376,10.0,1105.0,,1105.0,1095.0,False,True,True,574.0,38.0,10.0,32.0,13.0,10.0,15.0,15.0,60.0
3781,100941,positive,high,66.68,167.0,1400.0,1450.0,1400.0,1233.0,True,True,True,486.0,,205.0,508.0,419.0,167.0,,,437.0
3782,100941,positive,low,68.608,27.0,100.0,350.0000305175781,100.0,73.0,False,False,False,352.0,98.0,221.0,27.0,,,,,
3783,100941,positive,low,70.431,67.0,,,,,False,False,False,,,,,174.0,,,,67.0
3784,100941,positive,low,72.178,315.0,,,,,True,False,False,,,,,,,,,315.0
3816,100946,negative,high,5.518,,6.0,56.5,6.0,,False,False,False,,,,,,,,,
3817,100946,negative,high,11.42,383.0,1612.0,1260.0,1612.0,1229.0,True,True,True,,,,383.0,,,,,
3818,100946,negative,high,15.56,65.0,1216.0,60.0,1216.0,1151.0,False,True,True,,,,,,,,,65.0
3819,100946,negative,high,17.577,141.0,2325.0,2075.0,2325.0,2184.0,True,True,True,141.0,,,,,,,,
3820,100946,negative,high,23.818,25.0,209.0,57.0,209.0,184.0,False,False,True,,390.0,25.0,,229.0,352.0,,,
3821,100946,negative,low,30.609,10.0,,,,,False,False,False,10.0,,,83.0,,,,,
3822,100946,negative,high,32.445,12.0,3928.0,,3928.0,3916.0,False,True,True,12.0,,197.0,,,,,,386.0
3823,100946,negative,high,36.487,169.0,10.0,4493.0,10.0,-159.0,True,False,False,,169.0,,,241.0,572.0,,,
3824,100946,negative,high,36.517,139.0,10.0,4493.0,10.0,-129.0,True,False,False,,139.0,,,211.0,542.0,,,
3825,100946,negative,high,50.677,303.0,,,,,True,False,False,,461.0,,,390.0,303.0,,,
3826,100946,negative,high,60.722,132.0,,52.0,52.0,-80.0,True,False,False,,,,,132.0,,,,
3827,100946,negative,high,66.372,,4719.0,4769.0,4719.0,,False,True,False,,,,,,,,,
3796,100946,positive,low,4.908,33.0,2000.9998779296875,1851.0001220703125,2000.9998779296875,1967.9998779296875,False,True,True,33.0,,,564.0,,,40.0,40.0,
3797,100946,positive,low,5.231,233.0,1701.0,1451.0,1701.0,1468.0,True,True,True,233.0,,,242.0,439.0,,474.0,474.0,
3798,100946,positive,high,7.015,253.0,1.0,351.5,1.0,-252.0,True,False,False,,,253.0,383.0,,322.0,,,
3799,100946,positive,low,9.929,237.0,,3653.0,3653.0,3416.0,True,True,True,257.0,271.0,,,237.0,259.0,293.0,293.0,
3800,100946,positive,low,16.342,140.0,3503.0,3453.0,3503.0,3363.0,True,True,True,246.0,,490.0,,,140.0,153.0,153.0,
3801,100946,positive,high,16.809,22.0,3003.0,2953.0,3003.0,2981.0,False,True,True,,,22.0,,,,,,
3802,100946,positive,low,16.841,,3003.0,2953.0,3003.0,,False,True,False,,,,,,,,,
3803,100946,positive,low,21.822,149.0,501.9999694824219,51.999996185302734,501.9999694824219,352.9999694824219,True,True,True,149.0,,,,,,,,
3804,100946,positive,low,26.813,112.0,1101.0,1051.0,1101.0,989.0,True,True,True,288.0,,,564.0,586.0,112.0,,,
3805,100946,positive,low,30.81,10.0,3505.0,250.0,3505.0,3495.0,False,True,True,279.0,121.0,323.0,169.0,150.0,118.0,10.0,10.0,
3806,100946,positive,low,32.158,,603.0,153.0,603.0,,False,True,False,,,,,,,,,
3807,100946,positive,high,34.98,70.0,1003.0,953.0,1003.0,933.0,False,True,True,70.0,,,,,,,,316.0
3808,100946,positive,low,36.283,90.0,,51.5,51.5,-38.5,False,False,False,,,,90.0,,,,,
3809,100946,positive,low,41.304,288.0,,153.0,153.0,-135.0,True,False,False,288.0,,543.0,442.0,,,,,
3810,100946,positive,high,42.922,20.0,1302.0,450.9999694824219,1302.0,1282.0,False,True,True,,,,,,597.0,20.0,20.0,
3811,100946,positive,high,44.392,144.0,,1153.0,1153.0,1009.0,True,True,True,411.0,196.0,144.0,201.0,241.0,258.0,,,
3812,100946,positive,high,60.123,233.0,401.0,450.9999694824219,401.0,168.0,True,False,True,479.0,,,,,,233.0,233.0,
3813,100946,positive,low,70.169,,,,,,False,False,False,,,,,,,,,
3814,100946,positive,high,70.473,,,157.0,157.0,,False,False,False,,,,,,,,,
3815,100946,positive,high,82.306,477.0,602.0,1656.5,602.0,125.0,True,True,True,,477.0,,,,,,,
3853,100948,negative,high,5.136,587.0,312.0,262.0,312.0,-275.0,False,False,False,,600.0,,,,,599.0,599.0,587.0
3854,100948,negative,high,9.555,77.0,2527.0,153.0,2527.0,2450.0,False,True,True,,,,,,77.0,,,
3855,100948,negative,high,12.446,50.0,3234.0,271.0,3234.0,3184.0,False,True,True,,,,,397.0,50.0,,,
3856,100948,negative,high,15.141,93.0,404.0,254.00001525878906,404.0,311.0,False,False,True,,,229.0,93.0,370.0,186.0,,,
3857,100948,negative,high,19.217,154.0,2112.0,1962.0,2112.0,1958.0,True,True,True,,430.0,,,154.0,,,,
3858,100948,negative,high,26.742,181.0,2528.0,4092.499755859375,2528.0,2347.0,True,True,True,,,,,,,183.0,183.0,181.0
3859,100948,negative,low,30.235,26.0,12.0,567.5,12.0,-14.0,False,False,False,,26.0,,144.0,315.0,,257.0,257.0,153.0
3860,100948,negative,high,30.872,257.0,16.0,67.0,16.0,-241.0,True,False,False,,,,,,,257.0,257.0,257.0
3861,100948,negative,high,33.066,37.0,,,,,False,False,False,,,,571.0,340.0,,37.0,37.0,37.0
3862,100948,negative,high,36.228,161.0,4842.0,,4842.0,4681.0,True,True,True,,,,,,,167.0,167.0,161.0
3863,100948,negative,high,50.276,11.0,2411.0,,2411.0,2400.0,False,True,True,180.0,,121.0,,11.0,29.0,,,
3864,100948,negative,high,60.295,263.0,,1262.0,1262.0,999.0,True,True,True,,,,,,,271.0,271.0,263.0
3865,100948,negative,low,60.966,237.0,2716.0,560.0,2716.0,2479.0,True,True,True,,,,,,237.0,508.0,508.0,505.0
3828,100948,positive,high,1.166,365.0,1638.0,1588.0,1638.0,1273.0,True,True,True,,,,,,,,,365.0
3829,100948,positive,low,2.009,,804.0,754.0,804.0,,False,True,False,,,,,,,,,
3830,100948,positive,low,4.803,10.0,103.0,252.99998474121094,103.0,93.0,False,False,False,462.0,54.0,,36.0,572.0,,10.0,10.0,10.0
3831,100948,positive,low,5.398,10.0,704.0,4057.000244140625,704.0,694.0,False,True,True,,,,10.0,10.0,89.0,,,
3832,100948,positive,low,7.626,213.0,302.0,1152.4998779296875,302.0,89.0,True,False,False,213.0,348.0,,,287.0,,265.0,265.0,257.0
3833,100948,positive,low,7.634,205.0,302.0,1152.4998779296875,302.0,97.0,True,False,False,205.0,340.0,,,279.0,,257.0,257.0,249.0
3834,100948,positive,high,8.951,232.0,202.0,553.0,202.0,-30.0,True,False,False,,,,232.0,,,,,
3835,100948,positive,low,9.756,63.0,4319.0,53.5,4319.0,4256.0,False,True,True,,,63.0,,125.0,123.0,138.0,138.0,206.0
3836,100948,positive,low,10.216,,,161.0,161.0,,False,False,False,,,,,,,,,
3837,100948,positive,low,12.316,12.0,1707.0,1657.0001220703125,1707.0,1695.0,False,True,True,,,12.0,,,22.0,92.0,92.0,
3838,100948,positive,high,15.405,48.0,,50.0,50.0,2.0,False,False,False,,48.0,,104.0,107.0,82.0,192.0,192.0,183.0
3839,100948,positive,low,15.553,35.0,2801.0,951.0000610351562,2801.0,2766.0,False,True,True,,,,,,,44.0,44.0,35.0
3840,100948,positive,high,26.444,16.0,104.0,54.0,104.0,88.0,False,False,False,69.0,16.0,,59.0,,,,,
3841,100948,positive,high,30.953,27.0,,63.0,63.0,36.0,False,False,False,,,170.0,,27.0,274.0,400.0,400.0,399.0
3842,100948,positive,high,34.672,10.0,3314.0,1561.0,3314.0,3304.0,False,True,True,80.0,22.0,72.0,10.0,38.0,56.0,10.0,10.0,10.0
3843,100948,positive,low,50.1,270.0,2706.0,,2706.0,2436.0,True,True,True,,,,,270.0,,,,
3844,100948,positive,low,52.306,20.0,702.0,2753.0,702.0,682.0,False,True,True,,,,,20.0,,481.0,481.0,475.0
3845,100948,positive,low,59.781,111.0,303.0,2355.0,303.0,192.0,True,False,True,,423.0,,111.0,,,,,
3846,100948,positive,high,59.908,34.0,203.0,2255.0,203.0,169.0,False,False,True,,296.0,,34.0,,,,,
3847,100948,positive,low,69.943,22.0,4.0,,4.0,-18.0,False,False,False,,103.0,418.0,118.0,,,,,22.0
3848,100948,positive,low,71.124,572.0,,,,,False,False,False,,,,572.0,,,,,
3849,100948,positive,high,71.786,173.0,,,,,True,False,False,,,182.0,,,173.0,196.0,196.0,311.0
3850,100948,positive,low,75.584,,2109.0,,2109.0,,False,True,False,,,,,,,,,
3851,100948,positive,low,76.77,117.0,1007.0,,1007.0,890.0,True,True,True,214.0,,566.0,321.0,,,119.0,119.0,117.0
3852,100948,positive,low,79.375,,,,,,False,False,False,,,,,,,,,
3880,100954,negative,high,4.895,43.0,912.0,356.0,912.0,869.0,False,True,True,458.0,415.0,355.0,,454.0,,45.0,45.0,43.0
3881,100954,negative,high,7.9,31.0,2526.0,61.0,2526.0,2495.0,False,True,True,419.0,,381.0,,,437.0,33.0,33.0,31.0
3882,100954,negative,high,14.232,442.0,4119.0,855.0,4119.0,3677.0,True,True,True,,,,,,,,,442.0
3883,100954,negative,high,14.873,169.0,1917.0,255.0,1917.0,1748.0,True,True,True,,,366.0,458.0,,,,,169.0
3884,100954,negative,high,20.37,361.0,6.0,659.0000610351562,6.0,-355.0,True,False,False,,,361.0,,,,,,
3885,100954,negative,high,23.773,308.0,19.0,72.5,19.0,-289.0,True,False,False,557.0,308.0,,367.0,316.0,,381.0,381.0,
3886,100954,negative,low,29.948,557.0,,60.0,60.0,-497.0,False,False,False,,,,,,,,,557.0
3887,100954,negative,high,31.553,52.0,7.0,57.0,7.0,-45.0,False,False,False,80.0,52.0,,175.0,64.0,,303.0,303.0,322.0
3888,100954,negative,high,35.995,111.0,1115.0,562.9999389648438,1115.0,1004.0,True,True,True,395.0,153.0,,127.0,111.0,361.0,,,
3889,100954,negative,high,39.339,562.0,2123.0,1469.5001220703125,2123.0,1561.0,False,True,True,,,562.0,,,,,,
3890,100954,negative,high,50.009,291.0,204.0,51.999996185302734,204.0,-87.0,True,False,False,,,585.0,,,291.0,,,
3891,100954,negative,high,60.077,98.0,4127.0,369.0000305175781,4127.0,4029.0,False,True,True,98.0,,,498.0,,274.0,517.0,517.0,
3892,100954,negative,high,71.498,14.0,1916.0,1562.5,1916.0,1902.0,False,True,True,,,14.0,462.0,,42.0,33.0,33.0,86.0
3866,100954,positive,high,1.769,,,1793.9998779296875,1793.9998779296875,,False,True,False,,,,,,,,,
3867,100954,positive,low,5.061,38.0,,1256.0,1256.0,1218.0,False,True,True,,,373.0,124.0,569.0,,271.0,271.0,38.0
3868,100954,positive,high,6.462,14.0,6.0,59.0,6.0,-8.0,False,False,False,,,316.0,,,209.0,275.0,275.0,14.0
3869,100954,positive,low,9.429,88.0,,758.0,758.0,670.0,False,True,True,,175.0,,,,,114.0,114.0,88.0
3870,100954,positive,low,9.437,80.0,,758.0,758.0,678.0,False,True,True,,167.0,,,,,106.0,106.0,80.0
3871,100954,positive,low,20.704,10.0,201.0,51.000003814697266,201.0,191.0,False,False,True,10.0,,,129.0,116.0,,,,359.0
3872,100954,positive,low,33.793,185.0,1603.0,651.0,1603.0,1418.0,True,True,True,,,292.0,,337.0,185.0,,,243.0
3873,100954,positive,high,35.186,127.0,303.0,252.99998474121094,303.0,176.0,True,False,True,,485.0,,147.0,328.0,,270.0,270.0,127.0
3874,100954,positive,low,38.508,258.0,2108.0,2057.5,2108.0,1850.0,True,True,True,,,258.0,,,353.0,,,
3875,100954,positive,low,51.091,17.0,605.0,555.0,605.0,588.0,False,True,True,,,17.0,,,33.0,,,
3876,100954,positive,high,60.295,275.0,1401.0,51.000003814697266,1401.0,1126.0,True,True,True,,,427.0,,,275.0,,,
3877,100954,positive,low,70.349,26.0,,952.0,952.0,926.0,False,True,True,26.0,,327.0,135.0,,78.0,272.0,272.0,171.0
3878,100954,positive,low,76.555,,1702.0,1652.0,1702.0,,False,True,False,,,,,,,,,
3879,100954,positive,low,80.381,51.0,806.0,655.0,806.0,755.0,False,True,True,,51.0,197.0,418.0,404.0,,,,
3916,100955,negative,high,4.877,58.0,909.0,355.4999694824219,909.0,851.0,False,True,True,436.0,381.0,58.0,455.0,412.0,533.0,253.0,253.0,
3917,100955,negative,high,8.845,113.0,,252.99998474121094,252.99998474121094,139.99998474121094,True,False,True,,,216.0,,,113.0,477.0,477.0,160.0
3918,100955,negative,high,10.448,196.0,3914.0,53.0,3914.0,3718.0,True,True,True,223.0,,,364.0,196.0,,,,536.0
3919,100955,negative,low,10.749,64.0,3613.0,51.999996185302734,3613.0,3549.0,False,True,True,162.0,284.0,,64.0,,,,,235.0
3920,100955,negative,high,14.896,137.0,2017.0,57.5,2017.0,1880.0,True,True,True,137.0,137.0,224.0,188.0,,146.0,325.0,325.0,527.0
3921,100955,negative,high,16.793,12.0,1816.0,61.0,1816.0,1804.0,False,True,True,30.0,18.0,93.0,29.0,20.0,87.0,78.0,78.0,12.0
3922,100955,negative,high,23.476,16.0,,156.0,156.0,140.0,False,False,True,26.0,86.0,,16.0,522.0,,,,17.0
3923,100955,negative,low,29.951,143.0,4313.0,57.0,4313.0,4170.0,True,True,True,,,,,408.0,,,,143.0
3924,100955,negative,high,35.973,70.0,,55.0,55.0,-15.0,False,False,False,,,,70.0,,,,,
3925,100955,negative,high,50.019,69.0,,1262.0001220703125,1262.0001220703125,1193.0001220703125,False,True,True,69.0,,,,429.0,,,,
3926,100955,negative,high,59.18,20.0,708.0,457.0000305175781,708.0,688.0,False,True,True,,,115.0,,,20.0,,,
3927,100955,negative,high,60.045,,6.0,357.0,6.0,,False,False,False,,,,,,,,,
3928,100955,negative,high,66.699,256.0,526.0,73.0,526.0,270.0,True,True,True,,,256.0,,,,411.0,411.0,
3893,100955,positive,high,1.867,,3146.0,3096.0,3146.0,,False,True,False,,,,,,,,,
3894,100955,positive,high,4.992,434.0,4602.0,51.000003814697266,4602.0,4168.0,True,True,True,,,,443.0,,,,,434.0
3895,100955,positive,low,5.143,283.0,1.0,51.000003814697266,1.0,-282.0,True,False,False,,,,292.0,592.0,,318.0,318.0,283.0
3896,100955,positive,low,12.831,23.0,2808.0,2758.0,2808.0,2785.0,False,True,True,145.0,532.0,,34.0,136.0,,324.0,324.0,23.0
3897,100955,positive,low,13.328,91.0,2307.0,2257.0,2307.0,2216.0,False,True,True,91.0,,,,,,,,
3898,100955,positive,high,13.365,54.0,2207.0,2157.0,2207.0,2153.0,False,True,True,54.0,,,,,,,,
3899,100955,positive,high,24.782,132.0,605.0,153.0,605.0,473.0,True,True,True,,549.0,,,166.0,,139.0,139.0,132.0
3900,100955,positive,high,35.27,97.0,2108.0,454.9999694824219,2108.0,2011.0,False,True,True,,,,,,,,,97.0
3901,100955,positive,low,36.385,49.0,706.0,53.0,706.0,657.0,False,True,True,128.0,472.0,,49.0,421.0,,,,
3902,100955,positive,low,39.133,19.0,,51.000003814697266,51.000003814697266,32.000003814697266,False,False,False,343.0,,,359.0,341.0,,,,19.0
3903,100955,positive,high,39.615,57.0,4212.0,254.00001525878906,4212.0,4155.0,False,True,True,421.0,460.0,,57.0,,,220.0,220.0,
3904,100955,positive,low,43.945,41.0,4.0,56.0,4.0,-37.0,False,False,False,,,338.0,41.0,,,,,
3905,100955,positive,low,45.338,303.0,4116.0,60.0,4116.0,3813.0,True,True,True,303.0,439.0,,,535.0,,570.0,570.0,423.0
3906,100955,positive,low,50.164,89.0,,254.5,254.5,165.5,False,False,True,,,,,,89.0,,,
3907,100955,positive,low,52.152,131.0,901.0,51.000003814697266,901.0,770.0,True,True,True,,,131.0,,,,,,
3908,100955,positive,high,55.833,163.0,1302.0,1252.0001220703125,1302.0,1139.0,True,True,True,,,,,,,,,163.0
3909,100955,positive,high,60.298,40.0,,59.0,59.0,19.0,False,False,False,106.0,470.0,,119.0,40.0,,,,
3910,100955,positive,low,62.867,32.0,707.0,357.0,707.0,675.0,False,True,True,,229.0,32.0,,,,,,
3911,100955,positive,low,62.889,10.0,707.0,357.0,707.0,697.0,False,True,True,,207.0,10.0,,,,,,
3912,100955,positive,low,70.366,121.0,,55.999996185302734,55.999996185302734,-65.00000381469727,True,False,False,,,,,,595.0,121.0,121.0,211.0
3913,100955,positive,high,72.489,,301.0,151.00001525878906,301.0,,False,False,False,,,,,,,,,
3914,100955,positive,low,74.839,10.0,805.0,153.0,805.0,795.0,False,True,True,579.0,,100.0,194.0,461.0,542.0,24.0,24.0,10.0
3915,100955,positive,high,75.061,65.0,505.0,55.0,505.0,440.0,False,True,True,356.0,,430.0,494.0,239.0,309.0,,,65.0
3955,100957,negative,high,3.012,114.0,2709.0,2559.0,2709.0,2595.0,True,True,True,,,,,,,114.0,114.0,
3956,100957,negative,high,4.766,10.0,703.0,853.0,703.0,693.0,False,True,True,17.0,,,176.0,15.0,,10.0,10.0,10.0
3957,100957,negative,high,12.221,19.0,2115.0,3167.0,2115.0,2096.0,False,True,True,,,,,,19.0,,,
3958,100957,negative,high,14.803,259.0,503.0000305175781,553.0,503.0000305175781,244.00003051757812,True,True,True,262.0,,,263.0,298.0,,260.0,260.0,259.0
3959,100957,negative,low,19.75,,1808.0,757.0,1808.0,,False,True,False,,,,,,,,,
3960,100957,negative,high,26.142,443.0,1718.0,1265.0001220703125,1718.0,1275.0,True,True,True,,,,,,,451.0,451.0,443.0
3961,100957,negative,low,29.862,,121.0,71.0,121.0,,False,False,False,,,,,,,,,
3962,100957,negative,high,35.238,,,155.0,155.0,,False,False,False,,,,,,,,,
3963,100957,negative,high,35.87,244.0,,56.5,56.5,-187.5,True,False,False,,,,418.0,,,250.0,250.0,244.0
3964,100957,negative,high,49.928,,3926.0,862.4999389648438,3926.0,,False,True,False,,,,,,,,,
3965,100957,negative,high,59.972,200.0,,4083.99951171875,4083.99951171875,3883.99951171875,True,True,True,,,,227.0,,394.0,202.0,202.0,200.0
3929,100957,positive,high,1.611,47.0,393.0,342.5,393.0,346.0,False,False,True,,,,,,,,,47.0
3930,100957,positive,high,2.887,108.0,,2054.0,2054.0,1946.0,True,True,True,325.0,,,326.0,515.0,108.0,320.0,320.0,316.0
3931,100957,positive,low,5.142,16.0,1504.0,2355.0,1504.0,1488.0,False,True,True,,163.0,23.0,,,16.0,,,
3932,100957,positive,low,6.242,403.0,3903.0,1252.0001220703125,3903.0,3500.0,True,True,True,,,,,,,403.0,403.0,444.0
3933,100957,positive,low,6.249,396.0,3903.0,1252.0001220703125,3903.0,3507.0,True,True,True,,,,,,,396.0,396.0,437.0
3934,100957,positive,high,7.687,22.0,1601.0,1551.0,1601.0,1579.0,False,True,True,,,,,,,22.0,22.0,517.0
3935,100957,positive,low,9.577,10.0,601.0,151.00001525878906,601.0,591.0,False,True,True,10.0,42.0,40.0,10.0,62.0,420.0,,,
3936,100957,positive,low,10.164,12.0,1.0,51.000003814697266,1.0,-11.0,False,False,False,15.0,480.0,12.0,45.0,501.0,574.0,,,
3937,100957,positive,high,11.76,25.0,3007.0,2457.0,3007.0,2982.0,False,True,True,,,,,,,,,25.0
3938,100957,positive,low,12.114,,2607.0,2157.0,2607.0,,False,True,False,,,,,,,,,
3939,100957,positive,low,12.679,,2007.0,1556.9998779296875,2007.0,,False,True,False,,,,,,,,,
3940,100957,positive,low,17.994,113.0,4608.0,1052.0,4608.0,4495.0,True,True,True,,,,,122.0,113.0,148.0,148.0,
3941,100957,positive,low,33.814,51.0,803.0,553.0,803.0,752.0,False,True,True,557.0,,,547.0,542.0,,530.0,530.0,51.0
3942,100957,positive,high,35.26,12.0,,51.000003814697266,51.000003814697266,39.000003814697266,False,False,False,185.0,,12.0,181.0,380.0,,177.0,177.0,174.0
3943,100957,positive,low,35.275,159.0,,51.000003814697266,51.000003814697266,-107.99999618530273,True,False,False,,,,166.0,365.0,,162.0,162.0,159.0
3944,100957,positive,low,43.582,38.0,2711.0,,2711.0,2673.0,False,True,True,,66.0,,38.0,,198.0,,,
3945,100957,positive,high,47.006,535.0,4715.0,4665.0,4715.0,4180.0,False,True,True,575.0,,,569.0,,535.0,,,
3946,100957,positive,high,51.388,524.0,306.0,255.99998474121094,306.0,-218.0,False,False,False,,,,,559.0,,532.0,532.0,524.0
3947,100957,positive,high,54.302,,4814.0,53.5,4814.0,,False,True,False,,,,,,,,,
3948,100957,positive,high,58.489,33.0,402.0,552.0,402.0,369.0,False,False,True,210.0,48.0,,89.0,245.0,571.0,46.0,46.0,33.0
3949,100957,positive,high,60.386,57.0,901.0,50.0,901.0,844.0,False,True,True,,,,57.0,,,,,
3950,100957,positive,high,61.906,,,662.0,662.0,,False,True,False,,,,,,,,,
3951,100957,positive,low,70.423,242.0,103.0,153.0,103.0,-139.0,True,False,False,,455.0,,242.0,300.0,,,,
3952,100957,positive,high,80.828,32.0,2904.0,452.0,2904.0,2872.0,False,True,True,44.0,,,60.0,,177.0,34.0,34.0,32.0
3953,100957,positive,low,81.302,335.0,2504.0,51.999996185302734,2504.0,2169.0,True,True,True,,,,,,335.0,,,
3954,100957,positive,high,85.963,46.0,,,,,False,False,False,,,,,,,46.0,46.0,
3999,100991,negative,high,5.223,528.0,105.0,55.0,105.0,-423.0,False,False,False,,,,528.0,,,538.0,538.0,
4000,100991,negative,high,8.225,196.0,3821.0,55.0,3821.0,3625.0,True,True,True,,,,,,,,,196.0
4001,100991,negative,low,11.477,71.0,6.0,57.0,6.0,-65.0,False,False,False,,71.0,,,512.0,,,,
4002,100991,negative,high,15.233,10.0,4614.0,3262.0,4614.0,4604.0,False,True,True,,,37.0,,,32.0,10.0,10.0,
4003,100991,negative,high,27.808,16.0,3318.0,1560.0,3318.0,3302.0,False,True,True,229.0,72.0,16.0,236.0,436.0,353.0,548.0,548.0,499.0
4004,100991,negative,low,30.255,83.0,812.0,259.0,812.0,729.0,False,True,True,,83.0,,146.0,,,,,
4005,100991,negative,high,34.694,262.0,,2976.0,2976.0,2714.0,True,True,True,,,597.0,262.0,,,590.0,590.0,
4006,100991,negative,high,36.256,309.0,1620.0,1370.0,1620.0,1311.0,True,True,True,,,,,,,,,309.0
4007,100991,negative,high,50.287,491.0,2424.0,2374.0,2424.0,1933.0,True,True,True,,532.0,,,491.0,,,,
4008,100991,negative,high,56.334,250.0,2204.0,1654.0,2204.0,1954.0,True,True,True,,,250.0,,388.0,,,,
4009,100991,negative,high,60.299,18.0,2325.0,,2325.0,2307.0,False,True,True,,,27.0,,,18.0,48.0,48.0,
4010,100991,negative,high,83.417,69.0,,,,,False,False,False,289.0,,69.0,,,,198.0,198.0,
4011,100991,negative,high,113.356,97.0,316.0,266.0,316.0,219.0,False,False,True,,,,,,,,,97.0
3966,100991,positive,high,1.705,,1099.0,1148.9998779296875,1099.0,,False,True,False,,,,,,,,,
3967,100991,positive,high,3.493,32.0,,53.0,53.0,21.0,False,False,False,60.0,93.0,,,,312.0,,,32.0
3968,100991,positive,low,5.093,20.0,3300.0,2650.0,3300.0,3280.0,False,True,True,,,428.0,,,20.0,,,
3969,100991,positive,low,9.77,32.0,3007.0,250.0,3007.0,2975.0,False,True,True,,,542.0,,,,,,32.0
3970,100991,positive,low,12.081,220.0,,356.0,356.0,136.0,True,False,True,220.0,342.0,,,,,,,
3971,100991,positive,high,12.351,,1307.0,1157.0001220703125,1307.0,,False,True,False,,,,,,,,,
3972,100991,positive,low,12.569,386.0,1107.0,957.0,1107.0,721.0,True,True,True,386.0,509.0,,,,,,,480.0
3973,100991,positive,high,17.577,,1300.0,50.0,1300.0,,False,True,False,,,,,,,,,
3974,100991,positive,low,19.417,10.0,1104.0,152.0,1104.0,1094.0,False,True,True,,12.0,341.0,,,218.0,10.0,10.0,
3975,100991,positive,high,27.748,207.0,701.0,51.000003814697266,701.0,494.0,True,True,True,,207.0,,,,,,,
3976,100991,positive,high,28.605,346.0,,50.0,50.0,-296.0,True,False,False,,346.0,,,,428.0,,,
3977,100991,positive,high,30.061,,1003.0,852.4999389648438,1003.0,,False,True,False,,,,,,,,,
3978,100991,positive,low,34.125,333.0,1207.0,1056.0,1207.0,874.0,True,True,True,423.0,,,463.0,333.0,,,,365.0
3979,100991,positive,low,34.14,318.0,1207.0,1056.0,1207.0,889.0,True,True,True,408.0,,,448.0,318.0,,,,350.0
3980,100991,positive,high,35.011,312.0,105.0,155.0,105.0,-207.0,True,False,False,,591.0,,480.0,,,,,312.0
3981,100991,positive,high,47.157,,2419.0,1168.9998779296875,2419.0,,False,True,False,,,,,,,,,
3982,100991,positive,high,60.069,359.0,,2751.500244140625,2751.500244140625,2392.500244140625,True,True,True,,359.0,,471.0,,,,,
3983,100991,positive,high,66.228,157.0,903.0,753.0,903.0,746.0,True,True,True,,230.0,161.0,,273.0,157.0,549.0,549.0,
3984,100991,positive,low,69.008,,,,,,False,False,False,,,,,,,,,
3985,100991,positive,low,70.082,,1605.0,4259.0,1605.0,,False,True,False,,,,,,,,,
3986,100991,positive,low,75.92,156.0,,53.5,53.5,-102.5,True,False,False,,,156.0,,,449.0,,,
3987,100991,positive,low,78.262,92.0,3404.0,3554.0,3404.0,3312.0,False,True,True,,,169.0,,,260.0,92.0,92.0,
3988,100991,positive,low,80.41,560.0,1401.0,1451.0,1401.0,841.0,False,True,True,,,,560.0,567.0,,,,
3989,100991,positive,low,81.95,161.0,1.0,51.5,1.0,-160.0,True,False,False,,,,161.0,333.0,271.0,,,
3990,100991,positive,low,91.64,,,,,,False,False,False,,,,,,,,,
3991,100991,positive,high,96.95,,4.0,54.5,4.0,,False,False,False,,,,,,,,,
3992,100991,positive,high,102.681,,1800.0,50.0,1800.0,,False,True,False,,,,,,,,,
3993,100991,positive,high,109.427,,2906.0,255.0,2906.0,,False,True,False,,,,,,,,,
3994,100991,positive,high,110.501,220.0,1806.0,1756.0,1806.0,1586.0,True,True,True,,,345.0,,220.0,378.0,,,
3995,100991,positive,high,116.63,36.0,3816.0,3766.0,3816.0,3780.0,False,True,True,,,,36.0,,,,,316.0
3996,100991,positive,high,123.849,10.0,3614.0,3564.000244140625,3614.0,3604.0,False,True,True,226.0,,10.0,,,10.0,40.0,40.0,101.0
3997,100991,positive,low,141.606,203.0,,,,,True,False,False,,,,,,,203.0,203.0,
3998,100991,positive,low,144.735,61.0,4410.0,4460.0,4410.0,4349.0,False,True,True,441.0,,182.0,,,385.0,,,61.0
